id,timestamp,MaxxTurn45_Coolant_Power_Active_B
i1,2023-04-28 15:00:12.771,290.7278137207031
i1,2023-04-28 15:00:12.869,289.2595520019531
i1,2023-04-28 15:00:12.972,289.2595520019531
i1,2023-04-28 15:00:13.076,287.4241943359375
i1,2023-04-28 15:00:13.177,287.4241943359375
i1,2023-04-28 15:00:13.278,287.4241943359375
i1,2023-04-28 15:00:13.381,272.6256103515625
i1,2023-04-28 15:00:13.485,281.1836242675781
i1,2023-04-28 15:00:13.586,281.1836242675781
i1,2023-04-28 15:00:13.687,262.584228515625
i1,2023-04-28 15:00:13.789,262.584228515625
i1,2023-04-28 15:00:13.889,220.98233032226562
i1,2023-04-28 15:00:13.992,220.98233032226562
i1,2023-04-28 15:00:14.094,152.0613555908203
i1,2023-04-28 15:00:14.198,152.0613555908203
i1,2023-04-28 15:00:14.299,128.75314331054688
i1,2023-04-28 15:00:14.403,128.75314331054688
i1,2023-04-28 15:00:14.502,102.92845153808594
i1,2023-04-28 15:00:14.606,102.92845153808594
i1,2023-04-28 15:00:14.706,102.55943298339844
i1,2023-04-28 15:00:14.817,102.55943298339844
i1,2023-04-28 15:00:14.912,102.46683502197266
i1,2023-04-28 15:00:15.011,102.46683502197266
i1,2023-04-28 15:00:15.113,102.4887466430664
i1,2023-04-28 15:00:15.215,102.4887466430664
i1,2023-04-28 15:00:15.317,102.4887466430664
i1,2023-04-28 15:00:15.422,102.51437377929688
i1,2023-04-28 15:00:15.528,102.61100006103516
i1,2023-04-28 15:00:15.629,102.61100006103516
i1,2023-04-28 15:00:15.729,102.2444839477539
i1,2023-04-28 15:00:15.822,102.2444839477539
i1,2023-04-28 15:00:15.926,102.24455261230469
i1,2023-04-28 15:00:16.025,102.24455261230469
i1,2023-04-28 15:00:16.135,102.24459838867188
i1,2023-04-28 15:00:16.245,102.24464416503906
i1,2023-04-28 15:00:16.348,102.24464416503906
i1,2023-04-28 15:00:16.450,102.6112060546875
i1,2023-04-28 15:00:16.539,102.6112060546875
i1,2023-04-28 15:00:16.647,102.33516693115234
i1,2023-04-28 15:00:16.745,102.33516693115234
i1,2023-04-28 15:00:16.857,102.6111831665039
i1,2023-04-28 15:00:16.957,102.6111831665039
i1,2023-04-28 15:00:17.056,102.42779541015625
i1,2023-04-28 15:00:17.153,102.42779541015625
i1,2023-04-28 15:00:17.261,102.42779541015625
i1,2023-04-28 15:00:17.371,102.3252944946289
i1,2023-04-28 15:00:17.468,102.55966186523438
i1,2023-04-28 15:00:17.563,102.55966186523438
i1,2023-04-28 15:00:17.666,102.92852020263672
i1,2023-04-28 15:00:17.770,102.92852020263672
i1,2023-04-28 15:00:17.868,102.55963897705078
i1,2023-04-28 15:00:17.972,102.55963897705078
i1,2023-04-28 15:00:18.077,102.92865753173828
i1,2023-04-28 15:00:18.176,102.92865753173828
i1,2023-04-28 15:00:18.278,102.55966186523438
i1,2023-04-28 15:00:18.387,102.55966186523438
i1,2023-04-28 15:00:18.481,102.78187561035156
i1,2023-04-28 15:00:18.586,102.78187561035156
i1,2023-04-28 15:00:18.689,102.78196716308594
i1,2023-04-28 15:00:18.790,102.78196716308594
i1,2023-04-28 15:00:18.895,103.14889526367188
i1,2023-04-28 15:00:18.996,103.14889526367188
i1,2023-04-28 15:00:19.098,103.51082611083984
i1,2023-04-28 15:00:19.197,103.51082611083984
i1,2023-04-28 15:00:19.310,103.66644287109375
i1,2023-04-28 15:00:19.405,103.66644287109375
i1,2023-04-28 15:00:19.502,103.51603698730469
i1,2023-04-28 15:00:19.604,103.51603698730469
i1,2023-04-28 15:00:19.706,103.88312530517578
i1,2023-04-28 15:00:19.810,103.88312530517578
i1,2023-04-28 15:00:19.913,103.88312530517578
i1,2023-04-28 15:00:20.016,103.88312530517578
i1,2023-04-28 15:00:20.122,103.88314819335938
i1,2023-04-28 15:00:20.217,103.88314819335938
i1,2023-04-28 15:00:20.310,104.03543090820312
i1,2023-04-28 15:00:20.415,104.03543090820312
i1,2023-04-28 15:00:20.521,104.03536224365234
i1,2023-04-28 15:00:20.625,104.03536224365234
i1,2023-04-28 15:00:20.732,103.66641998291016
i1,2023-04-28 15:00:20.830,103.66641998291016
i1,2023-04-28 15:00:20.931,103.66641998291016
i1,2023-04-28 15:00:21.031,103.66641998291016
i1,2023-04-28 15:00:21.137,103.66637420654297
i1,2023-04-28 15:00:21.234,103.66637420654297
i1,2023-04-28 15:00:21.336,103.71060943603516
i1,2023-04-28 15:00:21.445,103.71060943603516
i1,2023-04-28 15:00:21.544,103.71067810058594
i1,2023-04-28 15:00:21.641,103.71067810058594
i1,2023-04-28 15:00:21.746,103.71056365966797
i1,2023-04-28 15:00:21.848,103.71056365966797
i1,2023-04-28 15:00:21.948,104.07705688476562
i1,2023-04-28 15:00:22.059,104.07705688476562
i1,2023-04-28 15:00:22.156,104.07705688476562
i1,2023-04-28 15:00:22.253,104.07705688476562
i1,2023-04-28 15:00:22.369,104.07705688476562
i1,2023-04-28 15:00:22.466,104.44357299804688
i1,2023-04-28 15:00:22.562,104.44357299804688
i1,2023-04-28 15:00:22.665,107.00886535644531
i1,2023-04-28 15:00:22.771,107.00886535644531
i1,2023-04-28 15:00:22.868,145.1221160888672
i1,2023-04-28 15:00:22.969,145.1221160888672
i1,2023-04-28 15:00:23.076,190.56480407714844
i1,2023-04-28 15:00:23.176,190.56480407714844
i1,2023-04-28 15:00:23.278,234.7055206298828
i1,2023-04-28 15:00:23.398,234.7055206298828
i1,2023-04-28 15:00:23.486,281.11932373046875
i1,2023-04-28 15:00:23.585,281.11932373046875
i1,2023-04-28 15:00:23.684,291.818115234375
i1,2023-04-28 15:00:23.787,291.818115234375
i1,2023-04-28 15:00:23.888,291.4491882324219
i1,2023-04-28 15:00:23.990,291.4491882324219
i1,2023-04-28 15:00:24.092,302.5145263671875
i1,2023-04-28 15:00:24.194,302.5145263671875
i1,2023-04-28 15:00:24.293,291.0805358886719
i1,2023-04-28 15:00:24.396,291.0805358886719
i1,2023-04-28 15:00:24.498,287.0578918457031
i1,2023-04-28 15:00:24.597,287.0578918457031
i1,2023-04-28 15:00:24.700,248.51412963867188
i1,2023-04-28 15:00:24.803,248.51412963867188
i1,2023-04-28 15:00:24.905,202.9957733154297
i1,2023-04-28 15:00:25.007,202.9957733154297
i1,2023-04-28 15:00:25.112,160.04681396484375
i1,2023-04-28 15:00:25.216,160.04681396484375
i1,2023-04-28 15:00:25.327,160.04681396484375
i1,2023-04-28 15:00:25.417,112.13595581054688
i1,2023-04-28 15:00:25.517,102.04764556884766
i1,2023-04-28 15:00:25.621,102.04764556884766
i1,2023-04-28 15:00:25.724,102.41472625732422
i1,2023-04-28 15:00:25.822,102.41472625732422
i1,2023-04-28 15:00:25.925,102.41474914550781
i1,2023-04-28 15:00:26.030,102.41474914550781
i1,2023-04-28 15:00:26.132,102.04766845703125
i1,2023-04-28 15:00:26.233,102.04766845703125
i1,2023-04-28 15:00:26.333,102.04766845703125
i1,2023-04-28 15:00:26.435,102.46527099609375
i1,2023-04-28 15:00:26.537,102.55963897705078
i1,2023-04-28 15:00:26.641,102.55963897705078
i1,2023-04-28 15:00:26.741,102.55968475341797
i1,2023-04-28 15:00:26.846,102.55968475341797
i1,2023-04-28 15:00:26.952,102.55973052978516
i1,2023-04-28 15:00:27.051,102.55973052978516
i1,2023-04-28 15:00:27.155,102.88312530517578
i1,2023-04-28 15:00:27.256,102.88312530517578
i1,2023-04-28 15:00:27.359,102.70601654052734
i1,2023-04-28 15:00:27.459,102.70601654052734
i1,2023-04-28 15:00:27.561,102.24473571777344
i1,2023-04-28 15:00:27.667,102.70601654052734
i1,2023-04-28 15:00:27.761,102.70601654052734
i1,2023-04-28 15:00:27.866,102.70601654052734
i1,2023-04-28 15:00:27.977,102.6112289428711
i1,2023-04-28 15:00:28.068,102.6112289428711
i1,2023-04-28 15:00:28.172,102.71979522705078
i1,2023-04-28 15:00:28.281,102.61125183105469
i1,2023-04-28 15:00:28.388,102.61125183105469
i1,2023-04-28 15:00:28.483,102.61116027832031
i1,2023-04-28 15:00:28.581,102.61116027832031
i1,2023-04-28 15:00:28.683,102.61125183105469
i1,2023-04-28 15:00:28.789,102.61125183105469
i1,2023-04-28 15:00:28.891,102.24475860595703
i1,2023-04-28 15:00:28.987,102.24475860595703
i1,2023-04-28 15:00:29.087,102.61113739013672
i1,2023-04-28 15:00:29.191,102.61113739013672
i1,2023-04-28 15:00:29.293,102.61113739013672
i1,2023-04-28 15:00:29.411,102.669921875
i1,2023-04-28 15:00:29.508,102.46694946289062
i1,2023-04-28 15:00:29.599,102.46694946289062
i1,2023-04-28 15:00:29.699,102.92852020263672
i1,2023-04-28 15:00:29.804,102.92852020263672
i1,2023-04-28 15:00:29.903,102.55975341796875
i1,2023-04-28 15:00:30.006,102.55975341796875
i1,2023-04-28 15:00:30.107,102.9286117553711
i1,2023-04-28 15:00:30.210,102.9286117553711
i1,2023-04-28 15:00:30.316,102.9286117553711
i1,2023-04-28 15:00:30.421,102.62188720703125
i1,2023-04-28 15:00:30.512,102.78189849853516
i1,2023-04-28 15:00:30.622,102.78189849853516
i1,2023-04-28 15:00:30.719,103.250244140625
i1,2023-04-28 15:00:30.816,103.250244140625
i1,2023-04-28 15:00:30.914,103.14907836914062
i1,2023-04-28 15:00:31.017,103.14907836914062
i1,2023-04-28 15:00:31.128,103.51089477539062
i1,2023-04-28 15:00:31.229,103.51089477539062
i1,2023-04-28 15:00:31.327,103.66658020019531
i1,2023-04-28 15:00:31.430,103.66658020019531
i1,2023-04-28 15:00:31.533,103.51622772216797
i1,2023-04-28 15:00:31.634,103.51622772216797
i1,2023-04-28 15:00:31.736,104.25037384033203
i1,2023-04-28 15:00:31.840,104.25037384033203
i1,2023-04-28 15:00:31.939,104.61750030517578
i1,2023-04-28 15:00:32.041,104.61750030517578
i1,2023-04-28 15:00:32.153,105.07933044433594
i1,2023-04-28 15:00:32.248,105.07933044433594
i1,2023-04-28 15:00:32.346,105.51123046875
i1,2023-04-28 15:00:32.452,105.51123046875
i1,2023-04-28 15:00:32.558,105.38448333740234
i1,2023-04-28 15:00:32.657,105.38448333740234
i1,2023-04-28 15:00:32.755,105.88019561767578
i1,2023-04-28 15:00:32.860,105.88019561767578
i1,2023-04-28 15:00:32.961,105.88034057617188
i1,2023-04-28 15:00:33.062,105.88034057617188
i1,2023-04-28 15:00:33.164,106.24919128417969
i1,2023-04-28 15:00:33.272,106.24919128417969
i1,2023-04-28 15:00:33.370,106.24919128417969
i1,2023-04-28 15:00:33.475,106.61503601074219
i1,2023-04-28 15:00:33.577,106.41413116455078
i1,2023-04-28 15:00:33.674,106.41413116455078
i1,2023-04-28 15:00:33.779,106.27606201171875
i1,2023-04-28 15:00:33.881,106.41405487060547
i1,2023-04-28 15:00:33.980,106.41405487060547
i1,2023-04-28 15:00:34.082,106.41405487060547
i1,2023-04-28 15:00:34.188,106.27603912353516
i1,2023-04-28 15:00:34.291,106.78482055664062
i1,2023-04-28 15:00:34.386,106.78482055664062
i1,2023-04-28 15:00:34.494,106.27608489990234
i1,2023-04-28 15:00:34.592,106.27608489990234
i1,2023-04-28 15:00:34.694,106.27608489990234
i1,2023-04-28 15:00:34.796,106.64256286621094
i1,2023-04-28 15:00:34.902,106.64246368408203
i1,2023-04-28 15:00:34.999,106.64246368408203
i1,2023-04-28 15:00:35.104,106.6735610961914
i1,2023-04-28 15:00:35.203,106.6735610961914
i1,2023-04-28 15:00:35.307,107.00898742675781
i1,2023-04-28 15:00:35.436,107.00898742675781
i1,2023-04-28 15:00:35.515,107.3558349609375
i1,2023-04-28 15:00:35.619,107.3558349609375
i1,2023-04-28 15:00:35.713,107.93701171875
i1,2023-04-28 15:00:35.818,107.93701171875
i1,2023-04-28 15:00:35.921,108.09369659423828
i1,2023-04-28 15:00:36.026,108.09369659423828
i1,2023-04-28 15:00:36.120,108.66641998291016
i1,2023-04-28 15:00:36.222,108.66641998291016
i1,2023-04-28 15:00:36.332,109.56950378417969
i1,2023-04-28 15:00:36.436,109.56950378417969
i1,2023-04-28 15:00:36.534,110.67886352539062
i1,2023-04-28 15:00:36.632,110.67886352539062
i1,2023-04-28 15:00:36.734,111.59232330322266
i1,2023-04-28 15:00:36.836,111.59232330322266
i1,2023-04-28 15:00:36.944,112.9072265625
i1,2023-04-28 15:00:37.045,112.9072265625
i1,2023-04-28 15:00:37.145,114.89595794677734
i1,2023-04-28 15:00:37.245,114.89595794677734
i1,2023-04-28 15:00:37.346,118.4236068725586
i1,2023-04-28 15:00:37.451,118.4236068725586
i1,2023-04-28 15:00:37.551,155.27500915527344
i1,2023-04-28 15:00:37.652,155.27500915527344
i1,2023-04-28 15:00:37.758,194.92005920410156
i1,2023-04-28 15:00:37.856,194.92005920410156
i1,2023-04-28 15:00:37.958,241.0389404296875
i1,2023-04-28 15:00:38.063,241.0389404296875
i1,2023-04-28 15:00:38.162,285.22265625
i1,2023-04-28 15:00:38.265,285.22265625
i1,2023-04-28 15:00:38.366,285.22265625
i1,2023-04-28 15:00:38.473,279.56231689453125
i1,2023-04-28 15:00:38.575,290.3431396484375
i1,2023-04-28 15:00:38.679,290.3431396484375
i1,2023-04-28 15:00:38.782,286.25439453125
i1,2023-04-28 15:00:38.881,286.25439453125
i1,2023-04-28 15:00:38.987,285.9161071777344
i1,2023-04-28 15:00:39.084,285.9161071777344
i1,2023-04-28 15:00:39.185,279.3260192871094
i1,2023-04-28 15:00:39.290,279.3260192871094
i1,2023-04-28 15:00:39.392,243.97552490234375
i1,2023-04-28 15:00:39.511,243.97552490234375
i1,2023-04-28 15:00:39.598,202.29251098632812
i1,2023-04-28 15:00:39.692,202.29251098632812
i1,2023-04-28 15:00:39.796,155.4449462890625
i1,2023-04-28 15:00:39.896,155.4449462890625
i1,2023-04-28 15:00:40.002,109.57433319091797
i1,2023-04-28 15:00:40.106,102.42816162109375
i1,2023-04-28 15:00:40.202,102.42816162109375
i1,2023-04-28 15:00:40.311,102.42816162109375
i1,2023-04-28 15:00:40.410,102.244873046875
i1,2023-04-28 15:00:40.516,102.7061996459961
i1,2023-04-28 15:00:40.613,102.7061996459961
i1,2023-04-28 15:00:40.711,102.24498748779297
i1,2023-04-28 15:00:40.816,102.24498748779297
i1,2023-04-28 15:00:40.919,102.33544158935547
i1,2023-04-28 15:00:41.018,102.33544158935547
i1,2023-04-28 15:00:41.124,102.61127471923828
i1,2023-04-28 15:00:41.228,102.61127471923828
i1,2023-04-28 15:00:41.326,102.61127471923828
i1,2023-04-28 15:00:41.449,102.6699447631836
i1,2023-04-28 15:00:41.534,102.83168029785156
i1,2023-04-28 15:00:41.637,102.83168029785156
i1,2023-04-28 15:00:41.732,102.92863464355469
i1,2023-04-28 15:00:41.839,102.92863464355469
i1,2023-04-28 15:00:41.936,102.4670181274414
i1,2023-04-28 15:00:42.038,102.4670181274414
i1,2023-04-28 15:00:42.140,102.92877197265625
i1,2023-04-28 15:00:42.243,102.92877197265625
i1,2023-04-28 15:00:42.343,102.92877197265625
i1,2023-04-28 15:00:42.447,102.53422546386719
i1,2023-04-28 15:00:42.560,102.78205871582031
i1,2023-04-28 15:00:42.650,102.78205871582031
i1,2023-04-28 15:00:42.754,102.7820816040039
i1,2023-04-28 15:00:42.854,102.7820816040039
i1,2023-04-28 15:00:42.964,102.7820816040039
i1,2023-04-28 15:00:43.063,102.7820816040039
i1,2023-04-28 15:00:43.164,102.432861328125
i1,2023-04-28 15:00:43.263,102.432861328125
i1,2023-04-28 15:00:43.364,102.55997467041016
i1,2023-04-28 15:00:43.472,102.55997467041016
i1,2023-04-28 15:00:43.573,102.41508483886719
i1,2023-04-28 15:00:43.676,102.41508483886719
i1,2023-04-28 15:00:43.775,102.7821044921875
i1,2023-04-28 15:00:43.879,102.7821044921875
i1,2023-04-28 15:00:43.980,102.41508483886719
i1,2023-04-28 15:00:44.081,102.41508483886719
i1,2023-04-28 15:00:44.186,102.72705078125
i1,2023-04-28 15:00:44.289,102.72705078125
i1,2023-04-28 15:00:44.387,102.56006622314453
i1,2023-04-28 15:00:44.490,102.56006622314453
i1,2023-04-28 15:00:44.595,102.83209228515625
i1,2023-04-28 15:00:44.691,102.83209228515625
i1,2023-04-28 15:00:44.799,102.92906951904297
i1,2023-04-28 15:00:44.897,102.92906951904297
i1,2023-04-28 15:00:45.000,102.83202362060547
i1,2023-04-28 15:00:45.098,102.83202362060547
i1,2023-04-28 15:00:45.199,102.928955078125
i1,2023-04-28 15:00:45.303,102.928955078125
i1,2023-04-28 15:00:45.404,102.928955078125
i1,2023-04-28 15:00:45.508,103.20755004882812
i1,2023-04-28 15:00:45.615,103.44789123535156
i1,2023-04-28 15:00:45.715,103.44789123535156
i1,2023-04-28 15:00:45.816,103.7109146118164
i1,2023-04-28 15:00:45.914,103.7109146118164
i1,2023-04-28 15:00:46.012,103.44793701171875
i1,2023-04-28 15:00:46.117,103.44793701171875
i1,2023-04-28 15:00:46.220,103.71100616455078
i1,2023-04-28 15:00:46.326,103.81874084472656
i1,2023-04-28 15:00:46.433,103.81874084472656
i1,2023-04-28 15:00:46.524,103.81874084472656
i1,2023-04-28 15:00:46.628,103.71102905273438
i1,2023-04-28 15:00:46.733,104.18964385986328
i1,2023-04-28 15:00:46.830,104.18964385986328
i1,2023-04-28 15:00:46.940,104.07744598388672
i1,2023-04-28 15:00:47.042,104.07744598388672
i1,2023-04-28 15:00:47.138,104.39816284179688
i1,2023-04-28 15:00:47.239,104.39816284179688
i1,2023-04-28 15:00:47.345,104.44390106201172
i1,2023-04-28 15:00:47.444,104.44390106201172
i1,2023-04-28 15:00:47.548,104.56038665771484
i1,2023-04-28 15:00:47.650,104.56038665771484
i1,2023-04-28 15:00:47.750,104.8104019165039
i1,2023-04-28 15:00:47.852,104.8104019165039
i1,2023-04-28 15:00:47.954,105.1769027709961
i1,2023-04-28 15:00:48.058,105.1769027709961
i1,2023-04-28 15:00:48.160,105.1768798828125
i1,2023-04-28 15:00:48.264,105.1768798828125
i1,2023-04-28 15:00:48.363,105.1768798828125
i1,2023-04-28 15:00:48.468,105.42662811279297
i1,2023-04-28 15:00:48.568,105.3847427368164
i1,2023-04-28 15:00:48.669,105.3847427368164
i1,2023-04-28 15:00:48.774,105.51162719726562
i1,2023-04-28 15:00:48.872,105.51162719726562
i1,2023-04-28 15:00:48.979,105.74942016601562
i1,2023-04-28 15:00:49.080,105.74942016601562
i1,2023-04-28 15:00:49.183,105.51151275634766
i1,2023-04-28 15:00:49.284,105.51151275634766
i1,2023-04-28 15:00:49.382,105.51151275634766
i1,2023-04-28 15:00:49.488,105.96380615234375
i1,2023-04-28 15:00:49.588,106.45311737060547
i1,2023-04-28 15:00:49.691,106.45311737060547
i1,2023-04-28 15:00:49.793,106.59342193603516
i1,2023-04-28 15:00:49.892,106.59342193603516
i1,2023-04-28 15:00:49.999,106.8203353881836
i1,2023-04-28 15:00:50.094,106.8203353881836
i1,2023-04-28 15:00:50.198,107.19747924804688
i1,2023-04-28 15:00:50.304,107.19747924804688
i1,2023-04-28 15:00:50.418,108.09398651123047
i1,2023-04-28 15:00:50.512,108.09398651123047
i1,2023-04-28 15:00:50.611,108.83189392089844
i1,2023-04-28 15:00:50.707,108.83189392089844
i1,2023-04-28 15:00:50.803,109.56969451904297
i1,2023-04-28 15:00:50.907,109.56969451904297
i1,2023-04-28 15:00:51.010,110.85453796386719
i1,2023-04-28 15:00:51.111,110.85453796386719
i1,2023-04-28 15:00:51.211,112.34422302246094
i1,2023-04-28 15:00:51.319,112.34422302246094
i1,2023-04-28 15:00:51.418,112.34422302246094
i1,2023-04-28 15:00:51.523,114.98297119140625
i1,2023-04-28 15:00:51.627,116.90399932861328
i1,2023-04-28 15:00:51.725,116.90399932861328
i1,2023-04-28 15:00:51.827,147.68789672851562
i1,2023-04-28 15:00:51.932,147.68789672851562
i1,2023-04-28 15:00:52.036,187.1636505126953
i1,2023-04-28 15:00:52.137,187.1636505126953
i1,2023-04-28 15:00:52.236,232.71014404296875
i1,2023-04-28 15:00:52.347,276.3207092285156
i1,2023-04-28 15:00:52.454,276.3207092285156
i1,2023-04-28 15:00:52.545,276.3207092285156
i1,2023-04-28 15:00:52.646,291.3456115722656
i1,2023-04-28 15:00:52.755,291.80706787109375
i1,2023-04-28 15:00:52.846,291.80706787109375
i1,2023-04-28 15:00:52.957,288.04766845703125
i1,2023-04-28 15:00:53.053,288.04766845703125
i1,2023-04-28 15:00:53.158,297.0445556640625
i1,2023-04-28 15:00:53.261,297.0445556640625
i1,2023-04-28 15:00:53.362,297.0445556640625
i1,2023-04-28 15:00:53.479,271.1479187011719
i1,2023-04-28 15:00:53.565,251.60604858398438
i1,2023-04-28 15:00:53.664,251.60604858398438
i1,2023-04-28 15:00:53.765,211.14173889160156
i1,2023-04-28 15:00:53.873,211.14173889160156
i1,2023-04-28 15:00:53.975,164.1706085205078
i1,2023-04-28 15:00:54.080,164.1706085205078
i1,2023-04-28 15:00:54.175,119.16175079345703
i1,2023-04-28 15:00:54.278,119.16175079345703
i1,2023-04-28 15:00:54.379,102.928955078125
i1,2023-04-28 15:00:54.494,102.928955078125
i1,2023-04-28 15:00:54.588,102.78231048583984
i1,2023-04-28 15:00:54.688,102.78231048583984
i1,2023-04-28 15:00:54.792,102.78221893310547
i1,2023-04-28 15:00:54.892,102.78221893310547
i1,2023-04-28 15:00:54.994,102.78224182128906
i1,2023-04-28 15:00:55.093,102.78224182128906
i1,2023-04-28 15:00:55.196,102.7270278930664
i1,2023-04-28 15:00:55.297,102.7270278930664
i1,2023-04-28 15:00:55.400,102.56002044677734
i1,2023-04-28 15:00:55.501,102.56002044677734
i1,2023-04-28 15:00:55.603,102.78228759765625
i1,2023-04-28 15:00:55.709,102.78228759765625
i1,2023-04-28 15:00:55.811,102.41515350341797
i1,2023-04-28 15:00:55.913,102.41515350341797
i1,2023-04-28 15:00:56.015,102.41517639160156
i1,2023-04-28 15:00:56.120,102.41517639160156
i1,2023-04-28 15:00:56.221,102.41513061523438
i1,2023-04-28 15:00:56.318,102.41513061523438
i1,2023-04-28 15:00:56.431,102.56004333496094
i1,2023-04-28 15:00:56.524,102.56004333496094
i1,2023-04-28 15:00:56.623,102.55997467041016
i1,2023-04-28 15:00:56.730,102.55997467041016
i1,2023-04-28 15:00:56.840,102.9289779663086
i1,2023-04-28 15:00:56.934,102.9289779663086
i1,2023-04-28 15:00:57.035,102.92890930175781
i1,2023-04-28 15:00:57.133,102.92890930175781
i1,2023-04-28 15:00:57.240,102.92888641357422
i1,2023-04-28 15:00:57.341,102.92888641357422
i1,2023-04-28 15:00:57.444,102.97795867919922
i1,2023-04-28 15:00:57.548,102.97795867919922
i1,2023-04-28 15:00:57.648,103.34443664550781
i1,2023-04-28 15:00:57.750,103.34443664550781
i1,2023-04-28 15:00:57.854,103.71100616455078
i1,2023-04-28 15:00:57.954,103.71100616455078
i1,2023-04-28 15:00:58.052,103.65357971191406
i1,2023-04-28 15:00:58.155,103.65357971191406
i1,2023-04-28 15:00:58.257,104.07730865478516
i1,2023-04-28 15:00:58.362,104.07730865478516
i1,2023-04-28 15:00:58.476,103.90023040771484
i1,2023-04-28 15:00:58.569,103.71098327636719
i1,2023-04-28 15:00:58.669,103.71098327636719
i1,2023-04-28 15:00:58.771,103.71089172363281
i1,2023-04-28 15:00:58.869,103.71089172363281
i1,2023-04-28 15:00:58.974,104.07744598388672
i1,2023-04-28 15:00:59.076,104.07744598388672
i1,2023-04-28 15:00:59.185,104.4439926147461
i1,2023-04-28 15:00:59.284,104.4439926147461
i1,2023-04-28 15:00:59.383,104.18966674804688
i1,2023-04-28 15:00:59.505,104.18966674804688
i1,2023-04-28 15:00:59.587,104.40483856201172
i1,2023-04-28 15:00:59.688,104.40483856201172
i1,2023-04-28 15:00:59.788,104.46308135986328
i1,2023-04-28 15:00:59.889,104.46308135986328
i1,2023-04-28 15:00:59.992,104.40470123291016
i1,2023-04-28 15:01:00.096,104.40470123291016
i1,2023-04-28 15:01:00.197,105.017333984375
i1,2023-04-28 15:01:00.299,105.017333984375
i1,2023-04-28 15:01:00.400,105.14241790771484
i1,2023-04-28 15:01:00.507,105.14241790771484
i1,2023-04-28 15:01:00.620,104.98474884033203
i1,2023-04-28 15:01:00.709,104.98474884033203
i1,2023-04-28 15:01:00.810,104.98470306396484
i1,2023-04-28 15:01:00.904,104.98470306396484
i1,2023-04-28 15:01:01.007,104.98474884033203
i1,2023-04-28 15:01:01.108,104.98474884033203
i1,2023-04-28 15:01:01.221,105.35179138183594
i1,2023-04-28 15:01:01.315,105.35179138183594
i1,2023-04-28 15:01:01.419,105.35179138183594
i1,2023-04-28 15:01:01.523,105.27782440185547
i1,2023-04-28 15:01:01.621,105.3519058227539
i1,2023-04-28 15:01:01.722,105.3519058227539
i1,2023-04-28 15:01:01.822,105.7188720703125
i1,2023-04-28 15:01:01.925,105.7188720703125
i1,2023-04-28 15:01:02.030,105.35183715820312
i1,2023-04-28 15:01:02.135,105.35183715820312
i1,2023-04-28 15:01:02.232,105.71891784667969
i1,2023-04-28 15:01:02.339,105.71891784667969
i1,2023-04-28 15:01:02.435,105.71891784667969
i1,2023-04-28 15:01:02.538,106.29948425292969
i1,2023-04-28 15:01:02.639,106.6183090209961
i1,2023-04-28 15:01:02.743,106.6183090209961
i1,2023-04-28 15:01:02.847,106.61833953857422
i1,2023-04-28 15:01:02.951,106.61833953857422
i1,2023-04-28 15:01:03.055,106.98721313476562
i1,2023-04-28 15:01:03.150,106.98721313476562
i1,2023-04-28 15:01:03.252,107.21966552734375
i1,2023-04-28 15:01:03.354,107.21966552734375
i1,2023-04-28 15:01:03.456,107.52662658691406
i1,2023-04-28 15:01:03.560,107.52662658691406
i1,2023-04-28 15:01:03.659,107.74215698242188
i1,2023-04-28 15:01:03.761,107.74215698242188
i1,2023-04-28 15:01:03.864,108.63899230957031
i1,2023-04-28 15:01:03.965,108.63899230957031
i1,2023-04-28 15:01:04.068,108.84159851074219
i1,2023-04-28 15:01:04.175,108.84159851074219
i1,2023-04-28 15:01:04.271,109.72388458251953
i1,2023-04-28 15:01:04.372,109.72388458251953
i1,2023-04-28 15:01:04.475,110.30760192871094
i1,2023-04-28 15:01:04.580,110.30760192871094
i1,2023-04-28 15:01:04.680,111.40702056884766
i1,2023-04-28 15:01:04.786,112.50650024414062
i1,2023-04-28 15:01:04.887,112.50650024414062
i1,2023-04-28 15:01:04.993,114.7052230834961
i1,2023-04-28 15:01:05.086,114.7052230834961
i1,2023-04-28 15:01:05.192,117.27046966552734
i1,2023-04-28 15:01:05.292,117.27046966552734
i1,2023-04-28 15:01:05.394,117.27046966552734
i1,2023-04-28 15:01:05.518,162.96395874023438
i1,2023-04-28 15:01:05.613,183.421142578125
i1,2023-04-28 15:01:05.701,183.421142578125
i1,2023-04-28 15:01:05.800,225.41236877441406
i1,2023-04-28 15:01:05.902,225.41236877441406
i1,2023-04-28 15:01:06.006,273.7416687011719
i1,2023-04-28 15:01:06.106,273.7416687011719
i1,2023-04-28 15:01:06.209,293.6637268066406
i1,2023-04-28 15:01:06.318,293.6637268066406
i1,2023-04-28 15:01:06.417,293.6637268066406
i1,2023-04-28 15:01:06.520,280.8268737792969
i1,2023-04-28 15:01:06.620,289.628173828125
i1,2023-04-28 15:01:06.729,289.628173828125
i1,2023-04-28 15:01:06.827,289.3273010253906
i1,2023-04-28 15:01:06.929,289.3273010253906
i1,2023-04-28 15:01:07.027,284.1219787597656
i1,2023-04-28 15:01:07.131,284.1219787597656
i1,2023-04-28 15:01:07.233,242.312255859375
i1,2023-04-28 15:01:07.335,242.312255859375
i1,2023-04-28 15:01:07.437,216.1892547607422
i1,2023-04-28 15:01:07.539,216.1892547607422
i1,2023-04-28 15:01:07.641,173.9967041015625
i1,2023-04-28 15:01:07.741,173.9967041015625
i1,2023-04-28 15:01:07.841,124.44025421142578
i1,2023-04-28 15:01:07.948,124.44025421142578
i1,2023-04-28 15:01:08.049,103.51625061035156
i1,2023-04-28 15:01:08.151,103.51625061035156
i1,2023-04-28 15:01:08.263,103.51105499267578
i1,2023-04-28 15:01:08.356,103.51105499267578
i1,2023-04-28 15:01:08.457,103.29776000976562
i1,2023-04-28 15:01:08.562,103.29776000976562
i1,2023-04-28 15:01:08.657,103.196533203125
i1,2023-04-28 15:01:08.758,103.196533203125
i1,2023-04-28 15:01:08.862,102.92900085449219
i1,2023-04-28 15:01:08.969,102.92900085449219
i1,2023-04-28 15:01:09.072,103.29788208007812
i1,2023-04-28 15:01:09.169,103.29788208007812
i1,2023-04-28 15:01:09.276,102.9289321899414
i1,2023-04-28 15:01:09.382,102.9289321899414
i1,2023-04-28 15:01:09.478,102.9289321899414
i1,2023-04-28 15:01:09.579,102.86116790771484
i1,2023-04-28 15:01:09.683,103.0771484375
i1,2023-04-28 15:01:09.779,103.0771484375
i1,2023-04-28 15:01:09.886,102.9780502319336
i1,2023-04-28 15:01:09.983,102.9780502319336
i1,2023-04-28 15:01:10.090,102.70640563964844
i1,2023-04-28 15:01:10.188,102.70640563964844
i1,2023-04-28 15:01:10.294,102.9780044555664
i1,2023-04-28 15:01:10.397,102.70635986328125
i1,2023-04-28 15:01:10.508,102.70635986328125
i1,2023-04-28 15:01:10.605,102.97795867919922
i1,2023-04-28 15:01:10.701,102.97795867919922
i1,2023-04-28 15:01:10.799,102.97795867919922
i1,2023-04-28 15:01:10.902,102.97795867919922
i1,2023-04-28 15:01:11.006,102.97795867919922
i1,2023-04-28 15:01:11.099,102.97795867919922
i1,2023-04-28 15:01:11.201,102.97795867919922
i1,2023-04-28 15:01:11.307,103.10919189453125
i1,2023-04-28 15:01:11.414,102.97795867919922
i1,2023-04-28 15:01:11.544,102.97795867919922
i1,2023-04-28 15:01:11.614,102.928955078125
i1,2023-04-28 15:01:11.716,102.928955078125
i1,2023-04-28 15:01:11.820,103.19671630859375
i1,2023-04-28 15:01:11.920,103.19671630859375
i1,2023-04-28 15:01:12.024,102.9289321899414
i1,2023-04-28 15:01:12.123,102.9289321899414
i1,2023-04-28 15:01:12.228,103.19669342041016
i1,2023-04-28 15:01:12.329,103.19669342041016
i1,2023-04-28 15:01:12.443,102.9289321899414
i1,2023-04-28 15:01:12.543,102.9289321899414
i1,2023-04-28 15:01:12.638,102.8792724609375
i1,2023-04-28 15:01:12.735,102.8792724609375
i1,2023-04-28 15:01:12.837,103.14935302734375
i1,2023-04-28 15:01:12.943,103.14935302734375
i1,2023-04-28 15:01:13.047,102.8792495727539
i1,2023-04-28 15:01:13.142,102.8792495727539
i1,2023-04-28 15:01:13.249,103.14946746826172
i1,2023-04-28 15:01:13.346,103.14946746826172
i1,2023-04-28 15:01:13.451,102.92909240722656
i1,2023-04-28 15:01:13.556,102.92909240722656
i1,2023-04-28 15:01:13.653,102.78233337402344
i1,2023-04-28 15:01:13.755,102.78233337402344
i1,2023-04-28 15:01:13.857,103.14944458007812
i1,2023-04-28 15:01:13.957,103.14944458007812
i1,2023-04-28 15:01:14.060,103.09221649169922
i1,2023-04-28 15:01:14.161,103.09221649169922
i1,2023-04-28 15:01:14.264,103.14944458007812
i1,2023-04-28 15:01:14.365,103.14944458007812
i1,2023-04-28 15:01:14.472,103.14944458007812
i1,2023-04-28 15:01:14.572,103.06856536865234
i1,2023-04-28 15:01:14.671,102.92900085449219
i1,2023-04-28 15:01:14.774,102.92900085449219
i1,2023-04-28 15:01:14.876,103.19667053222656
i1,2023-04-28 15:01:14.981,103.19667053222656
i1,2023-04-28 15:01:15.078,102.92890930175781
i1,2023-04-28 15:01:15.182,102.92890930175781
i1,2023-04-28 15:01:15.284,103.19673919677734
i1,2023-04-28 15:01:15.385,103.19673919677734
i1,2023-04-28 15:01:15.488,103.44793701171875
i1,2023-04-28 15:01:15.589,103.44793701171875
i1,2023-04-28 15:01:15.692,103.28726959228516
i1,2023-04-28 15:01:15.795,103.28726959228516
i1,2023-04-28 15:01:15.890,103.13492584228516
i1,2023-04-28 15:01:15.990,103.13492584228516
i1,2023-04-28 15:01:16.098,103.7109603881836
i1,2023-04-28 15:01:16.207,104.39810943603516
i1,2023-04-28 15:01:16.307,104.39810943603516
i1,2023-04-28 15:01:16.407,104.39810943603516
i1,2023-04-28 15:01:16.514,105.1767807006836
i1,2023-04-28 15:01:16.614,136.44793701171875
i1,2023-04-28 15:01:16.723,136.44793701171875
i1,2023-04-28 15:01:16.824,181.76992797851562
i1,2023-04-28 15:01:16.917,181.76992797851562
i1,2023-04-28 15:01:17.024,225.80747985839844
i1,2023-04-28 15:01:17.122,225.80747985839844
i1,2023-04-28 15:01:17.228,268.6252746582031
i1,2023-04-28 15:01:17.326,268.6252746582031
i1,2023-04-28 15:01:17.428,268.6252746582031
i1,2023-04-28 15:01:17.559,259.22540283203125
i1,2023-04-28 15:01:17.641,268.38739013671875
i1,2023-04-28 15:01:17.737,268.38739013671875
i1,2023-04-28 15:01:17.833,269.6842041015625
i1,2023-04-28 15:01:17.935,269.6842041015625
i1,2023-04-28 15:01:18.041,266.92828369140625
i1,2023-04-28 15:01:18.144,266.92828369140625
i1,2023-04-28 15:01:18.240,268.2080078125
i1,2023-04-28 15:01:18.346,268.2080078125
i1,2023-04-28 15:01:18.445,268.2080078125
i1,2023-04-28 15:01:18.556,227.36070251464844
i1,2023-04-28 15:01:18.664,190.51556396484375
i1,2023-04-28 15:01:18.754,190.51556396484375
i1,2023-04-28 15:01:18.857,147.56654357910156
i1,2023-04-28 15:01:18.958,147.56654357910156
i1,2023-04-28 15:01:19.060,102.78217315673828
i1,2023-04-28 15:01:19.162,102.78217315673828
i1,2023-04-28 15:01:19.265,102.43295288085938
i1,2023-04-28 15:01:19.366,102.43295288085938
i1,2023-04-28 15:01:19.469,102.19116973876953
i1,2023-04-28 15:01:19.575,102.19116973876953
i1,2023-04-28 15:01:19.672,102.41524505615234
i1,2023-04-28 15:01:19.776,102.41524505615234
i1,2023-04-28 15:01:19.873,102.4154052734375
i1,2023-04-28 15:01:19.978,102.4154052734375
i1,2023-04-28 15:01:20.080,102.04832458496094
i1,2023-04-28 15:01:20.178,102.04832458496094
i1,2023-04-28 15:01:20.281,102.33507537841797
i1,2023-04-28 15:01:20.386,102.33507537841797
i1,2023-04-28 15:01:20.484,102.19114685058594
i1,2023-04-28 15:01:20.587,102.19114685058594
i1,2023-04-28 15:01:20.691,102.46733856201172
i1,2023-04-28 15:01:20.795,102.46733856201172
i1,2023-04-28 15:01:20.895,102.56006622314453
i1,2023-04-28 15:01:21.001,102.56006622314453
i1,2023-04-28 15:01:21.103,102.4674301147461
i1,2023-04-28 15:01:21.194,102.4674301147461
i1,2023-04-28 15:01:21.303,102.56013488769531
i1,2023-04-28 15:01:21.407,102.56013488769531
i1,2023-04-28 15:01:21.507,102.56013488769531
i1,2023-04-28 15:01:21.601,102.5149917602539
i1,2023-04-28 15:01:21.707,102.70649719238281
i1,2023-04-28 15:01:21.809,102.70649719238281
i1,2023-04-28 15:01:21.912,102.97809600830078
i1,2023-04-28 15:01:22.021,102.97809600830078
i1,2023-04-28 15:01:22.121,102.70640563964844
i1,2023-04-28 15:01:22.217,102.70640563964844
i1,2023-04-28 15:01:22.320,102.97816467285156
i1,2023-04-28 15:01:22.421,102.97816467285156
i1,2023-04-28 15:01:22.522,102.70649719238281
i1,2023-04-28 15:01:22.627,102.70649719238281
i1,2023-04-28 15:01:22.729,102.97823333740234
i1,2023-04-28 15:01:22.834,102.70668029785156
i1,2023-04-28 15:01:22.930,102.70668029785156
i1,2023-04-28 15:01:23.032,102.70668029785156
i1,2023-04-28 15:01:23.137,102.97818756103516
i1,2023-04-28 15:01:23.240,102.82252502441406
i1,2023-04-28 15:01:23.338,102.82252502441406
i1,2023-04-28 15:01:23.451,102.97818756103516
i1,2023-04-28 15:01:23.577,102.97818756103516
i1,2023-04-28 15:01:23.650,102.92916107177734
i1,2023-04-28 15:01:23.750,102.92916107177734
i1,2023-04-28 15:01:23.850,102.8322525024414
i1,2023-04-28 15:01:23.952,102.8322525024414
i1,2023-04-28 15:01:24.050,102.56029510498047
i1,2023-04-28 15:01:24.152,102.56029510498047
i1,2023-04-28 15:01:24.258,102.832275390625
i1,2023-04-28 15:01:24.359,102.832275390625
i1,2023-04-28 15:01:24.459,102.56036376953125
i1,2023-04-28 15:01:24.582,102.56036376953125
i1,2023-04-28 15:01:24.668,102.78253936767578
i1,2023-04-28 15:01:24.772,102.78253936767578
i1,2023-04-28 15:01:24.866,102.4154052734375
i1,2023-04-28 15:01:24.969,102.4154052734375
i1,2023-04-28 15:01:25.072,102.4153823852539
i1,2023-04-28 15:01:25.178,102.4153823852539
i1,2023-04-28 15:01:25.275,102.41533660888672
i1,2023-04-28 15:01:25.381,102.41533660888672
i1,2023-04-28 15:01:25.479,102.13434600830078
i1,2023-04-28 15:01:25.585,102.13434600830078
i1,2023-04-28 15:01:25.688,102.50801086425781
i1,2023-04-28 15:01:25.798,102.50801086425781
i1,2023-04-28 15:01:25.894,102.7824478149414
i1,2023-04-28 15:01:25.999,102.7824478149414
i1,2023-04-28 15:01:26.097,102.50798797607422
i1,2023-04-28 15:01:26.193,102.50798797607422
i1,2023-04-28 15:01:26.301,102.41529083251953
i1,2023-04-28 15:01:26.404,102.41529083251953
i1,2023-04-28 15:01:26.505,102.41529083251953
i1,2023-04-28 15:01:26.610,102.72373962402344
i1,2023-04-28 15:01:26.710,102.9289779663086
i1,2023-04-28 15:01:26.811,102.9289779663086
i1,2023-04-28 15:01:26.909,102.83209228515625
i1,2023-04-28 15:01:27.014,102.83209228515625
i1,2023-04-28 15:01:27.113,102.92904663085938
i1,2023-04-28 15:01:27.217,102.92904663085938
i1,2023-04-28 15:01:27.325,102.88877868652344
i1,2023-04-28 15:01:27.420,102.88877868652344
i1,2023-04-28 15:01:27.522,102.97814178466797
i1,2023-04-28 15:01:27.622,102.97814178466797
i1,2023-04-28 15:01:27.727,102.97807312011719
i1,2023-04-28 15:01:27.828,102.97807312011719
i1,2023-04-28 15:01:27.933,102.97827911376953
i1,2023-04-28 15:01:28.041,102.97827911376953
i1,2023-04-28 15:01:28.135,103.3448715209961
i1,2023-04-28 15:01:28.234,103.3448715209961
i1,2023-04-28 15:01:28.338,103.21650695800781
i1,2023-04-28 15:01:28.438,103.21650695800781
i1,2023-04-28 15:01:28.535,103.21650695800781
i1,2023-04-28 15:01:28.642,103.15377807617188
i1,2023-04-28 15:01:28.744,103.39012908935547
i1,2023-04-28 15:01:28.846,103.39012908935547
i1,2023-04-28 15:01:28.948,103.28731536865234
i1,2023-04-28 15:01:29.057,103.76061248779297
i1,2023-04-28 15:01:29.152,103.76061248779297
i1,2023-04-28 15:01:29.258,103.76061248779297
i1,2023-04-28 15:01:29.357,103.65369415283203
i1,2023-04-28 15:01:29.462,103.76077270507812
i1,2023-04-28 15:01:29.592,103.76077270507812
i1,2023-04-28 15:01:29.662,103.97786712646484
i1,2023-04-28 15:01:29.762,103.97786712646484
i1,2023-04-28 15:01:29.870,103.97789001464844
i1,2023-04-28 15:01:29.967,103.97789001464844
i1,2023-04-28 15:01:30.069,103.97776794433594
i1,2023-04-28 15:01:30.172,103.97776794433594
i1,2023-04-28 15:01:30.272,104.23368072509766
i1,2023-04-28 15:01:30.373,104.23368072509766
i1,2023-04-28 15:01:30.476,104.23368072509766
i1,2023-04-28 15:01:30.595,104.5920639038086
i1,2023-04-28 15:01:30.692,104.61772918701172
i1,2023-04-28 15:01:30.781,104.61772918701172
i1,2023-04-28 15:01:30.876,104.61763763427734
i1,2023-04-28 15:01:30.978,104.61763763427734
i1,2023-04-28 15:01:31.086,104.98463439941406
i1,2023-04-28 15:01:31.187,104.98463439941406
i1,2023-04-28 15:01:31.282,104.98454284667969
i1,2023-04-28 15:01:31.387,104.98454284667969
i1,2023-04-28 15:01:31.491,104.98454284667969
i1,2023-04-28 15:01:31.598,105.22325897216797
i1,2023-04-28 15:01:31.698,105.66029357910156
i1,2023-04-28 15:01:31.803,105.66029357910156
i1,2023-04-28 15:01:31.906,105.66029357910156
i1,2023-04-28 15:01:32.007,105.66029357910156
i1,2023-04-28 15:01:32.105,106.02716827392578
i1,2023-04-28 15:01:32.208,106.02716827392578
i1,2023-04-28 15:01:32.311,105.94258880615234
i1,2023-04-28 15:01:32.415,105.94258880615234
i1,2023-04-28 15:01:32.518,105.94258880615234
i1,2023-04-28 15:01:32.618,106.59169006347656
i1,2023-04-28 15:01:32.718,106.92742156982422
i1,2023-04-28 15:01:32.820,106.92742156982422
i1,2023-04-28 15:01:32.922,106.9274673461914
i1,2023-04-28 15:01:33.026,106.9274673461914
i1,2023-04-28 15:01:33.125,107.29625701904297
i1,2023-04-28 15:01:33.232,107.29625701904297
i1,2023-04-28 15:01:33.333,108.40220642089844
i1,2023-04-28 15:01:33.435,108.40220642089844
i1,2023-04-28 15:01:33.533,108.638916015625
i1,2023-04-28 15:01:33.637,108.638916015625
i1,2023-04-28 15:01:33.737,109.57450103759766
i1,2023-04-28 15:01:33.845,109.57450103759766
i1,2023-04-28 15:01:33.948,111.04034423828125
i1,2023-04-28 15:01:34.047,111.04034423828125
i1,2023-04-28 15:01:34.163,112.87265014648438
i1,2023-04-28 15:01:34.252,112.87265014648438
i1,2023-04-28 15:01:34.353,116.72727966308594
i1,2023-04-28 15:01:34.458,116.72727966308594
i1,2023-04-28 15:01:34.559,145.85536193847656
i1,2023-04-28 15:01:34.664,145.85536193847656
i1,2023-04-28 15:01:34.760,189.8323974609375
i1,2023-04-28 15:01:34.862,189.8323974609375
i1,2023-04-28 15:01:34.965,231.61045837402344
i1,2023-04-28 15:01:35.068,231.61045837402344
i1,2023-04-28 15:01:35.169,279.6188049316406
i1,2023-04-28 15:01:35.277,291.3456726074219
i1,2023-04-28 15:01:35.374,291.3456726074219
i1,2023-04-28 15:01:35.474,291.3456726074219
i1,2023-04-28 15:01:35.606,278.727783203125
i1,2023-04-28 15:01:35.695,289.2362976074219
i1,2023-04-28 15:01:35.782,289.2362976074219
i1,2023-04-28 15:01:35.883,287.0226745605469
i1,2023-04-28 15:01:35.988,287.0226745605469
i1,2023-04-28 15:01:36.093,282.9646301269531
i1,2023-04-28 15:01:36.191,282.9646301269531
i1,2023-04-28 15:01:36.294,252.34373474121094
i1,2023-04-28 15:01:36.397,252.34373474121094
i1,2023-04-28 15:01:36.495,207.7038116455078
i1,2023-04-28 15:01:36.621,207.7038116455078
i1,2023-04-28 15:01:36.700,164.45240783691406
i1,2023-04-28 15:01:36.812,164.45240783691406
i1,2023-04-28 15:01:36.902,115.26309204101562
i1,2023-04-28 15:01:37.005,115.26309204101562
i1,2023-04-28 15:01:37.106,102.41522216796875
i1,2023-04-28 15:01:37.214,102.41522216796875
i1,2023-04-28 15:01:37.315,102.7270278930664
i1,2023-04-28 15:01:37.412,102.7270278930664
i1,2023-04-28 15:01:37.518,102.56008911132812
i1,2023-04-28 15:01:37.621,102.56008911132812
i1,2023-04-28 15:01:37.721,102.78228759765625
i1,2023-04-28 15:01:37.821,102.78228759765625
i1,2023-04-28 15:01:37.923,102.41515350341797
i1,2023-04-28 15:01:38.028,102.41515350341797
i1,2023-04-28 15:01:38.129,102.78233337402344
i1,2023-04-28 15:01:38.235,102.78233337402344
i1,2023-04-28 15:01:38.347,102.41526794433594
i1,2023-04-28 15:01:38.436,102.41526794433594
i1,2023-04-28 15:01:38.531,102.5601806640625
i1,2023-04-28 15:01:38.636,102.5601806640625
i1,2023-04-28 15:01:38.740,102.56008911132812
i1,2023-04-28 15:01:38.845,102.56008911132812
i1,2023-04-28 15:01:38.943,102.56006622314453
i1,2023-04-28 15:01:39.047,102.56006622314453
i1,2023-04-28 15:01:39.150,102.56006622314453
i1,2023-04-28 15:01:39.249,102.56006622314453
i1,2023-04-28 15:01:39.351,102.56002044677734
i1,2023-04-28 15:01:39.466,102.56002044677734
i1,2023-04-28 15:01:39.560,102.61161804199219
i1,2023-04-28 15:01:39.658,102.61161804199219
i1,2023-04-28 15:01:39.760,102.70640563964844
i1,2023-04-28 15:01:39.862,102.70640563964844
i1,2023-04-28 15:01:39.964,102.24504852294922
i1,2023-04-28 15:01:40.065,102.24504852294922
i1,2023-04-28 15:01:40.172,102.3356704711914
i1,2023-04-28 15:01:40.270,102.3356704711914
i1,2023-04-28 15:01:40.378,102.24502563476562
i1,2023-04-28 15:01:40.480,102.24502563476562
i1,2023-04-28 15:01:40.590,102.24502563476562
i1,2023-04-28 15:01:40.679,102.11512756347656
i1,2023-04-28 15:01:40.783,102.2451400756836
i1,2023-04-28 15:01:40.883,102.2451400756836
i1,2023-04-28 15:01:40.984,101.87875366210938
i1,2023-04-28 15:01:41.092,102.24525451660156
i1,2023-04-28 15:01:41.187,102.24525451660156
i1,2023-04-28 15:01:41.290,102.24525451660156
i1,2023-04-28 15:01:41.387,101.87877655029297
i1,2023-04-28 15:01:41.493,101.87873077392578
i1,2023-04-28 15:01:41.627,101.87873077392578
i1,2023-04-28 15:01:41.711,102.1912841796875
i1,2023-04-28 15:01:41.797,102.1912841796875
i1,2023-04-28 15:01:41.906,102.10279846191406
i1,2023-04-28 15:01:42.004,102.10279846191406
i1,2023-04-28 15:01:42.106,102.19119262695312
i1,2023-04-28 15:01:42.209,102.19119262695312
i1,2023-04-28 15:01:42.311,102.33509826660156
i1,2023-04-28 15:01:42.410,102.33509826660156
i1,2023-04-28 15:01:42.511,102.19123840332031
i1,2023-04-28 15:01:42.631,102.19123840332031
i1,2023-04-28 15:01:42.717,102.508056640625
i1,2023-04-28 15:01:42.826,102.508056640625
i1,2023-04-28 15:01:42.921,102.41533660888672
i1,2023-04-28 15:01:43.028,102.41533660888672
i1,2023-04-28 15:01:43.122,102.50787353515625
i1,2023-04-28 15:01:43.225,102.50787353515625
i1,2023-04-28 15:01:43.327,102.78242492675781
i1,2023-04-28 15:01:43.432,102.78242492675781
i1,2023-04-28 15:01:43.531,102.78242492675781
i1,2023-04-28 15:01:43.640,102.63536071777344
i1,2023-04-28 15:01:43.737,102.928955078125
i1,2023-04-28 15:01:43.836,102.928955078125
i1,2023-04-28 15:01:43.940,103.19669342041016
i1,2023-04-28 15:01:44.041,103.19669342041016
i1,2023-04-28 15:01:44.145,102.92886352539062
i1,2023-04-28 15:01:44.244,102.92886352539062
i1,2023-04-28 15:01:44.352,103.19662475585938
i1,2023-04-28 15:01:44.449,103.19662475585938
i1,2023-04-28 15:01:44.553,103.34457397460938
i1,2023-04-28 15:01:44.658,103.34457397460938
i1,2023-04-28 15:01:44.759,103.34452819824219
i1,2023-04-28 15:01:44.862,103.34452819824219
i1,2023-04-28 15:01:44.963,103.34461975097656
i1,2023-04-28 15:01:45.062,103.34461975097656
i1,2023-04-28 15:01:45.169,103.34455108642578
i1,2023-04-28 15:01:45.270,103.34455108642578
i1,2023-04-28 15:01:45.367,103.72492218017578
i1,2023-04-28 15:01:45.472,103.72492218017578
i1,2023-04-28 15:01:45.573,103.72492218017578
i1,2023-04-28 15:01:45.675,103.553955078125
i1,2023-04-28 15:01:45.784,103.44802856445312
i1,2023-04-28 15:01:45.875,103.44802856445312
i1,2023-04-28 15:01:45.975,103.71121215820312
i1,2023-04-28 15:01:46.074,103.71121215820312
i1,2023-04-28 15:01:46.185,103.81890869140625
i1,2023-04-28 15:01:46.289,103.81890869140625
i1,2023-04-28 15:01:46.386,103.71118927001953
i1,2023-04-28 15:01:46.486,103.71118927001953
i1,2023-04-28 15:01:46.594,103.81883239746094
i1,2023-04-28 15:01:46.698,103.81883239746094
i1,2023-04-28 15:01:46.800,104.0775146484375
i1,2023-04-28 15:01:46.903,104.18966674804688
i1,2023-04-28 15:01:47.005,104.18966674804688
i1,2023-04-28 15:01:47.113,104.07746887207031
i1,2023-04-28 15:01:47.209,104.07746887207031
i1,2023-04-28 15:01:47.312,104.39816284179688
i1,2023-04-28 15:01:47.408,104.39816284179688
i1,2023-04-28 15:01:47.518,104.44392395019531
i1,2023-04-28 15:01:47.648,104.44392395019531
i1,2023-04-28 15:01:47.734,104.7736587524414
i1,2023-04-28 15:01:47.817,104.7736587524414
i1,2023-04-28 15:01:47.921,104.65535736083984
i1,2023-04-28 15:01:48.020,104.65535736083984
i1,2023-04-28 15:01:48.124,104.77372741699219
i1,2023-04-28 15:01:48.223,104.77372741699219
i1,2023-04-28 15:01:48.330,105.01996612548828
i1,2023-04-28 15:01:48.431,105.01996612548828
i1,2023-04-28 15:01:48.528,105.1425552368164
i1,2023-04-28 15:01:48.652,105.1425552368164
i1,2023-04-28 15:01:48.734,105.35188293457031
i1,2023-04-28 15:01:48.844,105.35188293457031
i1,2023-04-28 15:01:48.935,105.71894073486328
i1,2023-04-28 15:01:49.037,105.71894073486328
i1,2023-04-28 15:01:49.139,106.08598327636719
i1,2023-04-28 15:01:49.241,106.08598327636719
i1,2023-04-28 15:01:49.341,106.45309448242188
i1,2023-04-28 15:01:49.444,106.45309448242188
i1,2023-04-28 15:01:49.546,106.61819458007812
i1,2023-04-28 15:01:49.651,106.61819458007812
i1,2023-04-28 15:01:49.751,106.96473693847656
i1,2023-04-28 15:01:49.850,106.96473693847656
i1,2023-04-28 15:01:49.952,107.55438995361328
i1,2023-04-28 15:01:50.055,107.55438995361328
i1,2023-04-28 15:01:50.158,107.92144775390625
i1,2023-04-28 15:01:50.258,107.92144775390625
i1,2023-04-28 15:01:50.362,108.65560150146484
i1,2023-04-28 15:01:50.463,108.65560150146484
i1,2023-04-28 15:01:50.571,108.65560150146484
i1,2023-04-28 15:01:50.671,109.96276092529297
i1,2023-04-28 15:01:50.773,110.67642211914062
i1,2023-04-28 15:01:50.875,110.67642211914062
i1,2023-04-28 15:01:50.976,111.58385467529297
i1,2023-04-28 15:01:51.081,111.58385467529297
i1,2023-04-28 15:01:51.181,142.77313232421875
i1,2023-04-28 15:01:51.277,142.77313232421875
i1,2023-04-28 15:01:51.375,185.24497985839844
i1,2023-04-28 15:01:51.487,185.24497985839844
i1,2023-04-28 15:01:51.577,226.48040771484375
i1,2023-04-28 15:01:51.687,226.48040771484375
i1,2023-04-28 15:01:51.793,272.65625
i1,2023-04-28 15:01:51.887,272.65625
i1,2023-04-28 15:01:51.990,319.2460021972656
i1,2023-04-28 15:01:52.095,319.2460021972656
i1,2023-04-28 15:01:52.197,325.42822265625
i1,2023-04-28 15:01:52.296,325.42822265625
i1,2023-04-28 15:01:52.397,339.5926208496094
i1,2023-04-28 15:01:52.500,339.5926208496094
i1,2023-04-28 15:01:52.603,339.5926208496094
i1,2023-04-28 15:01:52.706,307.9729309082031
i1,2023-04-28 15:01:52.811,323.3244323730469
i1,2023-04-28 15:01:52.908,323.3244323730469
i1,2023-04-28 15:01:53.011,289.1475830078125
i1,2023-04-28 15:01:53.112,289.1475830078125
i1,2023-04-28 15:01:53.213,247.3134765625
i1,2023-04-28 15:01:53.315,247.3134765625
i1,2023-04-28 15:01:53.420,204.12542724609375
i1,2023-04-28 15:01:53.526,157.58299255371094
i1,2023-04-28 15:01:53.652,157.58299255371094
i1,2023-04-28 15:01:53.738,111.9486312866211
i1,2023-04-28 15:01:53.827,111.9486312866211
i1,2023-04-28 15:01:53.935,102.56027221679688
i1,2023-04-28 15:01:54.029,102.56027221679688
i1,2023-04-28 15:01:54.132,102.56027221679688
i1,2023-04-28 15:01:54.234,102.46759033203125
i1,2023-04-28 15:01:54.341,102.37183380126953
i1,2023-04-28 15:01:54.442,102.37183380126953
i1,2023-04-28 15:01:54.541,102.37183380126953
i1,2023-04-28 15:01:54.664,102.53461456298828
i1,2023-04-28 15:01:54.750,102.41535949707031
i1,2023-04-28 15:01:54.857,102.41535949707031
i1,2023-04-28 15:01:54.947,102.41535949707031
i1,2023-04-28 15:01:55.051,102.41535949707031
i1,2023-04-28 15:01:55.151,102.4153823852539
i1,2023-04-28 15:01:55.256,102.4153823852539
i1,2023-04-28 15:01:55.357,102.4154281616211
i1,2023-04-28 15:01:55.459,102.4154281616211
i1,2023-04-28 15:01:55.563,102.4154281616211
i1,2023-04-28 15:01:55.664,102.62255096435547
i1,2023-04-28 15:01:55.766,102.4154052734375
i1,2023-04-28 15:01:55.865,102.4154052734375
i1,2023-04-28 15:01:55.970,102.50810241699219
i1,2023-04-28 15:01:56.069,102.50810241699219
i1,2023-04-28 15:01:56.165,102.78251647949219
i1,2023-04-28 15:01:56.273,102.78251647949219
i1,2023-04-28 15:01:56.377,102.4332275390625
i1,2023-04-28 15:01:56.479,102.4332275390625
i1,2023-04-28 15:01:56.581,102.92925262451172
i1,2023-04-28 15:01:56.690,102.92925262451172
i1,2023-04-28 15:01:56.788,103.1970443725586
i1,2023-04-28 15:01:56.889,103.1970443725586
i1,2023-04-28 15:01:56.992,103.66712951660156
i1,2023-04-28 15:01:57.095,103.66712951660156
i1,2023-04-28 15:01:57.197,104.5980453491211
i1,2023-04-28 15:01:57.300,104.5980453491211
i1,2023-04-28 15:01:57.396,106.03736114501953
i1,2023-04-28 15:01:57.512,106.03736114501953
i1,2023-04-28 15:01:57.601,106.03736114501953
i1,2023-04-28 15:01:57.705,109.44197082519531
i1,2023-04-28 15:01:57.803,125.33335876464844
i1,2023-04-28 15:01:57.907,125.33335876464844
i1,2023-04-28 15:01:58.012,167.84445190429688
i1,2023-04-28 15:01:58.110,167.84445190429688
i1,2023-04-28 15:01:58.211,207.79049682617188
i1,2023-04-28 15:01:58.317,207.79049682617188
i1,2023-04-28 15:01:58.422,252.86700439453125
i1,2023-04-28 15:01:58.519,252.86700439453125
i1,2023-04-28 15:01:58.619,296.2574768066406
i1,2023-04-28 15:01:58.737,296.2574768066406
i1,2023-04-28 15:01:58.824,341.7313537597656
i1,2023-04-28 15:01:58.924,341.7313537597656
i1,2023-04-28 15:01:59.028,383.97833251953125
i1,2023-04-28 15:01:59.129,383.97833251953125
i1,2023-04-28 15:01:59.232,380.0339050292969
i1,2023-04-28 15:01:59.336,396.32366943359375
i1,2023-04-28 15:01:59.434,396.32366943359375
i1,2023-04-28 15:01:59.538,396.32366943359375
i1,2023-04-28 15:01:59.675,344.8798828125
i1,2023-04-28 15:01:59.741,344.8798828125
i1,2023-04-28 15:01:59.852,319.1202697753906
i1,2023-04-28 15:01:59.948,278.9071960449219
i1,2023-04-28 15:02:00.046,278.9071960449219
i1,2023-04-28 15:02:00.156,233.16036987304688
i1,2023-04-28 15:02:00.250,233.16036987304688
i1,2023-04-28 15:02:00.351,233.16036987304688
i1,2023-04-28 15:02:00.455,190.35018920898438
i1,2023-04-28 15:02:00.561,142.8526611328125
i1,2023-04-28 15:02:00.692,142.8526611328125
i1,2023-04-28 15:02:00.762,102.78231048583984
i1,2023-04-28 15:02:00.856,102.78231048583984
i1,2023-04-28 15:02:00.964,102.04814910888672
i1,2023-04-28 15:02:01.066,102.04814910888672
i1,2023-04-28 15:02:01.168,102.04821014404297
i1,2023-04-28 15:02:01.273,102.04821014404297
i1,2023-04-28 15:02:01.372,102.33512115478516
i1,2023-04-28 15:02:01.474,102.33512115478516
i1,2023-04-28 15:02:01.576,102.19119262695312
i1,2023-04-28 15:02:01.687,102.19119262695312
i1,2023-04-28 15:02:01.774,102.41526794433594
i1,2023-04-28 15:02:01.881,102.41526794433594
i1,2023-04-28 15:02:01.981,102.78228759765625
i1,2023-04-28 15:02:02.084,102.78228759765625
i1,2023-04-28 15:02:02.189,102.8792495727539
i1,2023-04-28 15:02:02.286,102.8792495727539
i1,2023-04-28 15:02:02.391,103.14937591552734
i1,2023-04-28 15:02:02.493,103.14937591552734
i1,2023-04-28 15:02:02.596,103.66692352294922
i1,2023-04-28 15:02:02.700,103.66692352294922
i1,2023-04-28 15:02:02.799,103.66683197021484
i1,2023-04-28 15:02:02.910,103.66683197021484
i1,2023-04-28 15:02:02.999,104.03580474853516
i1,2023-04-28 15:02:03.101,104.03580474853516
i1,2023-04-28 15:02:03.208,104.03573608398438
i1,2023-04-28 15:02:03.308,104.03573608398438
i1,2023-04-28 15:02:03.407,104.65533447265625
i1,2023-04-28 15:02:03.512,104.65533447265625
i1,2023-04-28 15:02:03.613,104.8104476928711
i1,2023-04-28 15:02:03.715,104.8104476928711
i1,2023-04-28 15:02:03.817,105.17697143554688
i1,2023-04-28 15:02:03.921,105.17697143554688
i1,2023-04-28 15:02:04.019,105.54347229003906
i1,2023-04-28 15:02:04.126,105.54347229003906
i1,2023-04-28 15:02:04.231,105.54335021972656
i1,2023-04-28 15:02:04.329,105.54335021972656
i1,2023-04-28 15:02:04.430,105.90980529785156
i1,2023-04-28 15:02:04.534,105.90980529785156
i1,2023-04-28 15:02:04.631,105.90980529785156
i1,2023-04-28 15:02:04.734,106.6708984375
i1,2023-04-28 15:02:04.831,106.6426773071289
i1,2023-04-28 15:02:04.940,106.6426773071289
i1,2023-04-28 15:02:05.040,107.3756332397461
i1,2023-04-28 15:02:05.151,107.3756332397461
i1,2023-04-28 15:02:05.250,107.89741516113281
i1,2023-04-28 15:02:05.345,107.89741516113281
i1,2023-04-28 15:02:05.452,108.4752426147461
i1,2023-04-28 15:02:05.550,108.4752426147461
i1,2023-04-28 15:02:05.651,109.00975036621094
i1,2023-04-28 15:02:05.761,109.9387435913086
i1,2023-04-28 15:02:05.860,109.9387435913086
i1,2023-04-28 15:02:05.958,109.9387435913086
i1,2023-04-28 15:02:06.061,111.7833480834961
i1,2023-04-28 15:02:06.167,113.62786102294922
i1,2023-04-28 15:02:06.265,113.62786102294922
i1,2023-04-28 15:02:06.372,123.04315185546875
i1,2023-04-28 15:02:06.468,123.04315185546875
i1,2023-04-28 15:02:06.574,160.4815216064453
i1,2023-04-28 15:02:06.700,160.4815216064453
i1,2023-04-28 15:02:06.781,207.034423828125
i1,2023-04-28 15:02:06.884,207.034423828125
i1,2023-04-28 15:02:06.983,249.61648559570312
i1,2023-04-28 15:02:07.085,249.61648559570312
i1,2023-04-28 15:02:07.186,289.99554443359375
i1,2023-04-28 15:02:07.290,289.99554443359375
i1,2023-04-28 15:02:07.390,289.2614440917969
i1,2023-04-28 15:02:07.493,289.2614440917969
i1,2023-04-28 15:02:07.591,289.2614440917969
i1,2023-04-28 15:02:07.701,275.3709716796875
i1,2023-04-28 15:02:07.807,285.59039306640625
i1,2023-04-28 15:02:07.898,285.59039306640625
i1,2023-04-28 15:02:08.002,283.3883972167969
i1,2023-04-28 15:02:08.105,283.3883972167969
i1,2023-04-28 15:02:08.202,273.84442138671875
i1,2023-04-28 15:02:08.305,273.84442138671875
i1,2023-04-28 15:02:08.409,235.66744995117188
i1,2023-04-28 15:02:08.509,235.66744995117188
i1,2023-04-28 15:02:08.611,235.66744995117188
i1,2023-04-28 15:02:08.712,183.6729736328125
i1,2023-04-28 15:02:08.816,144.61795043945312
i1,2023-04-28 15:02:08.917,144.61795043945312
i1,2023-04-28 15:02:09.028,103.29808807373047
i1,2023-04-28 15:02:09.124,103.29808807373047
i1,2023-04-28 15:02:09.222,102.92916107177734
i1,2023-04-28 15:02:09.323,102.92916107177734
i1,2023-04-28 15:02:09.428,102.88360595703125
i1,2023-04-28 15:02:09.532,102.88360595703125
i1,2023-04-28 15:02:09.628,103.07726287841797
i1,2023-04-28 15:02:09.732,103.07726287841797
i1,2023-04-28 15:02:09.834,102.6115493774414
i1,2023-04-28 15:02:09.935,102.6115493774414
i1,2023-04-28 15:02:10.037,102.97811889648438
i1,2023-04-28 15:02:10.144,102.97811889648438
i1,2023-04-28 15:02:10.242,102.61170959472656
i1,2023-04-28 15:02:10.346,102.61170959472656
i1,2023-04-28 15:02:10.445,102.72029876708984
i1,2023-04-28 15:02:10.548,102.72029876708984
i1,2023-04-28 15:02:10.649,102.61170959472656
i1,2023-04-28 15:02:10.754,102.61170959472656
i1,2023-04-28 15:02:10.856,102.24530029296875
i1,2023-04-28 15:02:10.959,102.24530029296875
i1,2023-04-28 15:02:11.063,102.55492401123047
i1,2023-04-28 15:02:11.157,102.55492401123047
i1,2023-04-28 15:02:11.260,102.55494689941406
i1,2023-04-28 15:02:11.360,102.55494689941406
i1,2023-04-28 15:02:11.467,102.55487823486328
i1,2023-04-28 15:02:11.570,102.55487823486328
i1,2023-04-28 15:02:11.708,102.61695861816406
i1,2023-04-28 15:02:11.766,102.61695861816406
i1,2023-04-28 15:02:11.864,102.5030746459961
i1,2023-04-28 15:02:11.975,102.50300598144531
i1,2023-04-28 15:02:12.084,102.50300598144531
i1,2023-04-28 15:02:12.176,102.50300598144531
i1,2023-04-28 15:02:12.279,102.50316619873047
i1,2023-04-28 15:02:12.385,102.50312042236328
i1,2023-04-28 15:02:12.484,102.50312042236328
i1,2023-04-28 15:02:12.586,102.50312042236328
i1,2023-04-28 15:02:12.714,102.91522979736328
i1,2023-04-28 15:02:12.794,102.782470703125
i1,2023-04-28 15:02:12.890,102.782470703125
i1,2023-04-28 15:02:12.993,103.25086212158203
i1,2023-04-28 15:02:13.094,103.25086212158203
i1,2023-04-28 15:02:13.200,103.14949035644531
i1,2023-04-28 15:02:13.299,103.14949035644531
i1,2023-04-28 15:02:13.405,103.90340423583984
i1,2023-04-28 15:02:13.504,103.90340423583984
i1,2023-04-28 15:02:13.604,104.03594207763672
i1,2023-04-28 15:02:13.729,104.03594207763672
i1,2023-04-28 15:02:13.811,104.25081634521484
i1,2023-04-28 15:02:13.913,104.25081634521484
i1,2023-04-28 15:02:14.014,104.61798858642578
i1,2023-04-28 15:02:14.115,104.61798858642578
i1,2023-04-28 15:02:14.216,104.98512268066406
i1,2023-04-28 15:02:14.322,104.98512268066406
i1,2023-04-28 15:02:14.424,105.07989501953125
i1,2023-04-28 15:02:14.524,105.07989501953125
i1,2023-04-28 15:02:14.625,105.14274597167969
i1,2023-04-28 15:02:14.726,105.14274597167969
i1,2023-04-28 15:02:14.827,105.38481140136719
i1,2023-04-28 15:02:14.930,105.38481140136719
i1,2023-04-28 15:02:15.033,105.5116958618164
i1,2023-04-28 15:02:15.134,105.5116958618164
i1,2023-04-28 15:02:15.239,105.14264678955078
i1,2023-04-28 15:02:15.339,105.14264678955078
i1,2023-04-28 15:02:15.445,105.1427230834961
i1,2023-04-28 15:02:15.547,105.1427230834961
i1,2023-04-28 15:02:15.646,105.1427230834961
i1,2023-04-28 15:02:15.750,105.28572845458984
i1,2023-04-28 15:02:15.844,104.93133544921875
i1,2023-04-28 15:02:15.945,104.93133544921875
i1,2023-04-28 15:02:16.046,105.17708587646484
i1,2023-04-28 15:02:16.152,105.17708587646484
i1,2023-04-28 15:02:16.254,105.3021011352539
i1,2023-04-28 15:02:16.360,105.3021011352539
i1,2023-04-28 15:02:16.459,105.54349517822266
i1,2023-04-28 15:02:16.563,105.54349517822266
i1,2023-04-28 15:02:16.666,105.30203247070312
i1,2023-04-28 15:02:16.765,105.30203247070312
i1,2023-04-28 15:02:16.865,105.54349517822266
i1,2023-04-28 15:02:16.973,105.54349517822266
i1,2023-04-28 15:02:17.072,105.90997314453125
i1,2023-04-28 15:02:17.173,105.90997314453125
i1,2023-04-28 15:02:17.288,106.27660369873047
i1,2023-04-28 15:02:17.378,106.27660369873047
i1,2023-04-28 15:02:17.481,107.00041961669922
i1,2023-04-28 15:02:17.581,107.00041961669922
i1,2023-04-28 15:02:17.682,107.37589263916016
i1,2023-04-28 15:02:17.787,107.37589263916016
i1,2023-04-28 15:02:17.886,107.74241638183594
i1,2023-04-28 15:02:17.987,107.74241638183594
i1,2023-04-28 15:02:18.093,108.47526550292969
i1,2023-04-28 15:02:18.195,108.47526550292969
i1,2023-04-28 15:02:18.296,109.57489013671875
i1,2023-04-28 15:02:18.405,110.67442321777344
i1,2023-04-28 15:02:18.499,110.67442321777344
i1,2023-04-28 15:02:18.601,110.67442321777344
i1,2023-04-28 15:02:18.733,112.6621322631836
i1,2023-04-28 15:02:18.820,113.9970474243164
i1,2023-04-28 15:02:18.908,113.9970474243164
i1,2023-04-28 15:02:19.008,116.57955169677734
i1,2023-04-28 15:02:19.108,116.57955169677734
i1,2023-04-28 15:02:19.218,144.98692321777344
i1,2023-04-28 15:02:19.314,144.98692321777344
i1,2023-04-28 15:02:19.413,184.46221923828125
i1,2023-04-28 15:02:19.514,184.46221923828125
i1,2023-04-28 15:02:19.622,230.94717407226562
i1,2023-04-28 15:02:19.751,230.94717407226562
i1,2023-04-28 15:02:19.828,276.41436767578125
i1,2023-04-28 15:02:19.940,276.41436767578125
i1,2023-04-28 15:02:20.030,289.26239013671875
i1,2023-04-28 15:02:20.130,289.26239013671875
i1,2023-04-28 15:02:20.232,287.79400634765625
i1,2023-04-28 15:02:20.333,287.79400634765625
i1,2023-04-28 15:02:20.433,296.8143310546875
i1,2023-04-28 15:02:20.535,296.8143310546875
i1,2023-04-28 15:02:20.641,284.4415283203125
i1,2023-04-28 15:02:20.744,284.4415283203125
i1,2023-04-28 15:02:20.843,278.9626159667969
i1,2023-04-28 15:02:20.942,278.9626159667969
i1,2023-04-28 15:02:21.046,251.97598266601562
i1,2023-04-28 15:02:21.147,251.97598266601562
i1,2023-04-28 15:02:21.249,210.40667724609375
i1,2023-04-28 15:02:21.352,210.40667724609375
i1,2023-04-28 15:02:21.465,164.5402374267578
i1,2023-04-28 15:02:21.555,164.5402374267578
i1,2023-04-28 15:02:21.657,164.5402374267578
i1,2023-04-28 15:02:21.758,116.36892700195312
i1,2023-04-28 15:02:21.864,102.70677185058594
i1,2023-04-28 15:02:21.956,102.70677185058594
i1,2023-04-28 15:02:22.069,102.6119613647461
i1,2023-04-28 15:02:22.166,102.6119613647461
i1,2023-04-28 15:02:22.267,103.07756042480469
i1,2023-04-28 15:02:22.370,103.07756042480469
i1,2023-04-28 15:02:22.471,102.9784164428711
i1,2023-04-28 15:02:22.582,102.9784164428711
i1,2023-04-28 15:02:22.676,103.07760620117188
i1,2023-04-28 15:02:22.785,103.07760620117188
i1,2023-04-28 15:02:22.883,102.97850799560547
i1,2023-04-28 15:02:22.984,102.97850799560547
i1,2023-04-28 15:02:23.085,103.44844055175781
i1,2023-04-28 15:02:23.186,103.44844055175781
i1,2023-04-28 15:02:23.288,102.97857666015625
i1,2023-04-28 15:02:23.390,102.97857666015625
i1,2023-04-28 15:02:23.494,103.21669006347656
i1,2023-04-28 15:02:23.594,103.21669006347656
i1,2023-04-28 15:02:23.696,103.34498596191406
i1,2023-04-28 15:02:23.801,103.34498596191406
i1,2023-04-28 15:02:23.903,103.66736602783203
i1,2023-04-28 15:02:24.004,103.66736602783203
i1,2023-04-28 15:02:24.105,103.19718170166016
i1,2023-04-28 15:02:24.206,103.19718170166016
i1,2023-04-28 15:02:24.310,103.29847717285156
i1,2023-04-28 15:02:24.412,103.29847717285156
i1,2023-04-28 15:02:24.511,103.56184387207031
i1,2023-04-28 15:02:24.621,103.2983627319336
i1,2023-04-28 15:02:24.716,103.2983627319336
i1,2023-04-28 15:02:24.818,103.2983627319336
i1,2023-04-28 15:02:24.920,103.19713592529297
i1,2023-04-28 15:02:25.030,103.66727447509766
