id,timestamp,MaxxTurn45_Power_Active_Sum
i1,2023-04-28 15:00:12.765,2905.578125
i1,2023-04-28 15:00:12.863,2969.721435546875
i1,2023-04-28 15:00:12.968,3045.714599609375
i1,2023-04-28 15:00:13.068,3045.714599609375
i1,2023-04-28 15:00:13.184,3045.714599609375
i1,2023-04-28 15:00:13.279,2981.678955078125
i1,2023-04-28 15:00:13.376,3045.0751953125
i1,2023-04-28 15:00:13.479,3045.0751953125
i1,2023-04-28 15:00:13.580,3022.64404296875
i1,2023-04-28 15:00:13.686,2866.977783203125
i1,2023-04-28 15:00:13.783,2866.977783203125
i1,2023-04-28 15:00:13.890,2866.977783203125
i1,2023-04-28 15:00:13.989,2616.647705078125
i1,2023-04-28 15:00:14.093,2604.980712890625
i1,2023-04-28 15:00:14.190,2604.980712890625
i1,2023-04-28 15:00:14.296,2692.47119140625
i1,2023-04-28 15:00:14.397,2692.47119140625
i1,2023-04-28 15:00:14.496,3419.082763671875
i1,2023-04-28 15:00:14.600,3419.082763671875
i1,2023-04-28 15:00:14.700,5274.81103515625
i1,2023-04-28 15:00:14.801,5274.81103515625
i1,2023-04-28 15:00:14.903,7459.1865234375
i1,2023-04-28 15:00:15.005,7459.1865234375
i1,2023-04-28 15:00:15.110,7459.1865234375
i1,2023-04-28 15:00:15.213,9519.1875
i1,2023-04-28 15:00:15.316,10685.4912109375
i1,2023-04-28 15:00:15.413,10685.4912109375
i1,2023-04-28 15:00:15.518,12111.75390625
i1,2023-04-28 15:00:15.621,12111.75390625
i1,2023-04-28 15:00:15.723,13655.861328125
i1,2023-04-28 15:00:15.819,13655.861328125
i1,2023-04-28 15:00:15.923,14805.2890625
i1,2023-04-28 15:00:16.022,14805.2890625
i1,2023-04-28 15:00:16.131,15097.8984375
i1,2023-04-28 15:00:16.232,15097.8984375
i1,2023-04-28 15:00:16.333,14529.138671875
i1,2023-04-28 15:00:16.433,14529.138671875
i1,2023-04-28 15:00:16.534,12947.27734375
i1,2023-04-28 15:00:16.636,12947.27734375
i1,2023-04-28 15:00:16.738,11334.44140625
i1,2023-04-28 15:00:16.842,11334.44140625
i1,2023-04-28 15:00:16.946,9143.849609375
i1,2023-04-28 15:00:17.049,9143.849609375
i1,2023-04-28 15:00:17.145,8355.8271484375
i1,2023-04-28 15:00:17.252,8355.8271484375
i1,2023-04-28 15:00:17.353,7198.73193359375
i1,2023-04-28 15:00:17.451,7198.73193359375
i1,2023-04-28 15:00:17.553,5900.4892578125
i1,2023-04-28 15:00:17.655,5900.4892578125
i1,2023-04-28 15:00:17.757,3877.3544921875
i1,2023-04-28 15:00:17.859,3877.3544921875
i1,2023-04-28 15:00:17.961,2549.90478515625
i1,2023-04-28 15:00:18.075,2549.90478515625
i1,2023-04-28 15:00:18.166,1490.468017578125
i1,2023-04-28 15:00:18.267,1490.468017578125
i1,2023-04-28 15:00:18.372,202.42117309570312
i1,2023-04-28 15:00:18.471,202.42117309570312
i1,2023-04-28 15:00:18.577,-1012.9811401367188
i1,2023-04-28 15:00:18.680,-1012.9811401367188
i1,2023-04-28 15:00:18.781,-2525.0439453125
i1,2023-04-28 15:00:18.882,-2525.0439453125
i1,2023-04-28 15:00:18.988,-4218.2646484375
i1,2023-04-28 15:00:19.089,-4218.2646484375
i1,2023-04-28 15:00:19.190,-5247.20703125
i1,2023-04-28 15:00:19.295,-5247.20703125
i1,2023-04-28 15:00:19.397,-5432.47265625
i1,2023-04-28 15:00:19.504,-4299.73046875
i1,2023-04-28 15:00:19.602,-4299.73046875
i1,2023-04-28 15:00:19.702,-4299.73046875
i1,2023-04-28 15:00:19.804,-2161.56640625
i1,2023-04-28 15:00:19.906,462.04461669921875
i1,2023-04-28 15:00:20.007,462.04461669921875
i1,2023-04-28 15:00:20.110,462.04461669921875
i1,2023-04-28 15:00:20.215,462.04461669921875
i1,2023-04-28 15:00:20.308,6373.7158203125
i1,2023-04-28 15:00:20.410,6373.7158203125
i1,2023-04-28 15:00:20.516,9191.14453125
i1,2023-04-28 15:00:20.618,9191.14453125
i1,2023-04-28 15:00:20.718,11549.15234375
i1,2023-04-28 15:00:20.824,11549.15234375
i1,2023-04-28 15:00:20.925,12659.0869140625
i1,2023-04-28 15:00:21.026,12659.0869140625
i1,2023-04-28 15:00:21.129,13048.423828125
i1,2023-04-28 15:00:21.234,13048.423828125
i1,2023-04-28 15:00:21.330,12828.2548828125
i1,2023-04-28 15:00:21.433,12828.2548828125
i1,2023-04-28 15:00:21.534,11685.6611328125
i1,2023-04-28 15:00:21.636,11685.6611328125
i1,2023-04-28 15:00:21.739,10074.2265625
i1,2023-04-28 15:00:21.842,10074.2265625
i1,2023-04-28 15:00:21.946,7559.8056640625
i1,2023-04-28 15:00:22.044,7559.8056640625
i1,2023-04-28 15:00:22.146,6756.5185546875
i1,2023-04-28 15:00:22.251,6756.5185546875
i1,2023-04-28 15:00:22.354,6756.5185546875
i1,2023-04-28 15:00:22.452,5341.39697265625
i1,2023-04-28 15:00:22.553,4571.62353515625
i1,2023-04-28 15:00:22.656,4571.62353515625
i1,2023-04-28 15:00:22.761,4514.9853515625
i1,2023-04-28 15:00:22.859,4514.9853515625
i1,2023-04-28 15:00:22.961,4665.06396484375
i1,2023-04-28 15:00:23.063,4665.06396484375
i1,2023-04-28 15:00:23.167,4665.06396484375
i1,2023-04-28 15:00:23.269,4823.1015625
i1,2023-04-28 15:00:23.371,4475.40380859375
i1,2023-04-28 15:00:23.473,4475.40380859375
i1,2023-04-28 15:00:23.579,3607.641845703125
i1,2023-04-28 15:00:23.679,3607.641845703125
i1,2023-04-28 15:00:23.783,2301.30078125
i1,2023-04-28 15:00:23.885,2301.30078125
i1,2023-04-28 15:00:23.984,1450.1611328125
i1,2023-04-28 15:00:24.088,1450.1611328125
i1,2023-04-28 15:00:24.191,1450.1611328125
i1,2023-04-28 15:00:24.289,3536.22998046875
i1,2023-04-28 15:00:24.387,4054.3466796875
i1,2023-04-28 15:00:24.492,4054.3466796875
i1,2023-04-28 15:00:24.591,5251.634765625
i1,2023-04-28 15:00:24.694,5251.634765625
i1,2023-04-28 15:00:24.799,6090.77734375
i1,2023-04-28 15:00:24.901,6090.77734375
i1,2023-04-28 15:00:25.006,7182.2744140625
i1,2023-04-28 15:00:25.103,7182.2744140625
i1,2023-04-28 15:00:25.205,7502.193359375
i1,2023-04-28 15:00:25.307,7502.193359375
i1,2023-04-28 15:00:25.409,8268.375
i1,2023-04-28 15:00:25.514,9515.431640625
i1,2023-04-28 15:00:25.614,9515.431640625
i1,2023-04-28 15:00:25.723,10202.8818359375
i1,2023-04-28 15:00:25.818,10202.8818359375
i1,2023-04-28 15:00:25.922,10202.8818359375
i1,2023-04-28 15:00:26.024,8410.56640625
i1,2023-04-28 15:00:26.127,7156.228515625
i1,2023-04-28 15:00:26.234,7156.228515625
i1,2023-04-28 15:00:26.331,5950.9208984375
i1,2023-04-28 15:00:26.433,5950.9208984375
i1,2023-04-28 15:00:26.533,5450.501953125
i1,2023-04-28 15:00:26.638,5450.501953125
i1,2023-04-28 15:00:26.737,3617.847900390625
i1,2023-04-28 15:00:26.838,3617.847900390625
i1,2023-04-28 15:00:26.939,2454.14453125
i1,2023-04-28 15:00:27.048,2454.14453125
i1,2023-04-28 15:00:27.143,2454.14453125
i1,2023-04-28 15:00:27.247,3447.966552734375
i1,2023-04-28 15:00:27.351,3870.84814453125
i1,2023-04-28 15:00:27.451,3870.84814453125
i1,2023-04-28 15:00:27.552,3812.733154296875
i1,2023-04-28 15:00:27.655,3812.733154296875
i1,2023-04-28 15:00:27.756,2748.193603515625
i1,2023-04-28 15:00:27.858,2748.193603515625
i1,2023-04-28 15:00:27.962,2233.785400390625
i1,2023-04-28 15:00:28.063,2233.785400390625
i1,2023-04-28 15:00:28.161,2233.785400390625
i1,2023-04-28 15:00:28.268,2300.6943359375
i1,2023-04-28 15:00:28.368,2100.853271484375
i1,2023-04-28 15:00:28.469,2100.853271484375
i1,2023-04-28 15:00:28.570,3612.82421875
i1,2023-04-28 15:00:28.670,3612.82421875
i1,2023-04-28 15:00:28.777,4606.57421875
i1,2023-04-28 15:00:28.881,4606.57421875
i1,2023-04-28 15:00:28.987,4606.57421875
i1,2023-04-28 15:00:29.087,4424.798828125
i1,2023-04-28 15:00:29.187,4540.6904296875
i1,2023-04-28 15:00:29.290,4540.6904296875
i1,2023-04-28 15:00:29.388,4536.9365234375
i1,2023-04-28 15:00:29.490,4536.9365234375
i1,2023-04-28 15:00:29.592,5587.10595703125
i1,2023-04-28 15:00:29.695,5587.10595703125
i1,2023-04-28 15:00:29.796,6579.8037109375
i1,2023-04-28 15:00:29.898,6579.8037109375
i1,2023-04-28 15:00:30.004,6793.0986328125
i1,2023-04-28 15:00:30.102,6793.0986328125
i1,2023-04-28 15:00:30.203,5499.5322265625
i1,2023-04-28 15:00:30.305,5499.5322265625
i1,2023-04-28 15:00:30.410,3546.25439453125
i1,2023-04-28 15:00:30.503,3546.25439453125
i1,2023-04-28 15:00:30.610,2489.37744140625
i1,2023-04-28 15:00:30.712,2489.37744140625
i1,2023-04-28 15:00:30.810,554.1005859375
i1,2023-04-28 15:00:30.911,554.1005859375
i1,2023-04-28 15:00:31.014,-1150.35302734375
i1,2023-04-28 15:00:31.119,-1150.35302734375
i1,2023-04-28 15:00:31.232,-1150.35302734375
i1,2023-04-28 15:00:31.334,-2920.4248046875
i1,2023-04-28 15:00:31.425,-4181.93701171875
i1,2023-04-28 15:00:31.527,-4181.93701171875
i1,2023-04-28 15:00:31.629,-5262.09912109375
i1,2023-04-28 15:00:31.734,-5273.1396484375
i1,2023-04-28 15:00:31.832,-5273.1396484375
i1,2023-04-28 15:00:31.943,-4319.505859375
i1,2023-04-28 15:00:32.038,-4319.505859375
i1,2023-04-28 15:00:32.141,-2315.023193359375
i1,2023-04-28 15:00:32.243,-2315.023193359375
i1,2023-04-28 15:00:32.345,611.4305419921875
i1,2023-04-28 15:00:32.446,611.4305419921875
i1,2023-04-28 15:00:32.550,611.4305419921875
i1,2023-04-28 15:00:32.648,3653.640380859375
i1,2023-04-28 15:00:32.749,6121.14208984375
i1,2023-04-28 15:00:32.852,6121.14208984375
i1,2023-04-28 15:00:32.955,9997.103515625
i1,2023-04-28 15:00:33.057,9997.103515625
i1,2023-04-28 15:00:33.158,11098.296875
i1,2023-04-28 15:00:33.273,11098.296875
i1,2023-04-28 15:00:33.364,12139.5009765625
i1,2023-04-28 15:00:33.467,12139.5009765625
i1,2023-04-28 15:00:33.571,11989.2216796875
i1,2023-04-28 15:00:33.669,11989.2216796875
i1,2023-04-28 15:00:33.773,11924.984375
i1,2023-04-28 15:00:33.874,11924.984375
i1,2023-04-28 15:00:33.976,10880.8046875
i1,2023-04-28 15:00:34.074,10880.8046875
i1,2023-04-28 15:00:34.181,9165.94921875
i1,2023-04-28 15:00:34.283,9165.94921875
i1,2023-04-28 15:00:34.389,7366.2041015625
i1,2023-04-28 15:00:34.486,7366.2041015625
i1,2023-04-28 15:00:34.585,6009.54345703125
i1,2023-04-28 15:00:34.687,6009.54345703125
i1,2023-04-28 15:00:34.791,4759.51904296875
i1,2023-04-28 15:00:34.893,4759.51904296875
i1,2023-04-28 15:00:34.995,4134.71337890625
i1,2023-04-28 15:00:35.098,4134.71337890625
i1,2023-04-28 15:00:35.201,4387.1328125
i1,2023-04-28 15:00:35.302,4387.1328125
i1,2023-04-28 15:00:35.401,4386.3505859375
i1,2023-04-28 15:00:35.506,4386.3505859375
i1,2023-04-28 15:00:35.604,4385.45361328125
i1,2023-04-28 15:00:35.705,4385.45361328125
i1,2023-04-28 15:00:35.808,4382.755859375
i1,2023-04-28 15:00:35.910,4382.755859375
i1,2023-04-28 15:00:36.012,4382.75048828125
i1,2023-04-28 15:00:36.116,4382.75048828125
i1,2023-04-28 15:00:36.214,4382.75048828125
i1,2023-04-28 15:00:36.315,4387.88720703125
i1,2023-04-28 15:00:36.420,4388.47119140625
i1,2023-04-28 15:00:36.521,4388.47119140625
i1,2023-04-28 15:00:36.623,4389.931640625
i1,2023-04-28 15:00:36.727,4389.931640625
i1,2023-04-28 15:00:36.829,4396.1484375
i1,2023-04-28 15:00:36.934,4396.1484375
i1,2023-04-28 15:00:37.036,4399.75927734375
i1,2023-04-28 15:00:37.138,4399.75927734375
i1,2023-04-28 15:00:37.240,4413.7890625
i1,2023-04-28 15:00:37.343,4413.7890625
i1,2023-04-28 15:00:37.445,4467.8974609375
i1,2023-04-28 15:00:37.551,4682.0546875
i1,2023-04-28 15:00:37.646,4682.0546875
i1,2023-04-28 15:00:37.751,4682.0546875
i1,2023-04-28 15:00:37.853,4931.3447265625
i1,2023-04-28 15:00:37.953,5224.9677734375
i1,2023-04-28 15:00:38.054,5224.9677734375
i1,2023-04-28 15:00:38.162,5403.3076171875
i1,2023-04-28 15:00:38.270,5403.3076171875
i1,2023-04-28 15:00:38.360,5411.94677734375
i1,2023-04-28 15:00:38.466,5411.94677734375
i1,2023-04-28 15:00:38.567,5388.0478515625
i1,2023-04-28 15:00:38.670,5388.0478515625
i1,2023-04-28 15:00:38.773,5387.86962890625
i1,2023-04-28 15:00:38.872,5387.86962890625
i1,2023-04-28 15:00:38.973,5360.20458984375
i1,2023-04-28 15:00:39.076,5360.20458984375
i1,2023-04-28 15:00:39.178,5360.20458984375
i1,2023-04-28 15:00:39.286,5243.13623046875
i1,2023-04-28 15:00:39.390,5014.44482421875
i1,2023-04-28 15:00:39.487,5014.44482421875
i1,2023-04-28 15:00:39.589,3813.06005859375
i1,2023-04-28 15:00:39.687,3813.06005859375
i1,2023-04-28 15:00:39.791,3160.489013671875
i1,2023-04-28 15:00:39.892,3160.489013671875
i1,2023-04-28 15:00:39.993,1809.58544921875
i1,2023-04-28 15:00:40.097,1809.58544921875
i1,2023-04-28 15:00:40.196,1809.58544921875
i1,2023-04-28 15:00:40.301,-162.70228576660156
i1,2023-04-28 15:00:40.404,-1309.6060791015625
i1,2023-04-28 15:00:40.505,-1309.6060791015625
i1,2023-04-28 15:00:40.600,-2593.0322265625
i1,2023-04-28 15:00:40.703,-2593.0322265625
i1,2023-04-28 15:00:40.810,-2850.99560546875
i1,2023-04-28 15:00:40.909,-2850.99560546875
i1,2023-04-28 15:00:41.014,-3644.9736328125
i1,2023-04-28 15:00:41.111,-3644.9736328125
i1,2023-04-28 15:00:41.215,-3248.30224609375
i1,2023-04-28 15:00:41.316,-3248.30224609375
i1,2023-04-28 15:00:41.420,-2386.79931640625
i1,2023-04-28 15:00:41.521,-2386.79931640625
i1,2023-04-28 15:00:41.626,-2386.79931640625
i1,2023-04-28 15:00:41.728,-2116.715576171875
i1,2023-04-28 15:00:41.830,-897.0731201171875
i1,2023-04-28 15:00:41.929,-897.0731201171875
i1,2023-04-28 15:00:42.032,2560.275390625
i1,2023-04-28 15:00:42.137,2560.275390625
i1,2023-04-28 15:00:42.234,5134.0830078125
i1,2023-04-28 15:00:42.337,5134.0830078125
i1,2023-04-28 15:00:42.441,8203.1357421875
i1,2023-04-28 15:00:42.540,8203.1357421875
i1,2023-04-28 15:00:42.642,9734.001953125
i1,2023-04-28 15:00:42.744,9734.001953125
i1,2023-04-28 15:00:42.851,11103.908203125
i1,2023-04-28 15:00:42.952,11103.908203125
i1,2023-04-28 15:00:43.052,11725.71875
i1,2023-04-28 15:00:43.153,11725.71875
i1,2023-04-28 15:00:43.270,11725.71875
i1,2023-04-28 15:00:43.360,11797.3056640625
i1,2023-04-28 15:00:43.462,12596.4384765625
i1,2023-04-28 15:00:43.561,12596.4384765625
i1,2023-04-28 15:00:43.664,12680.5693359375
i1,2023-04-28 15:00:43.770,11788.947265625
i1,2023-04-28 15:00:43.867,11788.947265625
i1,2023-04-28 15:00:43.969,11788.947265625
i1,2023-04-28 15:00:44.070,10193.83203125
i1,2023-04-28 15:00:44.179,8480.396484375
i1,2023-04-28 15:00:44.281,8480.396484375
i1,2023-04-28 15:00:44.386,7269.2060546875
i1,2023-04-28 15:00:44.481,7269.2060546875
i1,2023-04-28 15:00:44.585,6092.8564453125
i1,2023-04-28 15:00:44.684,6092.8564453125
i1,2023-04-28 15:00:44.787,5819.42578125
i1,2023-04-28 15:00:44.889,5819.42578125
i1,2023-04-28 15:00:44.990,5519.68798828125
i1,2023-04-28 15:00:45.095,5519.68798828125
i1,2023-04-28 15:00:45.194,5370.1513671875
i1,2023-04-28 15:00:45.312,5370.1513671875
i1,2023-04-28 15:00:45.402,4772.4189453125
i1,2023-04-28 15:00:45.512,4772.4189453125
i1,2023-04-28 15:00:45.603,3556.564697265625
i1,2023-04-28 15:00:45.709,3556.564697265625
i1,2023-04-28 15:00:45.810,3229.642333984375
i1,2023-04-28 15:00:45.905,3229.642333984375
i1,2023-04-28 15:00:46.009,4136.90234375
i1,2023-04-28 15:00:46.115,4136.90234375
i1,2023-04-28 15:00:46.214,4928.2685546875
i1,2023-04-28 15:00:46.318,4928.2685546875
i1,2023-04-28 15:00:46.420,5153.08642578125
i1,2023-04-28 15:00:46.525,5153.08642578125
i1,2023-04-28 15:00:46.629,5382.4541015625
i1,2023-04-28 15:00:46.728,5382.4541015625
i1,2023-04-28 15:00:46.825,5432.62109375
i1,2023-04-28 15:00:46.931,5432.62109375
i1,2023-04-28 15:00:47.031,5397.59326171875
i1,2023-04-28 15:00:47.135,5397.59326171875
i1,2023-04-28 15:00:47.238,5709.658203125
i1,2023-04-28 15:00:47.335,5709.658203125
i1,2023-04-28 15:00:47.437,6671.56103515625
i1,2023-04-28 15:00:47.541,6671.56103515625
i1,2023-04-28 15:00:47.641,6863.0693359375
i1,2023-04-28 15:00:47.744,6863.0693359375
i1,2023-04-28 15:00:47.845,5492.1435546875
i1,2023-04-28 15:00:47.951,5492.1435546875
i1,2023-04-28 15:00:48.047,3869.82763671875
i1,2023-04-28 15:00:48.150,3869.82763671875
i1,2023-04-28 15:00:48.252,4204.28369140625
i1,2023-04-28 15:00:48.353,4204.28369140625
i1,2023-04-28 15:00:48.455,4822.671875
i1,2023-04-28 15:00:48.557,4822.671875
i1,2023-04-28 15:00:48.664,4822.671875
i1,2023-04-28 15:00:48.766,4816.45166015625
i1,2023-04-28 15:00:48.864,4801.447265625
i1,2023-04-28 15:00:48.968,4801.447265625
i1,2023-04-28 15:00:49.068,4791.03759765625
i1,2023-04-28 15:00:49.171,4791.03759765625
i1,2023-04-28 15:00:49.274,4789.751953125
i1,2023-04-28 15:00:49.383,4789.751953125
i1,2023-04-28 15:00:49.479,4789.3115234375
i1,2023-04-28 15:00:49.580,4789.3115234375
i1,2023-04-28 15:00:49.680,5239.03759765625
i1,2023-04-28 15:00:49.785,5239.03759765625
i1,2023-04-28 15:00:49.888,6016.75341796875
i1,2023-04-28 15:00:49.993,5418.70751953125
i1,2023-04-28 15:00:50.087,5418.70751953125
i1,2023-04-28 15:00:50.191,5418.70751953125
i1,2023-04-28 15:00:50.297,5418.70751953125
i1,2023-04-28 15:00:50.397,4439.33447265625
i1,2023-04-28 15:00:50.503,4439.33447265625
i1,2023-04-28 15:00:50.603,4451.01708984375
i1,2023-04-28 15:00:50.698,4451.01708984375
i1,2023-04-28 15:00:50.797,4453.3828125
i1,2023-04-28 15:00:50.898,4453.3828125
i1,2023-04-28 15:00:51.004,4403.88818359375
i1,2023-04-28 15:00:51.105,4403.88818359375
i1,2023-04-28 15:00:51.205,4161.5283203125
i1,2023-04-28 15:00:51.321,4161.5283203125
i1,2023-04-28 15:00:51.410,3247.77294921875
i1,2023-04-28 15:00:51.515,3247.77294921875
i1,2023-04-28 15:00:51.615,2150.721435546875
i1,2023-04-28 15:00:51.717,2150.721435546875
i1,2023-04-28 15:00:51.818,1863.0244140625
i1,2023-04-28 15:00:51.923,1863.0244140625
i1,2023-04-28 15:00:52.027,2198.97216796875
i1,2023-04-28 15:00:52.126,2198.97216796875
i1,2023-04-28 15:00:52.229,2198.97216796875
i1,2023-04-28 15:00:52.334,3451.142578125
i1,2023-04-28 15:00:52.439,3675.43603515625
i1,2023-04-28 15:00:52.538,3675.43603515625
i1,2023-04-28 15:00:52.640,4144.595703125
i1,2023-04-28 15:00:52.742,4144.595703125
i1,2023-04-28 15:00:52.839,4241.62548828125
i1,2023-04-28 15:00:52.941,4241.62548828125
i1,2023-04-28 15:00:53.044,4510.357421875
i1,2023-04-28 15:00:53.146,4510.357421875
i1,2023-04-28 15:00:53.248,4510.357421875
i1,2023-04-28 15:00:53.349,4419.50048828125
i1,2023-04-28 15:00:53.452,5112.0712890625
i1,2023-04-28 15:00:53.555,5112.0712890625
i1,2023-04-28 15:00:53.655,5920.5107421875
i1,2023-04-28 15:00:53.764,5920.5107421875
i1,2023-04-28 15:00:53.859,6629.1826171875
i1,2023-04-28 15:00:53.962,6629.1826171875
i1,2023-04-28 15:00:54.068,6469.51708984375
i1,2023-04-28 15:00:54.167,6469.51708984375
i1,2023-04-28 15:00:54.270,6380.18359375
i1,2023-04-28 15:00:54.373,6380.18359375
i1,2023-04-28 15:00:54.473,5841.8251953125
i1,2023-04-28 15:00:54.575,5841.8251953125
i1,2023-04-28 15:00:54.678,4746.16064453125
i1,2023-04-28 15:00:54.780,4746.16064453125
i1,2023-04-28 15:00:54.882,5625.48876953125
i1,2023-04-28 15:00:54.988,5625.48876953125
i1,2023-04-28 15:00:55.092,7109.69189453125
i1,2023-04-28 15:00:55.194,7109.69189453125
i1,2023-04-28 15:00:55.293,7109.69189453125
i1,2023-04-28 15:00:55.396,7156.35693359375
i1,2023-04-28 15:00:55.496,6783.70068359375
i1,2023-04-28 15:00:55.599,6783.70068359375
i1,2023-04-28 15:00:55.701,5540.595703125
i1,2023-04-28 15:00:55.805,5540.595703125
i1,2023-04-28 15:00:55.901,3964.9912109375
i1,2023-04-28 15:00:56.002,3964.9912109375
i1,2023-04-28 15:00:56.110,2590.355712890625
i1,2023-04-28 15:00:56.214,1635.66748046875
i1,2023-04-28 15:00:56.321,1635.66748046875
i1,2023-04-28 15:00:56.419,1363.3311767578125
i1,2023-04-28 15:00:56.515,1363.3311767578125
i1,2023-04-28 15:00:56.616,-756.478515625
i1,2023-04-28 15:00:56.719,-756.478515625
i1,2023-04-28 15:00:56.823,-2589.1376953125
i1,2023-04-28 15:00:56.927,-2589.1376953125
i1,2023-04-28 15:00:57.029,-4894.3271484375
i1,2023-04-28 15:00:57.127,-4894.3271484375
i1,2023-04-28 15:00:57.228,-4894.3271484375
i1,2023-04-28 15:00:57.334,-4930.2685546875
i1,2023-04-28 15:00:57.432,-5627.05859375
i1,2023-04-28 15:00:57.539,-5627.05859375
i1,2023-04-28 15:00:57.636,-4855.671875
i1,2023-04-28 15:00:57.738,-4855.671875
i1,2023-04-28 15:00:57.840,-4006.589599609375
i1,2023-04-28 15:00:57.943,-4006.589599609375
i1,2023-04-28 15:00:58.046,-2887.4404296875
i1,2023-04-28 15:00:58.147,-2887.4404296875
i1,2023-04-28 15:00:58.249,-545.2708740234375
i1,2023-04-28 15:00:58.355,-545.2708740234375
i1,2023-04-28 15:00:58.453,2375.29052734375
i1,2023-04-28 15:00:58.554,2375.29052734375
i1,2023-04-28 15:00:58.656,5694.00390625
i1,2023-04-28 15:00:58.759,5694.00390625
i1,2023-04-28 15:00:58.863,7725.21875
i1,2023-04-28 15:00:58.967,7725.21875
i1,2023-04-28 15:00:59.064,9224.25390625
i1,2023-04-28 15:00:59.171,9224.25390625
i1,2023-04-28 15:00:59.272,8970.3203125
i1,2023-04-28 15:00:59.374,8970.3203125
i1,2023-04-28 15:00:59.478,8944.8828125
i1,2023-04-28 15:00:59.578,8944.8828125
i1,2023-04-28 15:00:59.676,9037.9169921875
i1,2023-04-28 15:00:59.779,9037.9169921875
i1,2023-04-28 15:00:59.880,8861.7978515625
i1,2023-04-28 15:00:59.984,8861.7978515625
i1,2023-04-28 15:01:00.084,7751.4091796875
i1,2023-04-28 15:01:00.191,7751.4091796875
i1,2023-04-28 15:01:00.291,5994.60302734375
i1,2023-04-28 15:01:00.393,5994.60302734375
i1,2023-04-28 15:01:00.494,4098.18212890625
i1,2023-04-28 15:01:00.596,4098.18212890625
i1,2023-04-28 15:01:00.700,3639.3330078125
i1,2023-04-28 15:01:00.800,3639.3330078125
i1,2023-04-28 15:01:00.896,3640.23583984375
i1,2023-04-28 15:01:00.997,3640.23583984375
i1,2023-04-28 15:01:01.101,3640.689697265625
i1,2023-04-28 15:01:01.209,3640.689697265625
i1,2023-04-28 15:01:01.307,3639.837158203125
i1,2023-04-28 15:01:01.414,3639.837158203125
i1,2023-04-28 15:01:01.512,3639.517578125
i1,2023-04-28 15:01:01.617,3639.517578125
i1,2023-04-28 15:01:01.719,3638.4853515625
i1,2023-04-28 15:01:01.821,3638.4853515625
i1,2023-04-28 15:01:01.919,3640.41943359375
i1,2023-04-28 15:01:02.024,3640.41943359375
i1,2023-04-28 15:01:02.127,3640.718505859375
i1,2023-04-28 15:01:02.225,3640.718505859375
i1,2023-04-28 15:01:02.329,3640.718505859375
i1,2023-04-28 15:01:02.433,3636.224365234375
i1,2023-04-28 15:01:02.534,3636.224365234375
i1,2023-04-28 15:01:02.640,3219.44970703125
i1,2023-04-28 15:01:02.743,3219.44970703125
i1,2023-04-28 15:01:02.841,4153.4951171875
i1,2023-04-28 15:01:02.942,4153.4951171875
i1,2023-04-28 15:01:03.045,4623.650390625
i1,2023-04-28 15:01:03.148,4623.650390625
i1,2023-04-28 15:01:03.249,4426.2451171875
i1,2023-04-28 15:01:03.360,4426.2451171875
i1,2023-04-28 15:01:03.453,4852.3564453125
i1,2023-04-28 15:01:03.554,4852.3564453125
i1,2023-04-28 15:01:03.657,5891.83935546875
i1,2023-04-28 15:01:03.759,5891.83935546875
i1,2023-04-28 15:01:03.858,5691.03369140625
i1,2023-04-28 15:01:03.961,5691.03369140625
i1,2023-04-28 15:01:04.061,6367.63037109375
i1,2023-04-28 15:01:04.164,6367.63037109375
i1,2023-04-28 15:01:04.267,7414.91162109375
i1,2023-04-28 15:01:04.369,7414.91162109375
i1,2023-04-28 15:01:04.477,7374.3681640625
i1,2023-04-28 15:01:04.573,7374.3681640625
i1,2023-04-28 15:01:04.679,7699.2109375
i1,2023-04-28 15:01:04.777,7699.2109375
i1,2023-04-28 15:01:04.879,7699.2109375
i1,2023-04-28 15:01:04.980,7183.775390625
i1,2023-04-28 15:01:05.080,6449.0537109375
i1,2023-04-28 15:01:05.183,6449.0537109375
i1,2023-04-28 15:01:05.284,6449.0537109375
i1,2023-04-28 15:01:05.386,4346.7333984375
i1,2023-04-28 15:01:05.489,3094.85302734375
i1,2023-04-28 15:01:05.594,3094.85302734375
i1,2023-04-28 15:01:05.694,3870.961181640625
i1,2023-04-28 15:01:05.800,3870.961181640625
i1,2023-04-28 15:01:05.899,4835.3486328125
i1,2023-04-28 15:01:06.000,4835.3486328125
i1,2023-04-28 15:01:06.101,5082.0458984375
i1,2023-04-28 15:01:06.205,5082.0458984375
i1,2023-04-28 15:01:06.305,5082.0458984375
i1,2023-04-28 15:01:06.407,5738.30810546875
i1,2023-04-28 15:01:06.509,4141.9169921875
i1,2023-04-28 15:01:06.610,4141.9169921875
i1,2023-04-28 15:01:06.717,3057.53369140625
i1,2023-04-28 15:01:06.816,3057.53369140625
i1,2023-04-28 15:01:06.921,3232.31689453125
i1,2023-04-28 15:01:07.020,3232.31689453125
i1,2023-04-28 15:01:07.119,4275.50732421875
i1,2023-04-28 15:01:07.222,4275.50732421875
i1,2023-04-28 15:01:07.324,4324.89111328125
i1,2023-04-28 15:01:07.426,4324.89111328125
i1,2023-04-28 15:01:07.532,4695.82666015625
i1,2023-04-28 15:01:07.638,2402.936767578125
i1,2023-04-28 15:01:07.735,2402.936767578125
i1,2023-04-28 15:01:07.832,2402.936767578125
i1,2023-04-28 15:01:07.936,2004.0003662109375
i1,2023-04-28 15:01:08.040,1522.94580078125
i1,2023-04-28 15:01:08.141,1522.94580078125
i1,2023-04-28 15:01:08.247,2074.4287109375
i1,2023-04-28 15:01:08.342,2074.4287109375
i1,2023-04-28 15:01:08.445,2074.4287109375
i1,2023-04-28 15:01:08.550,3170.229248046875
i1,2023-04-28 15:01:08.653,3903.0322265625
i1,2023-04-28 15:01:08.753,3903.0322265625
i1,2023-04-28 15:01:08.857,4510.93017578125
i1,2023-04-28 15:01:08.963,4510.93017578125
i1,2023-04-28 15:01:09.058,4664.8388671875
i1,2023-04-28 15:01:09.163,4664.8388671875
i1,2023-04-28 15:01:09.263,4664.8388671875
i1,2023-04-28 15:01:09.373,3669.35205078125
i1,2023-04-28 15:01:09.467,4455.0986328125
i1,2023-04-28 15:01:09.569,4455.0986328125
i1,2023-04-28 15:01:09.671,3747.589599609375
i1,2023-04-28 15:01:09.773,3747.589599609375
i1,2023-04-28 15:01:09.874,4985.88623046875
i1,2023-04-28 15:01:09.976,4985.88623046875
i1,2023-04-28 15:01:10.082,6213.513671875
i1,2023-04-28 15:01:10.184,6213.513671875
i1,2023-04-28 15:01:10.283,6213.513671875
i1,2023-04-28 15:01:10.384,6657.65478515625
i1,2023-04-28 15:01:10.485,6844.4296875
i1,2023-04-28 15:01:10.589,6844.4296875
i1,2023-04-28 15:01:10.693,5981.6220703125
i1,2023-04-28 15:01:10.792,5981.6220703125
i1,2023-04-28 15:01:10.897,4849.15234375
i1,2023-04-28 15:01:10.994,4849.15234375
i1,2023-04-28 15:01:11.094,3801.650146484375
i1,2023-04-28 15:01:11.196,3801.650146484375
i1,2023-04-28 15:01:11.303,4338.70654296875
i1,2023-04-28 15:01:11.405,4338.70654296875
i1,2023-04-28 15:01:11.506,4642.3857421875
i1,2023-04-28 15:01:11.607,4642.3857421875
i1,2023-04-28 15:01:11.708,4601.48291015625
i1,2023-04-28 15:01:11.813,4601.48291015625
i1,2023-04-28 15:01:11.911,4618.5478515625
i1,2023-04-28 15:01:12.013,4618.5478515625
i1,2023-04-28 15:01:12.115,5426.15625
i1,2023-04-28 15:01:12.217,5426.15625
i1,2023-04-28 15:01:12.319,5513.35888671875
i1,2023-04-28 15:01:12.424,5513.35888671875
i1,2023-04-28 15:01:12.522,5394.6640625
i1,2023-04-28 15:01:12.625,5394.6640625
i1,2023-04-28 15:01:12.727,5579.748046875
i1,2023-04-28 15:01:12.828,5579.748046875
i1,2023-04-28 15:01:12.935,5513.40380859375
i1,2023-04-28 15:01:13.037,5513.40380859375
i1,2023-04-28 15:01:13.135,4038.78662109375
i1,2023-04-28 15:01:13.236,4038.78662109375
i1,2023-04-28 15:01:13.338,4038.78662109375
i1,2023-04-28 15:01:13.447,4183.712890625
i1,2023-04-28 15:01:13.547,3391.4453125
i1,2023-04-28 15:01:13.649,3391.4453125
i1,2023-04-28 15:01:13.751,3371.76123046875
i1,2023-04-28 15:01:13.848,3371.76123046875
i1,2023-04-28 15:01:13.951,3266.42626953125
i1,2023-04-28 15:01:14.053,3266.42626953125
i1,2023-04-28 15:01:14.155,4390.60791015625
i1,2023-04-28 15:01:14.262,6564.29541015625
i1,2023-04-28 15:01:14.368,6564.29541015625
i1,2023-04-28 15:01:14.469,7664.2734375
i1,2023-04-28 15:01:14.563,7664.2734375
i1,2023-04-28 15:01:14.668,8409.8935546875
i1,2023-04-28 15:01:14.768,8409.8935546875
i1,2023-04-28 15:01:14.873,8313.8984375
i1,2023-04-28 15:01:14.976,8313.8984375
i1,2023-04-28 15:01:15.077,8313.8984375
i1,2023-04-28 15:01:15.182,6679.810546875
i1,2023-04-28 15:01:15.277,5186.04931640625
i1,2023-04-28 15:01:15.399,5186.04931640625
i1,2023-04-28 15:01:15.486,2860.93994140625
i1,2023-04-28 15:01:15.584,2860.93994140625
i1,2023-04-28 15:01:15.689,272.2204284667969
i1,2023-04-28 15:01:15.792,272.2204284667969
i1,2023-04-28 15:01:15.887,-2644.96484375
i1,2023-04-28 15:01:15.991,-2644.96484375
i1,2023-04-28 15:01:16.095,-5029.89599609375
i1,2023-04-28 15:01:16.195,-5029.89599609375
i1,2023-04-28 15:01:16.299,-5472.19677734375
i1,2023-04-28 15:01:16.403,-5472.19677734375
i1,2023-04-28 15:01:16.516,-5119.5361328125
i1,2023-04-28 15:01:16.605,-5119.5361328125
i1,2023-04-28 15:01:16.705,-3829.8173828125
i1,2023-04-28 15:01:16.809,-3829.8173828125
i1,2023-04-28 15:01:16.910,-2722.3564453125
i1,2023-04-28 15:01:17.014,-2722.3564453125
i1,2023-04-28 15:01:17.116,-1271.958251953125
i1,2023-04-28 15:01:17.213,-1271.958251953125
i1,2023-04-28 15:01:17.315,1142.4188232421875
i1,2023-04-28 15:01:17.417,1142.4188232421875
i1,2023-04-28 15:01:17.517,1142.4188232421875
i1,2023-04-28 15:01:17.620,4521.92431640625
i1,2023-04-28 15:01:17.722,7785.3427734375
i1,2023-04-28 15:01:17.824,7785.3427734375
i1,2023-04-28 15:01:17.927,10595.3427734375
i1,2023-04-28 15:01:18.031,10595.3427734375
i1,2023-04-28 15:01:18.130,11952.025390625
i1,2023-04-28 15:01:18.231,11952.025390625
i1,2023-04-28 15:01:18.334,11952.025390625
i1,2023-04-28 15:01:18.435,13378.8623046875
i1,2023-04-28 15:01:18.538,14265.6533203125
i1,2023-04-28 15:01:18.643,14265.6533203125
i1,2023-04-28 15:01:18.748,14905.462890625
i1,2023-04-28 15:01:18.843,14905.462890625
i1,2023-04-28 15:01:18.945,14678.009765625
i1,2023-04-28 15:01:19.047,14678.009765625
i1,2023-04-28 15:01:19.149,13355.966796875
i1,2023-04-28 15:01:19.251,13355.966796875
i1,2023-04-28 15:01:19.353,11618.662109375
i1,2023-04-28 15:01:19.463,11618.662109375
i1,2023-04-28 15:01:19.558,9910.150390625
i1,2023-04-28 15:01:19.660,9910.150390625
i1,2023-04-28 15:01:19.762,8581.98046875
i1,2023-04-28 15:01:19.867,8581.98046875
i1,2023-04-28 15:01:19.966,7419.775390625
i1,2023-04-28 15:01:20.072,7419.775390625
i1,2023-04-28 15:01:20.170,5717.75244140625
i1,2023-04-28 15:01:20.272,5717.75244140625
i1,2023-04-28 15:01:20.377,5717.75244140625
i1,2023-04-28 15:01:20.482,3186.331298828125
i1,2023-04-28 15:01:20.580,3186.331298828125
i1,2023-04-28 15:01:20.688,2818.1416015625
i1,2023-04-28 15:01:20.786,2818.1416015625
i1,2023-04-28 15:01:20.888,2553.111083984375
i1,2023-04-28 15:01:20.990,2553.111083984375
i1,2023-04-28 15:01:21.090,2408.98828125
i1,2023-04-28 15:01:21.186,2408.98828125
i1,2023-04-28 15:01:21.296,2339.314453125
i1,2023-04-28 15:01:21.407,2339.314453125
i1,2023-04-28 15:01:21.500,2333.2021484375
i1,2023-04-28 15:01:21.599,2333.2021484375
i1,2023-04-28 15:01:21.700,2280.16796875
i1,2023-04-28 15:01:21.801,2280.16796875
i1,2023-04-28 15:01:21.902,2271.5908203125
i1,2023-04-28 15:01:22.004,2271.5908203125
i1,2023-04-28 15:01:22.107,2954.82373046875
i1,2023-04-28 15:01:22.211,2954.82373046875
i1,2023-04-28 15:01:22.311,2954.82373046875
i1,2023-04-28 15:01:22.415,3338.0224609375
i1,2023-04-28 15:01:22.516,3646.98779296875
i1,2023-04-28 15:01:22.619,3646.98779296875
i1,2023-04-28 15:01:22.725,3859.10107421875
i1,2023-04-28 15:01:22.822,3859.10107421875
i1,2023-04-28 15:01:22.921,3983.11279296875
i1,2023-04-28 15:01:23.024,3983.11279296875
i1,2023-04-28 15:01:23.127,3995.7080078125
i1,2023-04-28 15:01:23.231,3995.7080078125
i1,2023-04-28 15:01:23.333,3995.7080078125
i1,2023-04-28 15:01:23.435,3989.18896484375
i1,2023-04-28 15:01:23.536,3984.010986328125
i1,2023-04-28 15:01:23.641,3984.010986328125
i1,2023-04-28 15:01:23.741,3982.1943359375
i1,2023-04-28 15:01:23.839,3982.1943359375
i1,2023-04-28 15:01:23.940,3992.54248046875
i1,2023-04-28 15:01:24.044,3992.54248046875
i1,2023-04-28 15:01:24.148,3992.54248046875
i1,2023-04-28 15:01:24.248,4169.33349609375
i1,2023-04-28 15:01:24.348,4367.5556640625
i1,2023-04-28 15:01:24.450,4367.5556640625
i1,2023-04-28 15:01:24.552,4599.59765625
i1,2023-04-28 15:01:24.655,4599.59765625
i1,2023-04-28 15:01:24.761,4823.69970703125
i1,2023-04-28 15:01:24.862,4823.69970703125
i1,2023-04-28 15:01:24.961,5057.1484375
i1,2023-04-28 15:01:25.063,5057.1484375
i1,2023-04-28 15:01:25.170,5388.615234375
i1,2023-04-28 15:01:25.272,5388.615234375
i1,2023-04-28 15:01:25.371,5388.615234375
i1,2023-04-28 15:01:25.474,5579.8447265625
i1,2023-04-28 15:01:25.578,5774.123046875
i1,2023-04-28 15:01:25.677,5774.123046875
i1,2023-04-28 15:01:25.783,5892.56591796875
i1,2023-04-28 15:01:25.884,5892.56591796875
i1,2023-04-28 15:01:25.988,5772.138671875
i1,2023-04-28 15:01:26.089,5772.138671875
i1,2023-04-28 15:01:26.187,5581.67578125
i1,2023-04-28 15:01:26.296,5396.75732421875
i1,2023-04-28 15:01:26.407,5396.75732421875
i1,2023-04-28 15:01:26.502,5396.75732421875
i1,2023-04-28 15:01:26.599,5201.697265625
i1,2023-04-28 15:01:26.702,4998.251953125
i1,2023-04-28 15:01:26.803,4998.251953125
i1,2023-04-28 15:01:26.907,4784.01171875
i1,2023-04-28 15:01:27.009,4784.01171875
i1,2023-04-28 15:01:27.105,4461.79541015625
i1,2023-04-28 15:01:27.207,4461.79541015625
i1,2023-04-28 15:01:27.313,4361.83984375
i1,2023-04-28 15:01:27.438,4361.83984375
i1,2023-04-28 15:01:27.515,4266.7958984375
i1,2023-04-28 15:01:27.613,4266.7958984375
i1,2023-04-28 15:01:27.718,4266.7958984375
i1,2023-04-28 15:01:27.820,4270.580078125
i1,2023-04-28 15:01:27.920,4261.8154296875
i1,2023-04-28 15:01:28.021,4261.8154296875
i1,2023-04-28 15:01:28.124,4251.814453125
i1,2023-04-28 15:01:28.225,4251.814453125
i1,2023-04-28 15:01:28.330,4245.9892578125
i1,2023-04-28 15:01:28.436,4245.9892578125
i1,2023-04-28 15:01:28.529,4245.912109375
i1,2023-04-28 15:01:28.638,4245.912109375
i1,2023-04-28 15:01:28.739,4253.55078125
i1,2023-04-28 15:01:28.840,4253.55078125
i1,2023-04-28 15:01:28.945,4253.544921875
i1,2023-04-28 15:01:29.045,4253.544921875
i1,2023-04-28 15:01:29.147,4246.81982421875
i1,2023-04-28 15:01:29.249,4246.81982421875
i1,2023-04-28 15:01:29.351,4240.111328125
i1,2023-04-28 15:01:29.453,4240.111328125
i1,2023-04-28 15:01:29.555,4237.30615234375
i1,2023-04-28 15:01:29.655,4237.30615234375
i1,2023-04-28 15:01:29.758,4234.2197265625
i1,2023-04-28 15:01:29.861,4234.2197265625
i1,2023-04-28 15:01:29.963,4237.318359375
i1,2023-04-28 15:01:30.064,4237.318359375
i1,2023-04-28 15:01:30.166,4244.11181640625
i1,2023-04-28 15:01:30.269,4244.11181640625
i1,2023-04-28 15:01:30.371,4241.06298828125
i1,2023-04-28 15:01:30.472,4241.06298828125
i1,2023-04-28 15:01:30.574,4241.00146484375
i1,2023-04-28 15:01:30.678,4241.00146484375
i1,2023-04-28 15:01:30.777,4241.00146484375
i1,2023-04-28 15:01:30.875,4241.54443359375
i1,2023-04-28 15:01:30.976,4239.65771484375
i1,2023-04-28 15:01:31.082,4239.65771484375
i1,2023-04-28 15:01:31.186,4244.24072265625
i1,2023-04-28 15:01:31.279,4244.24072265625
i1,2023-04-28 15:01:31.381,4248.72021484375
i1,2023-04-28 15:01:31.487,4248.72021484375
i1,2023-04-28 15:01:31.590,4254.6181640625
i1,2023-04-28 15:01:31.691,4254.6181640625
i1,2023-04-28 15:01:31.800,4254.08447265625
i1,2023-04-28 15:01:31.898,4254.08447265625
i1,2023-04-28 15:01:32.000,4247.447265625
i1,2023-04-28 15:01:32.099,4247.447265625
i1,2023-04-28 15:01:32.205,4252.74951171875
i1,2023-04-28 15:01:32.304,4252.74951171875
i1,2023-04-28 15:01:32.416,4252.74951171875
i1,2023-04-28 15:01:32.516,4236.99560546875
i1,2023-04-28 15:01:32.610,4236.99560546875
i1,2023-04-28 15:01:32.714,4236.99560546875
i1,2023-04-28 15:01:32.814,4015.5029296875
i1,2023-04-28 15:01:32.918,3796.24072265625
i1,2023-04-28 15:01:33.019,3796.24072265625
i1,2023-04-28 15:01:33.126,3561.468505859375
i1,2023-04-28 15:01:33.223,3561.468505859375
i1,2023-04-28 15:01:33.325,3337.782470703125
i1,2023-04-28 15:01:33.446,3337.782470703125
i1,2023-04-28 15:01:33.528,3110.162109375
i1,2023-04-28 15:01:33.632,3110.162109375
i1,2023-04-28 15:01:33.735,2867.5849609375
i1,2023-04-28 15:01:33.838,2867.5849609375
i1,2023-04-28 15:01:33.940,2645.873779296875
i1,2023-04-28 15:01:34.040,2645.873779296875
i1,2023-04-28 15:01:34.140,2288.38037109375
i1,2023-04-28 15:01:34.243,2288.38037109375
i1,2023-04-28 15:01:34.345,2288.38037109375
i1,2023-04-28 15:01:34.449,2625.281494140625
i1,2023-04-28 15:01:34.558,2824.0595703125
i1,2023-04-28 15:01:34.655,2824.0595703125
i1,2023-04-28 15:01:34.751,3226.71435546875
i1,2023-04-28 15:01:34.853,3226.71435546875
i1,2023-04-28 15:01:34.956,3699.0146484375
i1,2023-04-28 15:01:35.058,3699.0146484375
i1,2023-04-28 15:01:35.164,4131.3310546875
i1,2023-04-28 15:01:35.262,4131.3310546875
i1,2023-04-28 15:01:35.364,4131.3310546875
i1,2023-04-28 15:01:35.469,4321.51171875
i1,2023-04-28 15:01:35.567,4551.0654296875
i1,2023-04-28 15:01:35.669,4551.0654296875
i1,2023-04-28 15:01:35.772,4730.810546875
i1,2023-04-28 15:01:35.874,4730.810546875
i1,2023-04-28 15:01:35.979,4921.3388671875
i1,2023-04-28 15:01:36.081,4921.3388671875
i1,2023-04-28 15:01:36.181,4863.09912109375
i1,2023-04-28 15:01:36.289,4863.09912109375
i1,2023-04-28 15:01:36.387,4701.271484375
i1,2023-04-28 15:01:36.489,4701.271484375
i1,2023-04-28 15:01:36.592,4483.1357421875
i1,2023-04-28 15:01:36.691,4483.1357421875
i1,2023-04-28 15:01:36.796,4213.96484375
i1,2023-04-28 15:01:36.897,4213.96484375
i1,2023-04-28 15:01:37.000,3964.212890625
i1,2023-04-28 15:01:37.102,3964.212890625
i1,2023-04-28 15:01:37.207,3947.9306640625
i1,2023-04-28 15:01:37.308,3947.9306640625
i1,2023-04-28 15:01:37.406,3947.9306640625
i1,2023-04-28 15:01:37.513,3955.55322265625
i1,2023-04-28 15:01:37.617,3980.048583984375
i1,2023-04-28 15:01:37.716,3980.048583984375
i1,2023-04-28 15:01:37.817,4174.31201171875
i1,2023-04-28 15:01:37.920,4174.31201171875
i1,2023-04-28 15:01:38.023,4456.03515625
i1,2023-04-28 15:01:38.123,4456.03515625
i1,2023-04-28 15:01:38.222,4796.994140625
i1,2023-04-28 15:01:38.335,5127.1689453125
i1,2023-04-28 15:01:38.443,5127.1689453125
i1,2023-04-28 15:01:38.531,5127.1689453125
i1,2023-04-28 15:01:38.631,5538.564453125
i1,2023-04-28 15:01:38.737,5866.068359375
i1,2023-04-28 15:01:38.836,5866.068359375
i1,2023-04-28 15:01:38.941,5866.068359375
i1,2023-04-28 15:01:39.039,5890.724609375
i1,2023-04-28 15:01:39.140,6062.4794921875
i1,2023-04-28 15:01:39.242,6062.4794921875
i1,2023-04-28 15:01:39.344,6062.4794921875
i1,2023-04-28 15:01:39.459,5822.27783203125
i1,2023-04-28 15:01:39.553,5780.25341796875
i1,2023-04-28 15:01:39.650,5780.25341796875
i1,2023-04-28 15:01:39.751,5521.43994140625
i1,2023-04-28 15:01:39.858,5521.43994140625
i1,2023-04-28 15:01:39.961,5211.6611328125
i1,2023-04-28 15:01:40.058,5211.6611328125
i1,2023-04-28 15:01:40.159,4897.74951171875
i1,2023-04-28 15:01:40.262,4897.74951171875
i1,2023-04-28 15:01:40.363,4507.556640625
i1,2023-04-28 15:01:40.475,4507.556640625
i1,2023-04-28 15:01:40.567,4201.91259765625
i1,2023-04-28 15:01:40.674,4201.91259765625
i1,2023-04-28 15:01:40.774,4207.37353515625
i1,2023-04-28 15:01:40.878,4207.37353515625
i1,2023-04-28 15:01:40.983,4208.65771484375
i1,2023-04-28 15:01:41.082,4208.65771484375
i1,2023-04-28 15:01:41.180,4213.00390625
i1,2023-04-28 15:01:41.287,4213.00390625
i1,2023-04-28 15:01:41.382,4213.05810546875
i1,2023-04-28 15:01:41.481,4213.05810546875
i1,2023-04-28 15:01:41.593,4213.65234375
i1,2023-04-28 15:01:41.692,4213.65234375
i1,2023-04-28 15:01:41.795,3821.737060546875
i1,2023-04-28 15:01:41.898,3821.737060546875
i1,2023-04-28 15:01:41.995,3480.704345703125
i1,2023-04-28 15:01:42.096,3480.704345703125
i1,2023-04-28 15:01:42.198,3122.55078125
i1,2023-04-28 15:01:42.299,3122.55078125
i1,2023-04-28 15:01:42.404,2807.635986328125
i1,2023-04-28 15:01:42.509,2807.635986328125
i1,2023-04-28 15:01:42.608,2471.56298828125
i1,2023-04-28 15:01:42.708,2471.56298828125
i1,2023-04-28 15:01:42.813,2307.1982421875
i1,2023-04-28 15:01:42.914,2307.1982421875
i1,2023-04-28 15:01:43.014,2249.349365234375
i1,2023-04-28 15:01:43.119,2249.349365234375
i1,2023-04-28 15:01:43.225,2208.287353515625
i1,2023-04-28 15:01:43.319,2208.287353515625
i1,2023-04-28 15:01:43.422,2183.2822265625
i1,2023-04-28 15:01:43.529,2183.2822265625
i1,2023-04-28 15:01:43.627,2509.926513671875
i1,2023-04-28 15:01:43.728,2509.926513671875
i1,2023-04-28 15:01:43.829,2828.45263671875
i1,2023-04-28 15:01:43.933,2828.45263671875
i1,2023-04-28 15:01:44.033,2828.45263671875
i1,2023-04-28 15:01:44.134,3147.414794921875
i1,2023-04-28 15:01:44.240,3443.529541015625
i1,2023-04-28 15:01:44.343,3443.529541015625
i1,2023-04-28 15:01:44.453,3443.529541015625
i1,2023-04-28 15:01:44.543,4422.4296875
i1,2023-04-28 15:01:44.650,4359.21875
i1,2023-04-28 15:01:44.752,4359.21875
i1,2023-04-28 15:01:44.854,3439.071533203125
i1,2023-04-28 15:01:44.957,2658.002685546875
i1,2023-04-28 15:01:45.056,2658.002685546875
i1,2023-04-28 15:01:45.165,2450.28662109375
i1,2023-04-28 15:01:45.262,2450.28662109375
i1,2023-04-28 15:01:45.360,3583.53515625
i1,2023-04-28 15:01:45.485,3583.53515625
i1,2023-04-28 15:01:45.565,4754.62744140625
i1,2023-04-28 15:01:45.667,4754.62744140625
i1,2023-04-28 15:01:45.773,5071.22021484375
i1,2023-04-28 15:01:45.868,5071.22021484375
i1,2023-04-28 15:01:45.967,5059.482421875
i1,2023-04-28 15:01:46.069,5059.482421875
i1,2023-04-28 15:01:46.178,3734.329833984375
i1,2023-04-28 15:01:46.276,3734.329833984375
i1,2023-04-28 15:01:46.381,3833.721923828125
i1,2023-04-28 15:01:46.483,3833.721923828125
i1,2023-04-28 15:01:46.586,4748.88671875
i1,2023-04-28 15:01:46.689,4748.88671875
i1,2023-04-28 15:01:46.790,5528.95751953125
i1,2023-04-28 15:01:46.892,5528.95751953125
i1,2023-04-28 15:01:46.996,5528.95751953125
i1,2023-04-28 15:01:47.098,5740.17578125
i1,2023-04-28 15:01:47.203,4617.18359375
i1,2023-04-28 15:01:47.302,4617.18359375
i1,2023-04-28 15:01:47.400,4617.18359375
i1,2023-04-28 15:01:47.503,3497.07958984375
i1,2023-04-28 15:01:47.606,3154.48486328125
i1,2023-04-28 15:01:47.708,3154.48486328125
i1,2023-04-28 15:01:47.811,3155.9287109375
i1,2023-04-28 15:01:47.912,3155.9287109375
i1,2023-04-28 15:01:48.013,3742.06494140625
i1,2023-04-28 15:01:48.117,3742.06494140625
i1,2023-04-28 15:01:48.218,3875.121337890625
i1,2023-04-28 15:01:48.320,3875.121337890625
i1,2023-04-28 15:01:48.419,3907.8857421875
i1,2023-04-28 15:01:48.520,3907.8857421875
i1,2023-04-28 15:01:48.625,3910.14013671875
i1,2023-04-28 15:01:48.728,3910.14013671875
i1,2023-04-28 15:01:48.830,3908.919189453125
i1,2023-04-28 15:01:48.931,3908.919189453125
i1,2023-04-28 15:01:49.035,3908.4638671875
i1,2023-04-28 15:01:49.134,3908.4638671875
i1,2023-04-28 15:01:49.232,3903.46484375
i1,2023-04-28 15:01:49.338,3903.46484375
i1,2023-04-28 15:01:49.441,3903.46484375
i1,2023-04-28 15:01:49.542,3909.40185546875
i1,2023-04-28 15:01:49.646,3912.54541015625
i1,2023-04-28 15:01:49.744,3912.54541015625
i1,2023-04-28 15:01:49.847,3286.52685546875
i1,2023-04-28 15:01:49.948,3286.52685546875
i1,2023-04-28 15:01:50.050,2795.45458984375
i1,2023-04-28 15:01:50.152,2795.45458984375
i1,2023-04-28 15:01:50.256,1708.1986083984375
i1,2023-04-28 15:01:50.359,1708.1986083984375
i1,2023-04-28 15:01:50.460,575.3585815429688
i1,2023-04-28 15:01:50.562,575.3585815429688
i1,2023-04-28 15:01:50.664,-826.9132080078125
i1,2023-04-28 15:01:50.767,-2575.702392578125
i1,2023-04-28 15:01:50.866,-2575.702392578125
i1,2023-04-28 15:01:50.975,-3641.3212890625
i1,2023-04-28 15:01:51.070,-3641.3212890625
i1,2023-04-28 15:01:51.173,-3641.3212890625
i1,2023-04-28 15:01:51.272,-4039.0068359375
i1,2023-04-28 15:01:51.375,-3507.62548828125
i1,2023-04-28 15:01:51.503,-3507.62548828125
i1,2023-04-28 15:01:51.577,-2863.58251953125
i1,2023-04-28 15:01:51.682,-2863.58251953125
i1,2023-04-28 15:01:51.785,-2067.513671875
i1,2023-04-28 15:01:51.882,-2067.513671875
i1,2023-04-28 15:01:51.983,-918.8016967773438
i1,2023-04-28 15:01:52.084,-918.8016967773438
i1,2023-04-28 15:01:52.187,162.7696533203125
i1,2023-04-28 15:01:52.289,162.7696533203125
i1,2023-04-28 15:01:52.395,1468.423583984375
i1,2023-04-28 15:01:52.503,1468.423583984375
i1,2023-04-28 15:01:52.596,2990.03564453125
i1,2023-04-28 15:01:52.698,2990.03564453125
i1,2023-04-28 15:01:52.803,3950.37255859375
i1,2023-04-28 15:01:52.906,3950.37255859375
i1,2023-04-28 15:01:53.003,3723.220703125
i1,2023-04-28 15:01:53.105,3723.220703125
i1,2023-04-28 15:01:53.208,3531.12353515625
i1,2023-04-28 15:01:53.309,3531.12353515625
i1,2023-04-28 15:01:53.412,3402.981689453125
i1,2023-04-28 15:01:53.513,3402.981689453125
i1,2023-04-28 15:01:53.623,3402.981689453125
i1,2023-04-28 15:01:53.720,3031.8828125
i1,2023-04-28 15:01:53.823,2805.39599609375
i1,2023-04-28 15:01:53.921,2805.39599609375
i1,2023-04-28 15:01:54.021,2715.9853515625
i1,2023-04-28 15:01:54.124,2715.9853515625
i1,2023-04-28 15:01:54.226,2645.436767578125
i1,2023-04-28 15:01:54.328,2645.436767578125
i1,2023-04-28 15:01:54.434,2645.436767578125
i1,2023-04-28 15:01:54.532,2633.139404296875
i1,2023-04-28 15:01:54.633,2659.17626953125
i1,2023-04-28 15:01:54.736,2659.17626953125
i1,2023-04-28 15:01:54.842,2656.984130859375
i1,2023-04-28 15:01:54.940,2656.984130859375
i1,2023-04-28 15:01:55.046,2607.69189453125
i1,2023-04-28 15:01:55.143,2607.69189453125
i1,2023-04-28 15:01:55.249,2517.26611328125
i1,2023-04-28 15:01:55.351,2517.26611328125
i1,2023-04-28 15:01:55.453,2471.95703125
i1,2023-04-28 15:01:55.552,2471.95703125
i1,2023-04-28 15:01:55.658,2438.27685546875
i1,2023-04-28 15:01:55.758,2438.27685546875
i1,2023-04-28 15:01:55.860,2413.388427734375
i1,2023-04-28 15:01:55.969,2413.388427734375
i1,2023-04-28 15:01:56.066,2429.6875
i1,2023-04-28 15:01:56.162,2429.6875
i1,2023-04-28 15:01:56.269,2427.292724609375
i1,2023-04-28 15:01:56.368,2427.292724609375
i1,2023-04-28 15:01:56.483,2427.292724609375
i1,2023-04-28 15:01:56.574,2426.43115234375
i1,2023-04-28 15:01:56.679,2425.648193359375
i1,2023-04-28 15:01:56.778,2425.648193359375
i1,2023-04-28 15:01:56.879,2425.702392578125
i1,2023-04-28 15:01:56.984,2426.998779296875
i1,2023-04-28 15:01:57.088,2426.998779296875
i1,2023-04-28 15:01:57.189,2426.998779296875
i1,2023-04-28 15:01:57.286,2432.4326171875
i1,2023-04-28 15:01:57.388,2435.17724609375
i1,2023-04-28 15:01:57.514,2435.17724609375
i1,2023-04-28 15:01:57.592,2435.17724609375
i1,2023-04-28 15:01:57.694,2446.27001953125
i1,2023-04-28 15:01:57.798,2606.4072265625
i1,2023-04-28 15:01:57.898,2606.4072265625
i1,2023-04-28 15:01:58.004,2846.23095703125
i1,2023-04-28 15:01:58.104,2846.23095703125
i1,2023-04-28 15:01:58.208,3117.043212890625
i1,2023-04-28 15:01:58.307,3117.043212890625
i1,2023-04-28 15:01:58.408,3117.043212890625
i1,2023-04-28 15:01:58.517,3404.0361328125
i1,2023-04-28 15:01:58.617,3577.864501953125
i1,2023-04-28 15:01:58.716,3577.864501953125
i1,2023-04-28 15:01:58.818,3822.7734375
i1,2023-04-28 15:01:58.919,3822.7734375
i1,2023-04-28 15:01:59.022,3990.84130859375
i1,2023-04-28 15:01:59.123,3990.84130859375
i1,2023-04-28 15:01:59.226,3986.34521484375
i1,2023-04-28 15:01:59.328,3986.34521484375
i1,2023-04-28 15:01:59.429,3986.34521484375
i1,2023-04-28 15:01:59.531,3892.497314453125
i1,2023-04-28 15:01:59.633,3820.97412109375
i1,2023-04-28 15:01:59.734,3820.97412109375
i1,2023-04-28 15:01:59.837,3592.29345703125
i1,2023-04-28 15:01:59.940,3592.29345703125
i1,2023-04-28 15:02:00.042,3354.97705078125
i1,2023-04-28 15:02:00.146,3354.97705078125
i1,2023-04-28 15:02:00.250,3354.97705078125
i1,2023-04-28 15:02:00.352,2992.96484375
i1,2023-04-28 15:02:00.456,2853.786865234375
i1,2023-04-28 15:02:00.558,2853.786865234375
i1,2023-04-28 15:02:00.659,2604.26904296875
i1,2023-04-28 15:02:00.762,2604.26904296875
i1,2023-04-28 15:02:00.855,2433.31640625
i1,2023-04-28 15:02:00.956,2433.31640625
i1,2023-04-28 15:02:01.061,2431.0703125
i1,2023-04-28 15:02:01.164,2431.0703125
i1,2023-04-28 15:02:01.266,2427.337646484375
i1,2023-04-28 15:02:01.373,2427.337646484375
i1,2023-04-28 15:02:01.472,2427.337646484375
i1,2023-04-28 15:02:01.574,2428.129638671875
i1,2023-04-28 15:02:01.670,2426.611328125
i1,2023-04-28 15:02:01.772,2426.611328125
i1,2023-04-28 15:02:01.876,2427.961669921875
i1,2023-04-28 15:02:01.977,2427.961669921875
i1,2023-04-28 15:02:02.079,2427.927490234375
i1,2023-04-28 15:02:02.181,2427.927490234375
i1,2023-04-28 15:02:02.283,2436.5
i1,2023-04-28 15:02:02.387,2436.5
i1,2023-04-28 15:02:02.489,2596.3515625
i1,2023-04-28 15:02:02.602,2596.3515625
i1,2023-04-28 15:02:02.695,3186.628173828125
i1,2023-04-28 15:02:02.789,3186.628173828125
i1,2023-04-28 15:02:02.895,4160.9794921875
i1,2023-04-28 15:02:02.995,4160.9794921875
i1,2023-04-28 15:02:03.101,5787.80517578125
i1,2023-04-28 15:02:03.206,7690.88720703125
i1,2023-04-28 15:02:03.301,7690.88720703125
i1,2023-04-28 15:02:03.404,7690.88720703125
i1,2023-04-28 15:02:03.506,8781.9873046875
i1,2023-04-28 15:02:03.613,10115.234375
i1,2023-04-28 15:02:03.709,10115.234375
i1,2023-04-28 15:02:03.812,10115.234375
i1,2023-04-28 15:02:03.914,11322.24609375
i1,2023-04-28 15:02:04.018,12636.71484375
i1,2023-04-28 15:02:04.119,12636.71484375
i1,2023-04-28 15:02:04.220,13728.8505859375
i1,2023-04-28 15:02:04.326,13728.8505859375
i1,2023-04-28 15:02:04.424,14493.8505859375
i1,2023-04-28 15:02:04.543,14493.8505859375
i1,2023-04-28 15:02:04.631,14751.8115234375
i1,2023-04-28 15:02:04.735,14751.8115234375
i1,2023-04-28 15:02:04.831,14439.947265625
i1,2023-04-28 15:02:04.933,14439.947265625
i1,2023-04-28 15:02:05.034,14099.78125
i1,2023-04-28 15:02:05.137,14099.78125
i1,2023-04-28 15:02:05.238,13970.3720703125
i1,2023-04-28 15:02:05.340,13970.3720703125
i1,2023-04-28 15:02:05.442,13931.17578125
i1,2023-04-28 15:02:05.546,13931.17578125
i1,2023-04-28 15:02:05.654,13944.0380859375
i1,2023-04-28 15:02:05.748,13944.0380859375
i1,2023-04-28 15:02:05.850,13903.8623046875
i1,2023-04-28 15:02:05.952,13903.8623046875
i1,2023-04-28 15:02:06.054,13153.79296875
i1,2023-04-28 15:02:06.157,13153.79296875
i1,2023-04-28 15:02:06.260,12039.3896484375
i1,2023-04-28 15:02:06.358,12039.3896484375
i1,2023-04-28 15:02:06.461,10466.677734375
i1,2023-04-28 15:02:06.564,10466.677734375
i1,2023-04-28 15:02:06.665,8877.3671875
i1,2023-04-28 15:02:06.767,8877.3671875
i1,2023-04-28 15:02:06.877,8877.3671875
i1,2023-04-28 15:02:06.978,7359.5380859375
i1,2023-04-28 15:02:07.077,5845.09619140625
i1,2023-04-28 15:02:07.177,5845.09619140625
i1,2023-04-28 15:02:07.277,4227.986328125
i1,2023-04-28 15:02:07.381,4227.986328125
i1,2023-04-28 15:02:07.482,2472.923583984375
i1,2023-04-28 15:02:07.582,2472.923583984375
i1,2023-04-28 15:02:07.684,558.1492309570312
i1,2023-04-28 15:02:07.785,558.1492309570312
i1,2023-04-28 15:02:07.891,-523.0369262695312
i1,2023-04-28 15:02:07.998,-523.0369262695312
i1,2023-04-28 15:02:08.096,-1434.68017578125
i1,2023-04-28 15:02:08.194,-1434.68017578125
i1,2023-04-28 15:02:08.297,-1744.2542724609375
i1,2023-04-28 15:02:08.399,-1744.2542724609375
i1,2023-04-28 15:02:08.501,-1744.2542724609375
i1,2023-04-28 15:02:08.605,-2398.825439453125
i1,2023-04-28 15:02:08.710,-2828.288330078125
i1,2023-04-28 15:02:08.808,-2828.288330078125
i1,2023-04-28 15:02:08.910,-3479.574951171875
i1,2023-04-28 15:02:09.012,-3479.574951171875
i1,2023-04-28 15:02:09.117,-4212.2763671875
i1,2023-04-28 15:02:09.217,-4212.2763671875
i1,2023-04-28 15:02:09.321,-3736.64892578125
i1,2023-04-28 15:02:09.425,-3060.71484375
i1,2023-04-28 15:02:09.553,-3060.71484375
i1,2023-04-28 15:02:09.626,-2310.554443359375
i1,2023-04-28 15:02:09.729,-2310.554443359375
i1,2023-04-28 15:02:09.834,-1482.258544921875
i1,2023-04-28 15:02:09.933,-1482.258544921875
i1,2023-04-28 15:02:10.033,-698.2054443359375
i1,2023-04-28 15:02:10.134,-698.2054443359375
i1,2023-04-28 15:02:10.236,524.3033447265625
i1,2023-04-28 15:02:10.338,524.3033447265625
i1,2023-04-28 15:02:10.442,524.3033447265625
i1,2023-04-28 15:02:10.556,1309.3946533203125
i1,2023-04-28 15:02:10.647,2236.561279296875
i1,2023-04-28 15:02:10.749,2236.561279296875
i1,2023-04-28 15:02:10.850,3472.34326171875
i1,2023-04-28 15:02:10.955,3472.34326171875
i1,2023-04-28 15:02:11.054,3797.250732421875
i1,2023-04-28 15:02:11.151,3797.250732421875
i1,2023-04-28 15:02:11.256,3838.59765625
i1,2023-04-28 15:02:11.356,3838.59765625
i1,2023-04-28 15:02:11.458,3838.59765625
i1,2023-04-28 15:02:11.562,3852.630126953125
i1,2023-04-28 15:02:11.662,3865.564697265625
i1,2023-04-28 15:02:11.759,3865.564697265625
i1,2023-04-28 15:02:11.861,2984.769287109375
i1,2023-04-28 15:02:11.966,2984.769287109375
i1,2023-04-28 15:02:12.069,2833.771484375
i1,2023-04-28 15:02:12.171,2833.771484375
i1,2023-04-28 15:02:12.272,2703.742431640625
i1,2023-04-28 15:02:12.377,2703.742431640625
i1,2023-04-28 15:02:12.480,2623.05224609375
i1,2023-04-28 15:02:12.580,2623.05224609375
i1,2023-04-28 15:02:12.679,2481.215576171875
i1,2023-04-28 15:02:12.786,2481.215576171875
i1,2023-04-28 15:02:12.884,2325.369140625
i1,2023-04-28 15:02:12.987,2325.369140625
i1,2023-04-28 15:02:13.089,2219.214599609375
i1,2023-04-28 15:02:13.191,2219.214599609375
i1,2023-04-28 15:02:13.293,1969.404052734375
i1,2023-04-28 15:02:13.395,1969.404052734375
i1,2023-04-28 15:02:13.496,1969.404052734375
i1,2023-04-28 15:02:13.598,1650.43310546875
i1,2023-04-28 15:02:13.704,2479.873046875
i1,2023-04-28 15:02:13.809,2479.873046875
i1,2023-04-28 15:02:13.907,3167.1591796875
i1,2023-04-28 15:02:14.010,3167.1591796875
i1,2023-04-28 15:02:14.108,4235.34521484375
i1,2023-04-28 15:02:14.211,4235.34521484375
i1,2023-04-28 15:02:14.314,5871.5009765625
i1,2023-04-28 15:02:14.413,5871.5009765625
i1,2023-04-28 15:02:14.518,7291.4296875
i1,2023-04-28 15:02:14.621,7291.4296875
i1,2023-04-28 15:02:14.719,8075.4541015625
i1,2023-04-28 15:02:14.825,8075.4541015625
i1,2023-04-28 15:02:14.925,8358.7109375
i1,2023-04-28 15:02:15.028,8358.7109375
i1,2023-04-28 15:02:15.131,9475.3515625
i1,2023-04-28 15:02:15.230,9475.3515625
i1,2023-04-28 15:02:15.331,11921.212890625
i1,2023-04-28 15:02:15.434,11921.212890625
i1,2023-04-28 15:02:15.566,12959.4912109375
i1,2023-04-28 15:02:15.637,12959.4912109375
i1,2023-04-28 15:02:15.739,13660.751953125
i1,2023-04-28 15:02:15.842,13957.3671875
i1,2023-04-28 15:02:15.937,13957.3671875
i1,2023-04-28 15:02:16.039,13957.3671875
i1,2023-04-28 15:02:16.144,13948.783203125
i1,2023-04-28 15:02:16.245,13957.337890625
i1,2023-04-28 15:02:16.348,13957.337890625
i1,2023-04-28 15:02:16.453,14163.126953125
i1,2023-04-28 15:02:16.583,14163.126953125
i1,2023-04-28 15:02:16.656,14054.330078125
i1,2023-04-28 15:02:16.755,14054.330078125
i1,2023-04-28 15:02:16.859,14054.330078125
i1,2023-04-28 15:02:16.962,13227.0078125
i1,2023-04-28 15:02:17.061,11336.6533203125
i1,2023-04-28 15:02:17.164,11336.6533203125
i1,2023-04-28 15:02:17.265,8354.912109375
i1,2023-04-28 15:02:17.369,8354.912109375
i1,2023-04-28 15:02:17.469,6549.7373046875
i1,2023-04-28 15:02:17.571,6549.7373046875
i1,2023-04-28 15:02:17.673,4121.4306640625
i1,2023-04-28 15:02:17.775,4121.4306640625
i1,2023-04-28 15:02:17.877,1624.7236328125
i1,2023-04-28 15:02:17.980,1624.7236328125
i1,2023-04-28 15:02:18.082,-841.2764892578125
i1,2023-04-28 15:02:18.184,-841.2764892578125
i1,2023-04-28 15:02:18.285,-2898.391845703125
i1,2023-04-28 15:02:18.387,-2898.391845703125
i1,2023-04-28 15:02:18.488,-2898.391845703125
i1,2023-04-28 15:02:18.594,-2503.058349609375
i1,2023-04-28 15:02:18.693,-3143.5947265625
i1,2023-04-28 15:02:18.797,-3143.5947265625
i1,2023-04-28 15:02:18.903,-1911.892578125
i1,2023-04-28 15:02:18.998,-1911.892578125
i1,2023-04-28 15:02:19.100,342.89324951171875
i1,2023-04-28 15:02:19.203,342.89324951171875
i1,2023-04-28 15:02:19.304,2993.021484375
i1,2023-04-28 15:02:19.408,2993.021484375
i1,2023-04-28 15:02:19.508,5640.4931640625
i1,2023-04-28 15:02:19.610,5640.4931640625
i1,2023-04-28 15:02:19.712,8361.8125
i1,2023-04-28 15:02:19.813,8361.8125
i1,2023-04-28 15:02:19.916,11194.5390625
i1,2023-04-28 15:02:20.021,11194.5390625
i1,2023-04-28 15:02:20.125,13716.81640625
i1,2023-04-28 15:02:20.221,13716.81640625
i1,2023-04-28 15:02:20.322,15860.0302734375
i1,2023-04-28 15:02:20.425,15860.0302734375
i1,2023-04-28 15:02:20.527,14984.54296875
i1,2023-04-28 15:02:20.631,14984.54296875
i1,2023-04-28 15:02:20.737,14678.783203125
i1,2023-04-28 15:02:20.833,14678.783203125
i1,2023-04-28 15:02:20.940,13446.63671875
i1,2023-04-28 15:02:21.037,13446.63671875
i1,2023-04-28 15:02:21.140,13446.63671875
i1,2023-04-28 15:02:21.246,10923.5322265625
i1,2023-04-28 15:02:21.349,8373.50390625
i1,2023-04-28 15:02:21.445,8373.50390625
i1,2023-04-28 15:02:21.547,8373.50390625
i1,2023-04-28 15:02:21.652,4830.3349609375
i1,2023-04-28 15:02:21.750,2864.79931640625
i1,2023-04-28 15:02:21.852,2864.79931640625
i1,2023-04-28 15:02:21.957,291.0959167480469
i1,2023-04-28 15:02:22.054,291.0959167480469
i1,2023-04-28 15:02:22.156,-2132.345947265625
i1,2023-04-28 15:02:22.263,-3408.79248046875
i1,2023-04-28 15:02:22.366,-3408.79248046875
i1,2023-04-28 15:02:22.463,-3408.79248046875
i1,2023-04-28 15:02:22.586,-5127.11328125
i1,2023-04-28 15:02:22.673,-6474.9921875
i1,2023-04-28 15:02:22.768,-6474.9921875
i1,2023-04-28 15:02:22.870,-6642.7216796875
i1,2023-04-28 15:02:22.974,-6642.7216796875
i1,2023-04-28 15:02:23.080,-5929.92041015625
i1,2023-04-28 15:02:23.178,-5929.92041015625
i1,2023-04-28 15:02:23.281,-4960.3857421875
i1,2023-04-28 15:02:23.385,-4960.3857421875
i1,2023-04-28 15:02:23.485,-4001.80419921875
i1,2023-04-28 15:02:23.602,-4001.80419921875
i1,2023-04-28 15:02:23.690,-3086.1845703125
i1,2023-04-28 15:02:23.792,-3086.1845703125
i1,2023-04-28 15:02:23.892,-2066.979248046875
i1,2023-04-28 15:02:23.995,-2066.979248046875
i1,2023-04-28 15:02:24.097,-1212.247802734375
i1,2023-04-28 15:02:24.201,-1212.247802734375
i1,2023-04-28 15:02:24.302,614.8668823242188
i1,2023-04-28 15:02:24.403,614.8668823242188
i1,2023-04-28 15:02:24.505,1160.4576416015625
i1,2023-04-28 15:02:24.607,1160.4576416015625
i1,2023-04-28 15:02:24.709,1879.607666015625
i1,2023-04-28 15:02:24.810,1879.607666015625
i1,2023-04-28 15:02:24.912,2087.2353515625
i1,2023-04-28 15:02:25.014,2087.2353515625
