id,timestamp,MaxxTurn45_Power_Active_B
i1,2023-04-28T15:00:12.774287,1159.2021484375
i1,2023-04-28T15:00:12.871115,1159.2021484375
i1,2023-04-28T15:00:12.976393,1183.373779296875
i1,2023-04-28T15:00:13.077836,1183.373779296875
i1,2023-04-28T15:00:13.197977,1162.2293701171875
i1,2023-04-28T15:00:13.289576,1182.9853515625
i1,2023-04-28T15:00:13.385255,1182.9853515625
i1,2023-04-28T15:00:13.490081,1174.8834228515625
i1,2023-04-28T15:00:13.588297,1174.8834228515625
i1,2023-04-28T15:00:13.693509,1124.01708984375
i1,2023-04-28T15:00:13.791816,1124.01708984375
i1,2023-04-28T15:00:13.908984,1041.1900634765625
i1,2023-04-28T15:00:14.001714,1041.1900634765625
i1,2023-04-28T15:00:14.100649,1037.13818359375
i1,2023-04-28T15:00:14.198081,1037.13818359375
i1,2023-04-28T15:00:14.304621,1067.7489013671875
i1,2023-04-28T15:00:14.405576,1067.7489013671875
i1,2023-04-28T15:00:14.504259,1313.9532470703125
i1,2023-04-28T15:00:14.610292,1313.9532470703125
i1,2023-04-28T15:00:14.708558,1941.0325927734375
i1,2023-04-28T15:00:14.808813,1941.0325927734375
i1,2023-04-28T15:00:14.911115,2683.271728515625
i1,2023-04-28T15:00:15.014368,2683.271728515625
i1,2023-04-28T15:00:15.118086,2683.271728515625
i1,2023-04-28T15:00:15.221481,3379.66748046875
i1,2023-04-28T15:00:15.323615,3774.806396484375
i1,2023-04-28T15:00:15.422207,3774.806396484375
i1,2023-04-28T15:00:15.527992,4254.25048828125
i1,2023-04-28T15:00:15.629766,4254.25048828125
i1,2023-04-28T15:00:15.734711,4770.8466796875
i1,2023-04-28T15:00:15.825466,4770.8466796875
i1,2023-04-28T15:00:15.929756,5159.65966796875
i1,2023-04-28T15:00:16.028231,5159.65966796875
i1,2023-04-28T15:00:16.144267,5251.64599609375
i1,2023-04-28T15:00:16.240638,5251.64599609375
i1,2023-04-28T15:00:16.341903,5062.658203125
i1,2023-04-28T15:00:16.441811,5062.658203125
i1,2023-04-28T15:00:16.541884,4521.13232421875
i1,2023-04-28T15:00:16.645489,4521.13232421875
i1,2023-04-28T15:00:16.746785,3973.744873046875
i1,2023-04-28T15:00:16.850892,3973.744873046875
i1,2023-04-28T15:00:16.957444,3223.447998046875
i1,2023-04-28T15:00:17.057516,3223.447998046875
i1,2023-04-28T15:00:17.155358,2960.030517578125
i1,2023-04-28T15:00:17.260577,2960.030517578125
i1,2023-04-28T15:00:17.360862,2565.600341796875
i1,2023-04-28T15:00:17.462291,2565.600341796875
i1,2023-04-28T15:00:17.563134,2130.935546875
i1,2023-04-28T15:00:17.663361,2130.935546875
i1,2023-04-28T15:00:17.765533,1444.2210693359375
i1,2023-04-28T15:00:17.867986,1444.2210693359375
i1,2023-04-28T15:00:17.969056,1000.538330078125
i1,2023-04-28T15:00:18.088191,1000.538330078125
i1,2023-04-28T15:00:18.174423,635.3273315429688
i1,2023-04-28T15:00:18.276680,635.3273315429688
i1,2023-04-28T15:00:18.381882,203.4674072265625
i1,2023-04-28T15:00:18.479784,203.4674072265625
i1,2023-04-28T15:00:18.585034,-215.70433044433594
i1,2023-04-28T15:00:18.688343,-215.70433044433594
i1,2023-04-28T15:00:18.790642,-724.1481323242188
i1,2023-04-28T15:00:18.897285,-1301.92578125
i1,2023-04-28T15:00:18.996589,-1301.92578125
i1,2023-04-28T15:00:19.104000,-1647.9915771484375
i1,2023-04-28T15:00:19.198306,-1647.9915771484375
i1,2023-04-28T15:00:19.311726,-1715.91357421875
i1,2023-04-28T15:00:19.404683,-1715.91357421875
i1,2023-04-28T15:00:19.511681,-1335.140380859375
i1,2023-04-28T15:00:19.610227,-1335.140380859375
i1,2023-04-28T15:00:19.713312,-620.7547607421875
i1,2023-04-28T15:00:19.814243,-620.7547607421875
i1,2023-04-28T15:00:19.913864,263.3358154296875
i1,2023-04-28T15:00:20.016358,263.3358154296875
i1,2023-04-28T15:00:20.118788,263.3358154296875
i1,2023-04-28T15:00:20.225290,1615.722412109375
i1,2023-04-28T15:00:20.313955,2261.539794921875
i1,2023-04-28T15:00:20.427869,2261.539794921875
i1,2023-04-28T15:00:20.524719,3211.35302734375
i1,2023-04-28T15:00:20.626239,3211.35302734375
i1,2023-04-28T15:00:20.726334,4005.409912109375
i1,2023-04-28T15:00:20.833639,4005.409912109375
i1,2023-04-28T15:00:20.933941,4381.28466796875
i1,2023-04-28T15:00:21.034283,4381.28466796875
i1,2023-04-28T15:00:21.136903,4518.7099609375
i1,2023-04-28T15:00:21.244812,4518.7099609375
i1,2023-04-28T15:00:21.339594,4444.5810546875
i1,2023-04-28T15:00:21.441699,4444.5810546875
i1,2023-04-28T15:00:21.542623,4066.197021484375
i1,2023-04-28T15:00:21.644048,4066.197021484375
i1,2023-04-28T15:00:21.748381,3524.21630859375
i1,2023-04-28T15:00:21.850647,3524.21630859375
i1,2023-04-28T15:00:21.957345,2675.715087890625
i1,2023-04-28T15:00:22.052415,2675.715087890625
i1,2023-04-28T15:00:22.154974,2404.914794921875
i1,2023-04-28T15:00:22.262625,2404.914794921875
i1,2023-04-28T15:00:22.362404,1928.935302734375
i1,2023-04-28T15:00:22.460519,1928.935302734375
i1,2023-04-28T15:00:22.561753,1671.47509765625
i1,2023-04-28T15:00:22.664117,1671.47509765625
i1,2023-04-28T15:00:22.769440,1649.38037109375
i1,2023-04-28T15:00:22.869764,1649.38037109375
i1,2023-04-28T15:00:22.969902,1696.72509765625
i1,2023-04-28T15:00:23.071207,1696.72509765625
i1,2023-04-28T15:00:23.175095,1696.72509765625
i1,2023-04-28T15:00:23.279218,1747.2474365234375
i1,2023-04-28T15:00:23.383411,1628.638916015625
i1,2023-04-28T15:00:23.481596,1628.638916015625
i1,2023-04-28T15:00:23.587886,1334.6536865234375
i1,2023-04-28T15:00:23.687241,1334.6536865234375
i1,2023-04-28T15:00:23.791434,895.93115234375
i1,2023-04-28T15:00:23.893676,895.93115234375
i1,2023-04-28T15:00:23.995073,606.9063110351562
i1,2023-04-28T15:00:24.096358,606.9063110351562
i1,2023-04-28T15:00:24.210508,606.9063110351562
i1,2023-04-28T15:00:24.295842,1311.7069091796875
i1,2023-04-28T15:00:24.397439,1485.907958984375
i1,2023-04-28T15:00:24.498325,1485.907958984375
i1,2023-04-28T15:00:24.597459,1891.48291015625
i1,2023-04-28T15:00:24.702540,1891.48291015625
i1,2023-04-28T15:00:24.807474,2174.255615234375
i1,2023-04-28T15:00:24.909813,2174.255615234375
i1,2023-04-28T15:00:25.015032,2544.936767578125
i1,2023-04-28T15:00:25.116501,2656.935302734375
i1,2023-04-28T15:00:25.225448,2656.935302734375
i1,2023-04-28T15:00:25.318404,2910.65673828125
i1,2023-04-28T15:00:25.417435,2910.65673828125
i1,2023-04-28T15:00:25.521485,3338.401123046875
i1,2023-04-28T15:00:25.621780,3338.401123046875
i1,2023-04-28T15:00:25.732131,3563.817626953125
i1,2023-04-28T15:00:25.826705,3563.817626953125
i1,2023-04-28T15:00:25.944268,2968.4482421875
i1,2023-04-28T15:00:26.033674,2968.4482421875
i1,2023-04-28T15:00:26.135418,2542.43115234375
i1,2023-04-28T15:00:26.242366,2542.43115234375
i1,2023-04-28T15:00:26.341368,2137.015625
i1,2023-04-28T15:00:26.442550,2137.015625
i1,2023-04-28T15:00:26.541827,1963.0928955078125
i1,2023-04-28T15:00:26.647976,1963.0928955078125
i1,2023-04-28T15:00:26.745144,1347.742431640625
i1,2023-04-28T15:00:26.846450,1347.742431640625
i1,2023-04-28T15:00:26.947798,949.8875122070312
i1,2023-04-28T15:00:27.060237,949.8875122070312
i1,2023-04-28T15:00:27.151812,949.8875122070312
i1,2023-04-28T15:00:27.255957,1288.2216796875
i1,2023-04-28T15:00:27.360344,1425.7156982421875
i1,2023-04-28T15:00:27.460418,1425.7156982421875
i1,2023-04-28T15:00:27.562675,1407.5118408203125
i1,2023-04-28T15:00:27.662851,1407.5118408203125
i1,2023-04-28T15:00:27.764222,1040.90625
i1,2023-04-28T15:00:27.866535,1040.90625
i1,2023-04-28T15:00:27.970827,869.158447265625
i1,2023-04-28T15:00:28.069693,869.158447265625
i1,2023-04-28T15:00:28.173025,869.158447265625
i1,2023-04-28T15:00:28.277142,886.6796875
i1,2023-04-28T15:00:28.378514,823.7883911132812
i1,2023-04-28T15:00:28.480739,823.7883911132812
i1,2023-04-28T15:00:28.578633,1327.5732421875
i1,2023-04-28T15:00:28.676580,1327.5732421875
i1,2023-04-28T15:00:28.785175,1662.4583740234375
i1,2023-04-28T15:00:28.890490,1662.4583740234375
i1,2023-04-28T15:00:28.994920,1603.2982177734375
i1,2023-04-28T15:00:29.095058,1603.2982177734375
i1,2023-04-28T15:00:29.195884,1636.3568115234375
i1,2023-04-28T15:00:29.298040,1636.3568115234375
i1,2023-04-28T15:00:29.396401,1643.517578125
i1,2023-04-28T15:00:29.501754,1643.517578125
i1,2023-04-28T15:00:29.602743,1990.2576904296875
i1,2023-04-28T15:00:29.702940,1990.2576904296875
i1,2023-04-28T15:00:29.804165,2328.430419921875
i1,2023-04-28T15:00:29.906537,2328.430419921875
i1,2023-04-28T15:00:30.011895,2396.999267578125
i1,2023-04-28T15:00:30.114125,2396.999267578125
i1,2023-04-28T15:00:30.210980,1963.9896240234375
i1,2023-04-28T15:00:30.313127,1963.9896240234375
i1,2023-04-28T15:00:30.418421,1306.1207275390625
i1,2023-04-28T15:00:30.509979,1306.1207275390625
i1,2023-04-28T15:00:30.618638,948.0078735351562
i1,2023-04-28T15:00:30.720000,948.0078735351562
i1,2023-04-28T15:00:30.816871,291.3803405761719
i1,2023-04-28T15:00:30.917070,291.3803405761719
i1,2023-04-28T15:00:31.020306,-279.14654541015625
i1,2023-04-28T15:00:31.127343,-279.14654541015625
i1,2023-04-28T15:00:31.243534,-879.3319091796875
i1,2023-04-28T15:00:31.342393,-1302.1138916015625
i1,2023-04-28T15:00:31.433696,-1302.1138916015625
i1,2023-04-28T15:00:31.542897,-1672.74951171875
i1,2023-04-28T15:00:31.637762,-1672.74951171875
i1,2023-04-28T15:00:31.742017,-1669.2021484375
i1,2023-04-28T15:00:31.841277,-1669.2021484375
i1,2023-04-28T15:00:31.950441,-1351.3453369140625
i1,2023-04-28T15:00:32.046826,-1351.3453369140625
i1,2023-04-28T15:00:32.149584,-677.24658203125
i1,2023-04-28T15:00:32.251015,-677.24658203125
i1,2023-04-28T15:00:32.353089,310.15155029296875
i1,2023-04-28T15:00:32.458216,310.15155029296875
i1,2023-04-28T15:00:32.558365,1339.6405029296875
i1,2023-04-28T15:00:32.660043,1339.6405029296875
i1,2023-04-28T15:00:32.757925,2171.966796875
i1,2023-04-28T15:00:32.860296,2171.966796875
i1,2023-04-28T15:00:32.962596,3475.545654296875
i1,2023-04-28T15:00:33.065916,3475.545654296875
i1,2023-04-28T15:00:33.166441,3849.669189453125
i1,2023-04-28T15:00:33.283247,3849.669189453125
i1,2023-04-28T15:00:33.372103,4203.9599609375
i1,2023-04-28T15:00:33.475214,4203.9599609375
i1,2023-04-28T15:00:33.579311,4151.73583984375
i1,2023-04-28T15:00:33.677793,4151.73583984375
i1,2023-04-28T15:00:33.783169,4131.0048828125
i1,2023-04-28T15:00:33.882504,4131.0048828125
i1,2023-04-28T15:00:33.984641,3779.52099609375
i1,2023-04-28T15:00:34.083080,3779.52099609375
i1,2023-04-28T15:00:34.189641,3202.02734375
i1,2023-04-28T15:00:34.290985,3202.02734375
i1,2023-04-28T15:00:34.397632,2592.1923828125
i1,2023-04-28T15:00:34.494327,2592.1923828125
i1,2023-04-28T15:00:34.595541,2132.2939453125
i1,2023-04-28T15:00:34.697626,2132.2939453125
i1,2023-04-28T15:00:34.799037,1710.334716796875
i1,2023-04-28T15:00:34.901279,1710.334716796875
i1,2023-04-28T15:00:35.004642,1497.8817138671875
i1,2023-04-28T15:00:35.106015,1497.8817138671875
i1,2023-04-28T15:00:35.209725,1581.52587890625
i1,2023-04-28T15:00:35.310075,1581.52587890625
i1,2023-04-28T15:00:35.408983,1580.84521484375
i1,2023-04-28T15:00:35.514265,1580.84521484375
i1,2023-04-28T15:00:35.613024,1580.845947265625
i1,2023-04-28T15:00:35.712968,1580.845947265625
i1,2023-04-28T15:00:35.816201,1579.9437255859375
i1,2023-04-28T15:00:35.918492,1579.9437255859375
i1,2023-04-28T15:00:36.020729,1578.592041015625
i1,2023-04-28T15:00:36.123951,1578.592041015625
i1,2023-04-28T15:00:36.222680,1578.592041015625
i1,2023-04-28T15:00:36.327119,1580.629638671875
i1,2023-04-28T15:00:36.432411,1579.2615966796875
i1,2023-04-28T15:00:36.529104,1579.2615966796875
i1,2023-04-28T15:00:36.631338,1581.5919189453125
i1,2023-04-28T15:00:36.736839,1581.5919189453125
i1,2023-04-28T15:00:36.838050,1583.3382568359375
i1,2023-04-28T15:00:36.943401,1583.3382568359375
i1,2023-04-28T15:00:37.044612,1586.5186767578125
i1,2023-04-28T15:00:37.152645,1593.1422119140625
i1,2023-04-28T15:00:37.260196,1593.1422119140625
i1,2023-04-28T15:00:37.350874,1593.1422119140625
i1,2023-04-28T15:00:37.453960,1611.079345703125
i1,2023-04-28T15:00:37.559207,1684.685302734375
i1,2023-04-28T15:00:37.654778,1684.685302734375
i1,2023-04-28T15:00:37.766186,1768.181396484375
i1,2023-04-28T15:00:37.868499,1768.181396484375
i1,2023-04-28T15:00:37.962257,1867.4056396484375
i1,2023-04-28T15:00:38.062684,1867.4056396484375
i1,2023-04-28T15:00:38.170080,1924.83642578125
i1,2023-04-28T15:00:38.278910,1924.83642578125
i1,2023-04-28T15:00:38.371157,1926.53271484375
i1,2023-04-28T15:00:38.476177,1926.53271484375
i1,2023-04-28T15:00:38.575146,1918.08447265625
i1,2023-04-28T15:00:38.678436,1918.08447265625
i1,2023-04-28T15:00:38.780913,1914.2362060546875
i1,2023-04-28T15:00:38.881149,1914.2362060546875
i1,2023-04-28T15:00:38.981880,1903.678955078125
i1,2023-04-28T15:00:39.086713,1903.678955078125
i1,2023-04-28T15:00:39.186157,1903.678955078125
i1,2023-04-28T15:00:39.295913,1865.045654296875
i1,2023-04-28T15:00:39.398005,1787.1878662109375
i1,2023-04-28T15:00:39.495195,1787.1878662109375
i1,2023-04-28T15:00:39.600935,1380.7769775390625
i1,2023-04-28T15:00:39.693124,1380.7769775390625
i1,2023-04-28T15:00:39.799884,1160.551513671875
i1,2023-04-28T15:00:39.900012,1160.551513671875
i1,2023-04-28T15:00:40.004768,701.944091796875
i1,2023-04-28T15:00:40.105822,701.944091796875
i1,2023-04-28T15:00:40.204425,701.944091796875
i1,2023-04-28T15:00:40.310637,39.59457015991211
i1,2023-04-28T15:00:40.414758,-347.1922302246094
i1,2023-04-28T15:00:40.516129,-347.1922302246094
i1,2023-04-28T15:00:40.606721,-778.7007446289062
i1,2023-04-28T15:00:40.709350,-778.7007446289062
i1,2023-04-28T15:00:40.817592,-869.3309936523438
i1,2023-04-28T15:00:40.920260,-869.3309936523438
i1,2023-04-28T15:00:41.022483,-1141.6673583984375
i1,2023-04-28T15:00:41.119768,-1141.6673583984375
i1,2023-04-28T15:00:41.223721,-1006.9205932617188
i1,2023-04-28T15:00:41.326660,-1006.9205932617188
i1,2023-04-28T15:00:41.429422,-716.927001953125
i1,2023-04-28T15:00:41.529043,-716.927001953125
i1,2023-04-28T15:00:41.634274,-624.9437255859375
i1,2023-04-28T15:00:41.736587,-624.9437255859375
i1,2023-04-28T15:00:41.837932,-209.21688842773438
i1,2023-04-28T15:00:41.940099,-209.21688842773438
i1,2023-04-28T15:00:42.042466,954.0798950195312
i1,2023-04-28T15:00:42.145935,954.0798950195312
i1,2023-04-28T15:00:42.242496,1823.513427734375
i1,2023-04-28T15:00:42.345688,1823.513427734375
i1,2023-04-28T15:00:42.448902,2859.498046875
i1,2023-04-28T15:00:42.548118,2859.498046875
i1,2023-04-28T15:00:42.653224,3375.586181640625
i1,2023-04-28T15:00:42.752597,3375.586181640625
i1,2023-04-28T15:00:42.858962,3836.405517578125
i1,2023-04-28T15:00:42.965205,3836.405517578125
i1,2023-04-28T15:00:43.060481,4047.169677734375
i1,2023-04-28T15:00:43.161949,4047.169677734375
i1,2023-04-28T15:00:43.282055,4047.169677734375
i1,2023-04-28T15:00:43.375184,4341.75341796875
i1,2023-04-28T15:00:43.471191,4341.75341796875
i1,2023-04-28T15:00:43.569989,4341.75341796875
i1,2023-04-28T15:00:43.672309,4372.73974609375
i1,2023-04-28T15:00:43.780425,4073.951171875
i1,2023-04-28T15:00:43.874865,4073.951171875
i1,2023-04-28T15:00:43.982641,3539.521728515625
i1,2023-04-28T15:00:44.078656,3539.521728515625
i1,2023-04-28T15:00:44.188868,2961.757080078125
i1,2023-04-28T15:00:44.289671,2961.757080078125
i1,2023-04-28T15:00:44.399075,2557.2978515625
i1,2023-04-28T15:00:44.490889,2557.2978515625
i1,2023-04-28T15:00:44.593060,2164.274658203125
i1,2023-04-28T15:00:44.695480,2164.274658203125
i1,2023-04-28T15:00:44.795607,2070.43994140625
i1,2023-04-28T15:00:44.897031,2070.43994140625
i1,2023-04-28T15:00:44.998102,1973.385009765625
i1,2023-04-28T15:00:45.103692,1973.385009765625
i1,2023-04-28T15:00:45.202028,1921.6849365234375
i1,2023-04-28T15:00:45.321870,1921.6849365234375
i1,2023-04-28T15:00:45.410807,1719.2872314453125
i1,2023-04-28T15:00:45.519940,1719.2872314453125
i1,2023-04-28T15:00:45.614159,1314.1866455078125
i1,2023-04-28T15:00:45.717394,1314.1866455078125
i1,2023-04-28T15:00:45.820402,1200.420654296875
i1,2023-04-28T15:00:45.911655,1200.420654296875
i1,2023-04-28T15:00:46.015739,1508.58544921875
i1,2023-04-28T15:00:46.123552,1508.58544921875
i1,2023-04-28T15:00:46.222147,1775.483642578125
i1,2023-04-28T15:00:46.326677,1775.483642578125
i1,2023-04-28T15:00:46.428749,1853.1937255859375
i1,2023-04-28T15:00:46.534053,1853.1937255859375
i1,2023-04-28T15:00:46.637273,1933.623046875
i1,2023-04-28T15:00:46.739412,1933.623046875
i1,2023-04-28T15:00:46.833682,1952.8394775390625
i1,2023-04-28T15:00:46.938907,1952.8394775390625
i1,2023-04-28T15:00:47.044354,1945.1754150390625
i1,2023-04-28T15:00:47.143457,1945.1754150390625
i1,2023-04-28T15:00:47.246438,2052.36279296875
i1,2023-04-28T15:00:47.343506,2052.36279296875
i1,2023-04-28T15:00:47.445732,2377.32177734375
i1,2023-04-28T15:00:47.549804,2377.32177734375
i1,2023-04-28T15:00:47.649152,2447.027099609375
i1,2023-04-28T15:00:47.752414,2447.027099609375
i1,2023-04-28T15:00:47.853914,1983.60986328125
i1,2023-04-28T15:00:47.958968,1983.60986328125
i1,2023-04-28T15:00:48.055205,1436.66943359375
i1,2023-04-28T15:00:48.167786,1436.66943359375
i1,2023-04-28T15:00:48.260582,1548.491943359375
i1,2023-04-28T15:00:48.361506,1548.491943359375
i1,2023-04-28T15:00:48.463664,1754.5654296875
i1,2023-04-28T15:00:48.564877,1754.5654296875
i1,2023-04-28T15:00:48.673392,1755.7659912109375
i1,2023-04-28T15:00:48.774338,1755.7659912109375
i1,2023-04-28T15:00:48.876100,1746.4127197265625
i1,2023-04-28T15:00:48.978470,1746.4127197265625
i1,2023-04-28T15:00:49.076338,1751.7353515625
i1,2023-04-28T15:00:49.179622,1751.7353515625
i1,2023-04-28T15:00:49.282535,1745.162109375
i1,2023-04-28T15:00:49.399605,1746.9620361328125
i1,2023-04-28T15:00:49.487618,1746.9620361328125
i1,2023-04-28T15:00:49.595171,1897.2296142578125
i1,2023-04-28T15:00:49.688312,1897.2296142578125
i1,2023-04-28T15:00:49.798775,2163.867919921875
i1,2023-04-28T15:00:49.897138,2163.867919921875
i1,2023-04-28T15:00:50.001072,1959.0506591796875
i1,2023-04-28T15:00:50.094906,1959.0506591796875
i1,2023-04-28T15:00:50.199884,1959.0506591796875
i1,2023-04-28T15:00:50.311912,1660.3980712890625
i1,2023-04-28T15:00:50.406812,1625.0286865234375
i1,2023-04-28T15:00:50.519303,1625.0286865234375
i1,2023-04-28T15:00:50.611972,1637.1929931640625
i1,2023-04-28T15:00:50.706962,1637.1929931640625
i1,2023-04-28T15:00:50.802981,1625.029052734375
i1,2023-04-28T15:00:50.904316,1625.029052734375
i1,2023-04-28T15:00:51.009634,1616.9359130859375
i1,2023-04-28T15:00:51.112339,1616.9359130859375
i1,2023-04-28T15:00:51.211362,1529.8392333984375
i1,2023-04-28T15:00:51.331287,1529.8392333984375
i1,2023-04-28T15:00:51.418569,1222.62548828125
i1,2023-04-28T15:00:51.523859,1222.62548828125
i1,2023-04-28T15:00:51.623817,847.8616333007812
i1,2023-04-28T15:00:51.729270,847.8616333007812
i1,2023-04-28T15:00:51.829592,749.5264282226562
i1,2023-04-28T15:00:51.931744,749.5264282226562
i1,2023-04-28T15:00:52.035033,856.7700805664062
i1,2023-04-28T15:00:52.134259,856.7700805664062
i1,2023-04-28T15:00:52.237052,856.7700805664062
i1,2023-04-28T15:00:52.345492,1274.2130126953125
i1,2023-04-28T15:00:52.447460,1342.774658203125
i1,2023-04-28T15:00:52.546587,1342.774658203125
i1,2023-04-28T15:00:52.648869,1501.041259765625
i1,2023-04-28T15:00:52.751220,1501.041259765625
i1,2023-04-28T15:00:52.847368,1526.7415771484375
i1,2023-04-28T15:00:52.949615,1526.7415771484375
i1,2023-04-28T15:00:53.052260,1616.921630859375
i1,2023-04-28T15:00:53.154157,1616.921630859375
i1,2023-04-28T15:00:53.256248,1616.921630859375
i1,2023-04-28T15:00:53.357311,1586.3427734375
i1,2023-04-28T15:00:53.460637,1819.3721923828125
i1,2023-04-28T15:00:53.563708,1819.3721923828125
i1,2023-04-28T15:00:53.663775,2091.26513671875
i1,2023-04-28T15:00:53.772172,2091.26513671875
i1,2023-04-28T15:00:53.867376,2329.33935546875
i1,2023-04-28T15:00:53.970766,2329.33935546875
i1,2023-04-28T15:00:54.077413,2277.483154296875
i1,2023-04-28T15:00:54.175436,2277.483154296875
i1,2023-04-28T15:00:54.278281,2249.938232421875
i1,2023-04-28T15:00:54.381410,2249.938232421875
i1,2023-04-28T15:00:54.485422,2065.955810546875
i1,2023-04-28T15:00:54.583624,2065.955810546875
i1,2023-04-28T15:00:54.685891,1697.5367431640625
i1,2023-04-28T15:00:54.788123,1697.5367431640625
i1,2023-04-28T15:00:54.890492,1993.4488525390625
i1,2023-04-28T15:00:54.995839,1993.4488525390625
i1,2023-04-28T15:00:55.101356,2486.84228515625
i1,2023-04-28T15:00:55.203386,2486.84228515625
i1,2023-04-28T15:00:55.313545,2486.84228515625
i1,2023-04-28T15:00:55.410969,2378.13525390625
i1,2023-04-28T15:00:55.504397,2378.13525390625
i1,2023-04-28T15:00:55.606621,2378.13525390625
i1,2023-04-28T15:00:55.708980,1969.853515625
i1,2023-04-28T15:00:55.815059,1439.5772705078125
i1,2023-04-28T15:00:55.909516,1439.5772705078125
i1,2023-04-28T15:00:56.010783,1439.5772705078125
i1,2023-04-28T15:00:56.118119,972.3232421875
i1,2023-04-28T15:00:56.222596,652.7164306640625
i1,2023-04-28T15:00:56.329280,652.7164306640625
i1,2023-04-28T15:00:56.427284,558.1846923828125
i1,2023-04-28T15:00:56.525481,558.1846923828125
i1,2023-04-28T15:00:56.624641,-157.5531768798828
i1,2023-04-28T15:00:56.727994,-157.5531768798828
i1,2023-04-28T15:00:56.831236,-772.4564819335938
i1,2023-04-28T15:00:56.935629,-772.4564819335938
i1,2023-04-28T15:00:57.036830,-1553.3541259765625
i1,2023-04-28T15:00:57.138377,-1553.3541259765625
i1,2023-04-28T15:00:57.236961,-1553.3541259765625
i1,2023-04-28T15:00:57.344245,-1562.03564453125
i1,2023-04-28T15:00:57.443317,-1807.20458984375
i1,2023-04-28T15:00:57.547749,-1807.20458984375
i1,2023-04-28T15:00:57.645962,-1548.451416015625
i1,2023-04-28T15:00:57.746831,-1548.451416015625
i1,2023-04-28T15:00:57.848144,-1262.5054931640625
i1,2023-04-28T15:00:57.951413,-1262.5054931640625
i1,2023-04-28T15:00:58.055662,-886.3828125
i1,2023-04-28T15:00:58.155463,-886.3828125
i1,2023-04-28T15:00:58.262958,-100.60237121582031
i1,2023-04-28T15:00:58.363323,-100.60237121582031
i1,2023-04-28T15:00:58.463469,883.7601318359375
i1,2023-04-28T15:00:58.562608,883.7601318359375
i1,2023-04-28T15:00:58.664735,2006.949462890625
i1,2023-04-28T15:00:58.766969,2006.949462890625
i1,2023-04-28T15:00:58.871286,2692.31591796875
i1,2023-04-28T15:00:58.974661,2692.31591796875
i1,2023-04-28T15:00:59.072942,3201.30859375
i1,2023-04-28T15:00:59.180560,3201.30859375
i1,2023-04-28T15:00:59.281327,3119.55419921875
i1,2023-04-28T15:00:59.383356,3119.55419921875
i1,2023-04-28T15:00:59.487666,3114.802490234375
i1,2023-04-28T15:00:59.588639,3114.802490234375
i1,2023-04-28T15:00:59.685882,3150.87109375
i1,2023-04-28T15:00:59.786852,3150.87109375
i1,2023-04-28T15:00:59.888474,3097.667724609375
i1,2023-04-28T15:00:59.992602,3097.667724609375
i1,2023-04-28T15:01:00.094045,2729.284912109375
i1,2023-04-28T15:01:00.201498,2729.284912109375
i1,2023-04-28T15:01:00.300098,2139.8212890625
i1,2023-04-28T15:01:00.402408,2139.8212890625
i1,2023-04-28T15:01:00.502208,1499.5078125
i1,2023-04-28T15:01:00.604412,1499.5078125
i1,2023-04-28T15:01:00.708924,1347.698974609375
i1,2023-04-28T15:01:00.808059,1347.698974609375
i1,2023-04-28T15:01:00.902826,1347.6993408203125
i1,2023-04-28T15:01:01.003246,1347.6993408203125
i1,2023-04-28T15:01:01.108887,1348.1527099609375
i1,2023-04-28T15:01:01.217259,1348.1527099609375
i1,2023-04-28T15:01:01.314964,1349.0972900390625
i1,2023-04-28T15:01:01.434642,1346.750244140625
i1,2023-04-28T15:01:01.520943,1346.750244140625
i1,2023-04-28T15:01:01.631945,1347.2969970703125
i1,2023-04-28T15:01:01.727919,1347.2969970703125
i1,2023-04-28T15:01:01.828994,1347.2969970703125
i1,2023-04-28T15:01:01.928312,1345.650390625
i1,2023-04-28T15:01:02.035924,1346.845947265625
i1,2023-04-28T15:01:02.134783,1346.845947265625
i1,2023-04-28T15:01:02.233461,1346.845947265625
i1,2023-04-28T15:01:02.343309,1348.992431640625
i1,2023-04-28T15:01:02.441112,1344.1439208984375
i1,2023-04-28T15:01:02.542315,1344.1439208984375
i1,2023-04-28T15:01:02.648376,1205.0489501953125
i1,2023-04-28T15:01:02.751740,1205.0489501953125
i1,2023-04-28T15:01:02.849179,1516.55224609375
i1,2023-04-28T15:01:02.953677,1516.55224609375
i1,2023-04-28T15:01:03.053714,1672.303466796875
i1,2023-04-28T15:01:03.156016,1672.303466796875
i1,2023-04-28T15:01:03.257594,1604.33056640625
i1,2023-04-28T15:01:03.370402,1604.33056640625
i1,2023-04-28T15:01:03.461340,1742.8538818359375
i1,2023-04-28T15:01:03.562238,1742.8538818359375
i1,2023-04-28T15:01:03.665682,2094.313232421875
i1,2023-04-28T15:01:03.767673,2094.313232421875
i1,2023-04-28T15:01:03.869051,2022.0006103515625
i1,2023-04-28T15:01:03.969315,2022.0006103515625
i1,2023-04-28T15:01:04.069638,2246.856201171875
i1,2023-04-28T15:01:04.172966,2246.856201171875
i1,2023-04-28T15:01:04.275537,2599.32763671875
i1,2023-04-28T15:01:04.378166,2599.32763671875
i1,2023-04-28T15:01:04.485472,2586.721923828125
i1,2023-04-28T15:01:04.581285,2586.721923828125
i1,2023-04-28T15:01:04.687340,2695.920166015625
i1,2023-04-28T15:01:04.788701,2695.920166015625
i1,2023-04-28T15:01:04.887305,2522.775634765625
i1,2023-04-28T15:01:04.988366,2522.775634765625
i1,2023-04-28T15:01:05.087379,2280.1904296875
i1,2023-04-28T15:01:05.190941,2280.1904296875
i1,2023-04-28T15:01:05.292730,2280.1904296875
i1,2023-04-28T15:01:05.395004,1570.7576904296875
i1,2023-04-28T15:01:05.498171,1146.1824951171875
i1,2023-04-28T15:01:05.602526,1146.1824951171875
i1,2023-04-28T15:01:05.702533,1412.66357421875
i1,2023-04-28T15:01:05.808926,1412.66357421875
i1,2023-04-28T15:01:05.909285,1740.0162353515625
i1,2023-04-28T15:01:06.008490,1740.0162353515625
i1,2023-04-28T15:01:06.108933,1821.627197265625
i1,2023-04-28T15:01:06.213370,1821.627197265625
i1,2023-04-28T15:01:06.314220,1821.627197265625
i1,2023-04-28T15:01:06.418925,2036.6561279296875
i1,2023-04-28T15:01:06.520133,1499.5067138671875
i1,2023-04-28T15:01:06.618417,1499.5067138671875
i1,2023-04-28T15:01:06.726734,1134.258544921875
i1,2023-04-28T15:01:06.824770,1134.258544921875
i1,2023-04-28T15:01:06.929025,1191.811767578125
i1,2023-04-28T15:01:07.028490,1191.811767578125
i1,2023-04-28T15:01:07.131681,1546.5291748046875
i1,2023-04-28T15:01:07.233236,1546.5291748046875
i1,2023-04-28T15:01:07.332792,1564.487548828125
i1,2023-04-28T15:01:07.434948,1564.487548828125
i1,2023-04-28T15:01:07.541009,1685.80908203125
i1,2023-04-28T15:01:07.646203,907.2452392578125
i1,2023-04-28T15:01:07.743468,907.2452392578125
i1,2023-04-28T15:01:07.843990,776.5067749023438
i1,2023-04-28T15:01:07.944078,776.5067749023438
i1,2023-04-28T15:01:08.048477,611.662109375
i1,2023-04-28T15:01:08.148920,611.662109375
i1,2023-04-28T15:01:08.256048,799.4638671875
i1,2023-04-28T15:01:08.361729,799.4638671875
i1,2023-04-28T15:01:08.456988,1163.8907470703125
i1,2023-04-28T15:01:08.559354,1163.8907470703125
i1,2023-04-28T15:01:08.662207,1408.5169677734375
i1,2023-04-28T15:01:08.761460,1408.5169677734375
i1,2023-04-28T15:01:08.865914,1611.98486328125
i1,2023-04-28T15:01:08.971130,1611.98486328125
i1,2023-04-28T15:01:09.066545,1664.6734619140625
i1,2023-04-28T15:01:09.173712,1664.6734619140625
i1,2023-04-28T15:01:09.271304,1664.6734619140625
i1,2023-04-28T15:01:09.381941,1329.2738037109375
i1,2023-04-28T15:01:09.477789,1597.2696533203125
i1,2023-04-28T15:01:09.578044,1597.2696533203125
i1,2023-04-28T15:01:09.679247,1358.119873046875
i1,2023-04-28T15:01:09.779195,1358.119873046875
i1,2023-04-28T15:01:09.882716,1776.8857421875
i1,2023-04-28T15:01:09.984140,1776.8857421875
i1,2023-04-28T15:01:10.092251,2186.045166015625
i1,2023-04-28T15:01:10.191815,2186.045166015625
i1,2023-04-28T15:01:10.302876,2186.045166015625
i1,2023-04-28T15:01:10.394806,2334.945068359375
i1,2023-04-28T15:01:10.497252,2396.5244140625
i1,2023-04-28T15:01:10.596886,2396.5244140625
i1,2023-04-28T15:01:10.701342,2104.50634765625
i1,2023-04-28T15:01:10.798234,2104.50634765625
i1,2023-04-28T15:01:10.905878,1721.52783203125
i1,2023-04-28T15:01:11.003736,1721.52783203125
i1,2023-04-28T15:01:11.100274,1365.513916015625
i1,2023-04-28T15:01:11.202423,1365.513916015625
i1,2023-04-28T15:01:11.311530,1543.009521484375
i1,2023-04-28T15:01:11.416657,1543.009521484375
i1,2023-04-28T15:01:11.513835,1640.8175048828125
i1,2023-04-28T15:01:11.615100,1640.8175048828125
i1,2023-04-28T15:01:11.716196,1624.1356201171875
i1,2023-04-28T15:01:11.819193,1624.1356201171875
i1,2023-04-28T15:01:11.918254,1627.742431640625
i1,2023-04-28T15:01:12.023092,1627.742431640625
i1,2023-04-28T15:01:12.124844,1899.49560546875
i1,2023-04-28T15:01:12.228895,1899.49560546875
i1,2023-04-28T15:01:12.327630,1926.835693359375
i1,2023-04-28T15:01:12.432762,1926.835693359375
i1,2023-04-28T15:01:12.533303,1887.0728759765625
i1,2023-04-28T15:01:12.633404,1887.0728759765625
i1,2023-04-28T15:01:12.738820,1947.681884765625
i1,2023-04-28T15:01:12.836702,1947.681884765625
i1,2023-04-28T15:01:12.943152,1924.2513427734375
i1,2023-04-28T15:01:13.045238,1924.2513427734375
i1,2023-04-28T15:01:13.144395,1431.08154296875
i1,2023-04-28T15:01:13.245049,1431.08154296875
i1,2023-04-28T15:01:13.357869,1431.08154296875
i1,2023-04-28T15:01:13.469284,1213.307861328125
i1,2023-04-28T15:01:13.554815,1213.307861328125
i1,2023-04-28T15:01:13.657216,1213.307861328125
i1,2023-04-28T15:01:13.759195,1208.6524658203125
i1,2023-04-28T15:01:13.862954,1173.480712890625
i1,2023-04-28T15:01:13.959505,1173.480712890625
i1,2023-04-28T15:01:14.068558,1551.66455078125
i1,2023-04-28T15:01:14.163499,1551.66455078125
i1,2023-04-28T15:01:14.270905,2282.235107421875
i1,2023-04-28T15:01:14.376750,2282.235107421875
i1,2023-04-28T15:01:14.477705,2650.02685546875
i1,2023-04-28T15:01:14.580722,2650.02685546875
i1,2023-04-28T15:01:14.676340,2900.729736328125
i1,2023-04-28T15:01:14.776291,2900.729736328125
i1,2023-04-28T15:01:14.881739,2867.0009765625
i1,2023-04-28T15:01:14.984026,2867.0009765625
i1,2023-04-28T15:01:15.085488,2320.37841796875
i1,2023-04-28T15:01:15.190502,2320.37841796875
i1,2023-04-28T15:01:15.286002,1820.403076171875
i1,2023-04-28T15:01:15.408759,1820.403076171875
i1,2023-04-28T15:01:15.493686,1037.2838134765625
i1,2023-04-28T15:01:15.596011,1037.2838134765625
i1,2023-04-28T15:01:15.700451,163.57919311523438
i1,2023-04-28T15:01:15.800443,163.57919311523438
i1,2023-04-28T15:01:15.893199,-817.9560546875
i1,2023-04-28T15:01:15.997540,-817.9560546875
i1,2023-04-28T15:01:16.104293,-1623.2529296875
i1,2023-04-28T15:01:16.203561,-1623.2529296875
i1,2023-04-28T15:01:16.307257,-1768.6859130859375
i1,2023-04-28T15:01:16.411536,-1768.6859130859375
i1,2023-04-28T15:01:16.525247,-1651.1910400390625
i1,2023-04-28T15:01:16.612804,-1651.1910400390625
i1,2023-04-28T15:01:16.716438,-1218.328369140625
i1,2023-04-28T15:01:16.818579,-1218.328369140625
i1,2023-04-28T15:01:16.918691,-847.187255859375
i1,2023-04-28T15:01:17.021944,-847.187255859375
i1,2023-04-28T15:01:17.124143,-360.7198181152344
i1,2023-04-28T15:01:17.223467,-360.7198181152344
i1,2023-04-28T15:01:17.323293,449.53509521484375
i1,2023-04-28T15:01:17.426893,449.53509521484375
i1,2023-04-28T15:01:17.526221,1589.4193115234375
i1,2023-04-28T15:01:17.631865,1589.4193115234375
i1,2023-04-28T15:01:17.730166,2690.0625
i1,2023-04-28T15:01:17.832313,2690.0625
i1,2023-04-28T15:01:17.935726,3638.302490234375
i1,2023-04-28T15:01:18.039045,3638.302490234375
i1,2023-04-28T15:01:18.138364,4094.6123046875
i1,2023-04-28T15:01:18.242484,4094.6123046875
i1,2023-04-28T15:01:18.342422,4094.6123046875
i1,2023-04-28T15:01:18.443646,4576.345703125
i1,2023-04-28T15:01:18.546185,4874.650390625
i1,2023-04-28T15:01:18.652228,4874.650390625
i1,2023-04-28T15:01:18.756174,5085.658203125
i1,2023-04-28T15:01:18.851411,5085.658203125
i1,2023-04-28T15:01:18.954962,5018.7509765625
i1,2023-04-28T15:01:19.054861,5018.7509765625
i1,2023-04-28T15:01:19.157263,4566.515625
i1,2023-04-28T15:01:19.259703,4566.515625
i1,2023-04-28T15:01:19.361346,3990.60888671875
i1,2023-04-28T15:01:19.471440,3990.60888671875
i1,2023-04-28T15:01:19.567236,3406.27587890625
i1,2023-04-28T15:01:19.672003,2968.135498046875
i1,2023-04-28T15:01:19.770081,2968.135498046875
i1,2023-04-28T15:01:19.875447,2968.135498046875
i1,2023-04-28T15:01:19.978786,2567.650146484375
i1,2023-04-28T15:01:20.083002,2001.9383544921875
i1,2023-04-28T15:01:20.179631,2001.9383544921875
i1,2023-04-28T15:01:20.280825,2001.9383544921875
i1,2023-04-28T15:01:20.390716,1537.8770751953125
i1,2023-04-28T15:01:20.490444,1155.009033203125
i1,2023-04-28T15:01:20.587713,1155.009033203125
i1,2023-04-28T15:01:20.695888,1021.3877563476562
i1,2023-04-28T15:01:20.795391,1021.3877563476562
i1,2023-04-28T15:01:20.896772,940.49267578125
i1,2023-04-28T15:01:21.001820,940.49267578125
i1,2023-04-28T15:01:21.097973,884.0922241210938
i1,2023-04-28T15:01:21.192811,884.0922241210938
i1,2023-04-28T15:01:21.303891,867.1670532226562
i1,2023-04-28T15:01:21.416389,867.1670532226562
i1,2023-04-28T15:01:21.508749,857.3128051757812
i1,2023-04-28T15:01:21.605556,857.3128051757812
i1,2023-04-28T15:01:21.708761,848.3161010742188
i1,2023-04-28T15:01:21.811138,848.3161010742188
i1,2023-04-28T15:01:21.910550,837.143798828125
i1,2023-04-28T15:01:22.012675,837.143798828125
i1,2023-04-28T15:01:22.115047,1068.07470703125
i1,2023-04-28T15:01:22.219385,1068.07470703125
i1,2023-04-28T15:01:22.319068,1068.07470703125
i1,2023-04-28T15:01:22.423375,1193.7587890625
i1,2023-04-28T15:01:22.524468,1298.5863037109375
i1,2023-04-28T15:01:22.627875,1298.5863037109375
i1,2023-04-28T15:01:22.732807,1370.2803955078125
i1,2023-04-28T15:01:22.830315,1370.2803955078125
i1,2023-04-28T15:01:22.929410,1409.057373046875
i1,2023-04-28T15:01:23.031799,1409.057373046875
i1,2023-04-28T15:01:23.135224,1414.469970703125
i1,2023-04-28T15:01:23.239513,1414.469970703125
i1,2023-04-28T15:01:23.341171,1414.469970703125
i1,2023-04-28T15:01:23.443237,1409.1778564453125
i1,2023-04-28T15:01:23.544409,1408.6083984375
i1,2023-04-28T15:01:23.649598,1408.6083984375
i1,2023-04-28T15:01:23.748835,1409.5760498046875
i1,2023-04-28T15:01:23.844943,1409.5760498046875
i1,2023-04-28T15:01:23.948625,1411.7628173828125
i1,2023-04-28T15:01:24.052620,1411.7628173828125
i1,2023-04-28T15:01:24.157200,1472.3035888671875
i1,2023-04-28T15:01:24.256311,1472.3035888671875
i1,2023-04-28T15:01:24.356243,1537.1221923828125
i1,2023-04-28T15:01:24.461692,1537.1221923828125
i1,2023-04-28T15:01:24.560895,1614.7430419921875
i1,2023-04-28T15:01:24.663681,1614.7430419921875
i1,2023-04-28T15:01:24.768849,1688.9312744140625
i1,2023-04-28T15:01:24.870356,1688.9312744140625
i1,2023-04-28T15:01:24.971507,1764.7960205078125
i1,2023-04-28T15:01:25.072181,1764.7960205078125
i1,2023-04-28T15:01:25.182259,1877.240966796875
i1,2023-04-28T15:01:25.280984,1877.240966796875
i1,2023-04-28T15:01:25.379486,1877.240966796875
i1,2023-04-28T15:01:25.482287,1940.322509765625
i1,2023-04-28T15:01:25.586415,2002.71484375
i1,2023-04-28T15:01:25.685619,2002.71484375
i1,2023-04-28T15:01:25.794065,2042.328857421875
i1,2023-04-28T15:01:25.898068,1999.4052734375
i1,2023-04-28T15:01:25.997007,1999.4052734375
i1,2023-04-28T15:01:26.101992,1999.4052734375
i1,2023-04-28T15:01:26.193787,1940.144775390625
i1,2023-04-28T15:01:26.305711,1874.6124267578125
i1,2023-04-28T15:01:26.415738,1874.6124267578125
i1,2023-04-28T15:01:26.511890,1814.5538330078125
i1,2023-04-28T15:01:26.610801,1814.5538330078125
i1,2023-04-28T15:01:26.710913,1745.2672119140625
i1,2023-04-28T15:01:26.811197,1745.2672119140625
i1,2023-04-28T15:01:26.915271,1672.755859375
i1,2023-04-28T15:01:27.017619,1672.755859375
i1,2023-04-28T15:01:27.113868,1561.0963134765625
i1,2023-04-28T15:01:27.215146,1561.0963134765625
i1,2023-04-28T15:01:27.321641,1529.1580810546875
i1,2023-04-28T15:01:27.447664,1529.1580810546875
i1,2023-04-28T15:01:27.525584,1494.5240478515625
i1,2023-04-28T15:01:27.619093,1494.5240478515625
i1,2023-04-28T15:01:27.726790,1499.62890625
i1,2023-04-28T15:01:27.827977,1499.62890625
i1,2023-04-28T15:01:27.928252,1490.8984375
i1,2023-04-28T15:01:28.031507,1490.8984375
i1,2023-04-28T15:01:28.135395,1490.6689453125
i1,2023-04-28T15:01:28.233037,1490.6689453125
i1,2023-04-28T15:01:28.339864,1482.287353515625
i1,2023-04-28T15:01:28.446409,1482.287353515625
i1,2023-04-28T15:01:28.535087,1480.74853515625
i1,2023-04-28T15:01:28.646575,1480.74853515625
i1,2023-04-28T15:01:28.747993,1484.3564453125
i1,2023-04-28T15:01:28.849034,1484.3564453125
i1,2023-04-28T15:01:28.953299,1481.2008056640625
i1,2023-04-28T15:01:29.053528,1481.2008056640625
i1,2023-04-28T15:01:29.160038,1483.0047607421875
i1,2023-04-28T15:01:29.260561,1483.0047607421875
i1,2023-04-28T15:01:29.359871,1476.8497314453125
i1,2023-04-28T15:01:29.464291,1476.8497314453125
i1,2023-04-28T15:01:29.563507,1479.9522705078125
i1,2023-04-28T15:01:29.663667,1479.9522705078125
i1,2023-04-28T15:01:29.766642,1473.5355224609375
i1,2023-04-28T15:01:29.869116,1473.5355224609375
i1,2023-04-28T15:01:29.971186,1483.14453125
i1,2023-04-28T15:01:30.074686,1483.14453125
i1,2023-04-28T15:01:30.175140,1478.494384765625
i1,2023-04-28T15:01:30.277245,1478.494384765625
i1,2023-04-28T15:01:30.378897,1489.0831298828125
i1,2023-04-28T15:01:30.480264,1489.0831298828125
i1,2023-04-28T15:01:30.582261,1475.48828125
i1,2023-04-28T15:01:30.686320,1475.48828125
i1,2023-04-28T15:01:30.785990,1489.3221435546875
i1,2023-04-28T15:01:30.881529,1489.3221435546875
i1,2023-04-28T15:01:30.982870,1477.7547607421875
i1,2023-04-28T15:01:31.088589,1477.7547607421875
i1,2023-04-28T15:01:31.193881,1493.353759765625
i1,2023-04-28T15:01:31.285786,1493.353759765625
i1,2023-04-28T15:01:31.387608,1480.0888671875
i1,2023-04-28T15:01:31.495000,1480.0888671875
i1,2023-04-28T15:01:31.599232,1495.3939208984375
i1,2023-04-28T15:01:31.699503,1495.3939208984375
i1,2023-04-28T15:01:31.808824,1478.737060546875
i1,2023-04-28T15:01:31.906099,1478.737060546875
i1,2023-04-28T15:01:32.008648,1494.04345703125
i1,2023-04-28T15:01:32.110815,1480.0885009765625
i1,2023-04-28T15:01:32.213066,1480.0885009765625
i1,2023-04-28T15:01:32.313420,1480.0885009765625
i1,2023-04-28T15:01:32.427456,1501.2906494140625
i1,2023-04-28T15:01:32.524234,1480.196044921875
i1,2023-04-28T15:01:32.618489,1480.196044921875
i1,2023-04-28T15:01:32.728029,1415.717529296875
i1,2023-04-28T15:01:32.822634,1415.717529296875
i1,2023-04-28T15:01:32.926315,1331.263671875
i1,2023-04-28T15:01:33.028318,1331.263671875
i1,2023-04-28T15:01:33.134680,1259.9654541015625
i1,2023-04-28T15:01:33.235156,1259.9654541015625
i1,2023-04-28T15:01:33.333291,1176.4122314453125
i1,2023-04-28T15:01:33.456470,1176.4122314453125
i1,2023-04-28T15:01:33.538218,1106.615234375
i1,2023-04-28T15:01:33.643311,1106.615234375
i1,2023-04-28T15:01:33.743779,1015.5310668945312
i1,2023-04-28T15:01:33.849203,1015.5310668945312
i1,2023-04-28T15:01:33.948007,948.9156494140625
i1,2023-04-28T15:01:34.048416,948.9156494140625
i1,2023-04-28T15:01:34.148648,820.187744140625
i1,2023-04-28T15:01:34.253936,820.187744140625
i1,2023-04-28T15:01:34.353509,820.187744140625
i1,2023-04-28T15:01:34.458327,937.2300415039062
i1,2023-04-28T15:01:34.570453,1000.0907592773438
i1,2023-04-28T15:01:34.663295,1000.0907592773438
i1,2023-04-28T15:01:34.760621,1137.6148681640625
i1,2023-04-28T15:01:34.861636,1137.6148681640625
i1,2023-04-28T15:01:34.964098,1296.7816162109375
i1,2023-04-28T15:01:35.067510,1296.7816162109375
i1,2023-04-28T15:01:35.171645,1444.676025390625
i1,2023-04-28T15:01:35.270331,1444.676025390625
i1,2023-04-28T15:01:35.372933,1444.676025390625
i1,2023-04-28T15:01:35.478024,1509.6783447265625
i1,2023-04-28T15:01:35.578200,1588.06201171875
i1,2023-04-28T15:01:35.679405,1588.06201171875
i1,2023-04-28T15:01:35.780548,1647.579833984375
i1,2023-04-28T15:01:35.881794,1647.579833984375
i1,2023-04-28T15:01:35.987014,1710.704345703125
i1,2023-04-28T15:01:36.089419,1710.704345703125
i1,2023-04-28T15:01:36.195932,1696.1634521484375
i1,2023-04-28T15:01:36.297415,1696.1634521484375
i1,2023-04-28T15:01:36.395876,1642.2508544921875
i1,2023-04-28T15:01:36.501017,1642.2508544921875
i1,2023-04-28T15:01:36.600311,1569.7452392578125
i1,2023-04-28T15:01:36.699343,1569.7452392578125
i1,2023-04-28T15:01:36.804551,1480.0191650390625
i1,2023-04-28T15:01:36.905743,1480.0191650390625
i1,2023-04-28T15:01:37.010242,1396.6378173828125
i1,2023-04-28T15:01:37.110730,1396.6378173828125
i1,2023-04-28T15:01:37.218219,1391.10205078125
i1,2023-04-28T15:01:37.317116,1391.10205078125
i1,2023-04-28T15:01:37.414939,1391.10205078125
i1,2023-04-28T15:01:37.521068,1391.96044921875
i1,2023-04-28T15:01:37.626112,1402.214599609375
i1,2023-04-28T15:01:37.726490,1402.214599609375
i1,2023-04-28T15:01:37.826317,1467.4879150390625
i1,2023-04-28T15:01:37.935643,1558.8673095703125
i1,2023-04-28T15:01:38.031149,1558.8673095703125
i1,2023-04-28T15:01:38.130508,1558.8673095703125
i1,2023-04-28T15:01:38.231838,1672.30615234375
i1,2023-04-28T15:01:38.345594,1779.89111328125
i1,2023-04-28T15:01:38.452074,1779.89111328125
i1,2023-04-28T15:01:38.541101,1779.89111328125
i1,2023-04-28T15:01:38.639309,1918.0865478515625
i1,2023-04-28T15:01:38.745441,2028.373291015625
i1,2023-04-28T15:01:38.844649,2028.373291015625
i1,2023-04-28T15:01:38.950903,2033.773681640625
i1,2023-04-28T15:01:39.049067,2033.773681640625
i1,2023-04-28T15:01:39.148419,2098.237060546875
i1,2023-04-28T15:01:39.250809,2098.237060546875
i1,2023-04-28T15:01:39.352395,2098.237060546875
i1,2023-04-28T15:01:39.468172,2017.822509765625
i1,2023-04-28T15:01:39.564110,2009.31396484375
i1,2023-04-28T15:01:39.658339,2009.31396484375
i1,2023-04-28T15:01:39.759324,1917.3223876953125
i1,2023-04-28T15:01:39.865703,1917.3223876953125
i1,2023-04-28T15:01:39.969019,1821.2523193359375
i1,2023-04-28T15:01:40.067163,1821.2523193359375
i1,2023-04-28T15:01:40.167527,1710.68212890625
i1,2023-04-28T15:01:40.270690,1710.68212890625
i1,2023-04-28T15:01:40.371358,1582.8907470703125
i1,2023-04-28T15:01:40.485055,1582.8907470703125
i1,2023-04-28T15:01:40.574925,1473.9876708984375
i1,2023-04-28T15:01:40.682198,1473.9876708984375
i1,2023-04-28T15:01:40.782383,1488.8668212890625
i1,2023-04-28T15:01:40.885740,1488.8668212890625
i1,2023-04-28T15:01:40.990925,1477.14404296875
i1,2023-04-28T15:01:41.090224,1477.14404296875
i1,2023-04-28T15:01:41.188556,1487.2347412109375
i1,2023-04-28T15:01:41.296071,1487.2347412109375
i1,2023-04-28T15:01:41.387945,1478.2095947265625
i1,2023-04-28T15:01:41.487424,1478.2095947265625
i1,2023-04-28T15:01:41.601322,1487.5140380859375
i1,2023-04-28T15:01:41.700151,1487.5140380859375
i1,2023-04-28T15:01:41.803355,1345.4803466796875
i1,2023-04-28T15:01:41.906615,1345.4803466796875
i1,2023-04-28T15:01:42.003158,1239.06884765625
i1,2023-04-28T15:01:42.105573,1239.06884765625
i1,2023-04-28T15:01:42.206624,1119.5804443359375
i1,2023-04-28T15:01:42.307864,1119.5804443359375
i1,2023-04-28T15:01:42.412574,1015.9862670898438
i1,2023-04-28T15:01:42.517922,1015.9862670898438
i1,2023-04-28T15:01:42.618419,891.3679809570312
i1,2023-04-28T15:01:42.716154,891.3679809570312
i1,2023-04-28T15:01:42.821828,841.972412109375
i1,2023-04-28T15:01:42.922562,841.972412109375
i1,2023-04-28T15:01:43.021767,815.2365112304688
i1,2023-04-28T15:01:43.128392,815.2365112304688
i1,2023-04-28T15:01:43.233674,807.5328979492188
i1,2023-04-28T15:01:43.327827,807.5328979492188
i1,2023-04-28T15:01:43.431975,797.2153930664062
i1,2023-04-28T15:01:43.544961,909.9807739257812
i1,2023-04-28T15:01:43.634898,909.9807739257812
i1,2023-04-28T15:01:43.736195,909.9807739257812
i1,2023-04-28T15:01:43.841372,1020.4892578125
i1,2023-04-28T15:01:43.943881,1020.4892578125
i1,2023-04-28T15:01:44.041958,1124.4737548828125
i1,2023-04-28T15:01:44.142303,1124.4737548828125
i1,2023-04-28T15:01:44.248572,1228.0067138671875
i1,2023-04-28T15:01:44.350985,1228.0067138671875
i1,2023-04-28T15:01:44.465627,1228.0067138671875
i1,2023-04-28T15:01:44.557351,1541.3104248046875
i1,2023-04-28T15:01:44.658862,1541.3104248046875
i1,2023-04-28T15:01:44.764099,1232.5072021484375
i1,2023-04-28T15:01:44.862308,1232.5072021484375
i1,2023-04-28T15:01:44.964687,970.0704956054688
i1,2023-04-28T15:01:45.064055,970.0704956054688
i1,2023-04-28T15:01:45.173456,900.2976684570312
i1,2023-04-28T15:01:45.272612,900.2976684570312
i1,2023-04-28T15:01:45.368974,1281.1241455078125
i1,2023-04-28T15:01:45.496315,1281.1241455078125
i1,2023-04-28T15:01:45.576121,1669.442138671875
i1,2023-04-28T15:01:45.677976,1669.442138671875
i1,2023-04-28T15:01:45.781289,1775.0283203125
i1,2023-04-28T15:01:45.874005,1775.0283203125
i1,2023-04-28T15:01:45.973267,1771.4041748046875
i1,2023-04-28T15:01:46.078744,1771.4041748046875
i1,2023-04-28T15:01:46.186372,1323.6629638671875
i1,2023-04-28T15:01:46.284598,1323.6629638671875
i1,2023-04-28T15:01:46.389127,1355.402099609375
i1,2023-04-28T15:01:46.491342,1355.402099609375
i1,2023-04-28T15:01:46.605992,1662.8934326171875
i1,2023-04-28T15:01:46.697160,1662.8934326171875
i1,2023-04-28T15:01:46.802502,1922.629638671875
i1,2023-04-28T15:01:46.900344,1922.629638671875
i1,2023-04-28T15:01:47.004924,1995.2247314453125
i1,2023-04-28T15:01:47.107999,1995.2247314453125
i1,2023-04-28T15:01:47.211318,1618.7255859375
i1,2023-04-28T15:01:47.310628,1618.7255859375
i1,2023-04-28T15:01:47.408858,1618.7255859375
i1,2023-04-28T15:01:47.511250,1245.2132568359375
i1,2023-04-28T15:01:47.614437,1131.0885009765625
i1,2023-04-28T15:01:47.715817,1131.0885009765625
i1,2023-04-28T15:01:47.819159,1130.5430908203125
i1,2023-04-28T15:01:47.923430,1130.5430908203125
i1,2023-04-28T15:01:48.021715,1329.119140625
i1,2023-04-28T15:01:48.126232,1329.119140625
i1,2023-04-28T15:01:48.227420,1377.7923583984375
i1,2023-04-28T15:01:48.328640,1377.7923583984375
i1,2023-04-28T15:01:48.427298,1387.809814453125
i1,2023-04-28T15:01:48.530595,1387.809814453125
i1,2023-04-28T15:01:48.635924,1390.9603271484375
i1,2023-04-28T15:01:48.736179,1390.9603271484375
i1,2023-04-28T15:01:48.838437,1387.7403564453125
i1,2023-04-28T15:01:48.939499,1387.7403564453125
i1,2023-04-28T15:01:49.042753,1387.9404296875
i1,2023-04-28T15:01:49.141960,1387.9404296875
i1,2023-04-28T15:01:49.238957,1386.3096923828125
i1,2023-04-28T15:01:49.346745,1386.3096923828125
i1,2023-04-28T15:01:49.449440,1386.3096923828125
i1,2023-04-28T15:01:49.550450,1386.0030517578125
i1,2023-04-28T15:01:49.654980,1387.739990234375
i1,2023-04-28T15:01:49.752986,1387.739990234375
i1,2023-04-28T15:01:49.857596,1177.59033203125
i1,2023-04-28T15:01:49.959827,1008.8104858398438
i1,2023-04-28T15:01:50.058580,1008.8104858398438
i1,2023-04-28T15:01:50.160021,1008.8104858398438
i1,2023-04-28T15:01:50.264289,640.5615234375
i1,2023-04-28T15:01:50.369947,260.0584411621094
i1,2023-04-28T15:01:50.479864,260.0584411621094
i1,2023-04-28T15:01:50.577112,-211.45391845703125
i1,2023-04-28T15:01:50.671781,-211.45391845703125
i1,2023-04-28T15:01:50.775918,-801.12255859375
i1,2023-04-28T15:01:50.875187,-801.12255859375
i1,2023-04-28T15:01:50.983482,-1159.13671875
i1,2023-04-28T15:01:51.079100,-1159.13671875
i1,2023-04-28T15:01:51.185070,-1291.3858642578125
i1,2023-04-28T15:01:51.278143,-1291.3858642578125
i1,2023-04-28T15:01:51.383861,-1113.22216796875
i1,2023-04-28T15:01:51.512251,-1113.22216796875
i1,2023-04-28T15:01:51.584410,-899.0721435546875
i1,2023-04-28T15:01:51.688213,-899.0721435546875
i1,2023-04-28T15:01:51.792882,-627.5335693359375
i1,2023-04-28T15:01:51.892171,-627.5335693359375
i1,2023-04-28T15:01:51.991515,-237.45726013183594
i1,2023-04-28T15:01:52.092776,-237.45726013183594
i1,2023-04-28T15:01:52.195088,126.31195068359375
i1,2023-04-28T15:01:52.297582,126.31195068359375
i1,2023-04-28T15:01:52.403169,568.5799560546875
i1,2023-04-28T15:01:52.514966,568.5799560546875
i1,2023-04-28T15:01:52.604534,1082.156982421875
i1,2023-04-28T15:01:52.706927,1082.156982421875
i1,2023-04-28T15:01:52.810810,1406.804443359375
i1,2023-04-28T15:01:52.914236,1406.804443359375
i1,2023-04-28T15:01:53.014417,1333.053466796875
i1,2023-04-28T15:01:53.113864,1333.053466796875
i1,2023-04-28T15:01:53.216195,1271.0830078125
i1,2023-04-28T15:01:53.317453,1271.0830078125
i1,2023-04-28T15:01:53.420012,1232.1444091796875
i1,2023-04-28T15:01:53.521425,1232.1444091796875
i1,2023-04-28T15:01:53.631888,1107.406982421875
i1,2023-04-28T15:01:53.728952,1107.406982421875
i1,2023-04-28T15:01:53.830947,1031.655517578125
i1,2023-04-28T15:01:53.929198,1031.655517578125
i1,2023-04-28T15:01:54.029422,1004.1517333984375
i1,2023-04-28T15:01:54.132824,1004.1517333984375
i1,2023-04-28T15:01:54.234137,981.6061401367188
i1,2023-04-28T15:01:54.336516,981.6061401367188
i1,2023-04-28T15:01:54.442221,981.6061401367188
i1,2023-04-28T15:01:54.543417,978.0199584960938
i1,2023-04-28T15:01:54.641506,988.7982177734375
i1,2023-04-28T15:01:54.745761,988.7982177734375
i1,2023-04-28T15:01:54.854778,988.1077880859375
i1,2023-04-28T15:01:54.948224,988.1077880859375
i1,2023-04-28T15:01:55.054497,972.0313720703125
i1,2023-04-28T15:01:55.153851,972.0313720703125
i1,2023-04-28T15:01:55.259167,942.421142578125
i1,2023-04-28T15:01:55.359615,942.421142578125
i1,2023-04-28T15:01:55.461278,926.8336791992188
i1,2023-04-28T15:01:55.560352,926.8336791992188
i1,2023-04-28T15:01:55.666711,914.7052001953125
i1,2023-04-28T15:01:55.766819,914.7052001953125
i1,2023-04-28T15:01:55.870116,904.97119140625
i1,2023-04-28T15:01:55.977337,904.97119140625
i1,2023-04-28T15:01:56.075124,910.1491088867188
i1,2023-04-28T15:01:56.168684,910.1491088867188
i1,2023-04-28T15:01:56.277163,910.7786254882812
i1,2023-04-28T15:01:56.376597,910.7786254882812
i1,2023-04-28T15:01:56.495491,910.7786254882812
i1,2023-04-28T15:01:56.589367,909.9811401367188
i1,2023-04-28T15:01:56.687938,909.9811401367188
i1,2023-04-28T15:01:56.789949,908.4022827148438
i1,2023-04-28T15:01:56.886869,908.4022827148438
i1,2023-04-28T15:01:56.992220,908.1589965820312
i1,2023-04-28T15:01:57.096715,908.1589965820312
i1,2023-04-28T15:01:57.199908,910.2035522460938
i1,2023-04-28T15:01:57.294372,910.2035522460938
i1,2023-04-28T15:01:57.397656,911.8035278320312
i1,2023-04-28T15:01:57.524483,911.8035278320312
i1,2023-04-28T15:01:57.605478,915.992431640625
i1,2023-04-28T15:01:57.703761,915.992431640625
i1,2023-04-28T15:01:57.806629,968.0400390625
i1,2023-04-28T15:01:57.905990,968.0400390625
i1,2023-04-28T15:01:58.012339,1045.8887939453125
i1,2023-04-28T15:01:58.112683,1045.8887939453125
i1,2023-04-28T15:01:58.215959,1134.5013427734375
i1,2023-04-28T15:01:58.318362,1134.5013427734375
i1,2023-04-28T15:01:58.417067,1134.5013427734375
i1,2023-04-28T15:01:58.527327,1229.986572265625
i1,2023-04-28T15:01:58.637044,1288.2176513671875
i1,2023-04-28T15:01:58.723349,1288.2176513671875
i1,2023-04-28T15:01:58.826875,1369.3807373046875
i1,2023-04-28T15:01:58.927094,1369.3807373046875
i1,2023-04-28T15:01:59.031797,1426.1937255859375
i1,2023-04-28T15:01:59.131499,1426.1937255859375
i1,2023-04-28T15:01:59.236922,1424.8404541015625
i1,2023-04-28T15:01:59.336502,1424.8404541015625
i1,2023-04-28T15:01:59.438118,1424.8404541015625
i1,2023-04-28T15:01:59.541463,1392.9951171875
i1,2023-04-28T15:01:59.643344,1369.38037109375
i1,2023-04-28T15:01:59.747168,1369.38037109375
i1,2023-04-28T15:01:59.845762,1294.275634765625
i1,2023-04-28T15:01:59.948164,1294.275634765625
i1,2023-04-28T15:02:00.050697,1214.7222900390625
i1,2023-04-28T15:02:00.154653,1214.7222900390625
i1,2023-04-28T15:02:00.262902,1094.716796875
i1,2023-04-28T15:02:00.363271,1094.716796875
i1,2023-04-28T15:02:00.464439,1048.6131591796875
i1,2023-04-28T15:02:00.569462,1048.6131591796875
i1,2023-04-28T15:02:00.667637,965.7095336914062
i1,2023-04-28T15:02:00.770483,965.7095336914062
i1,2023-04-28T15:02:00.861366,907.2269897460938
i1,2023-04-28T15:02:00.962631,907.2269897460938
i1,2023-04-28T15:02:01.070600,908.3764038085938
i1,2023-04-28T15:02:01.172741,908.3764038085938
i1,2023-04-28T15:02:01.273959,908.8428344726562
i1,2023-04-28T15:02:01.385615,908.8428344726562
i1,2023-04-28T15:02:01.480085,908.8428344726562
i1,2023-04-28T15:02:01.584257,911.667724609375
i1,2023-04-28T15:02:01.677020,911.1035766601562
i1,2023-04-28T15:02:01.778238,911.1035766601562
i1,2023-04-28T15:02:01.885027,912.4536743164062
i1,2023-04-28T15:02:01.983695,912.4536743164062
i1,2023-04-28T15:02:02.090291,913.6224975585938
i1,2023-04-28T15:02:02.189915,913.6224975585938
i1,2023-04-28T15:02:02.291004,918.3043823242188
i1,2023-04-28T15:02:02.398549,974.1970825195312
i1,2023-04-28T15:02:02.497214,974.1970825195312
i1,2023-04-28T15:02:02.616400,1173.088623046875
i1,2023-04-28T15:02:02.703336,1173.088623046875
i1,2023-04-28T15:02:02.803847,1499.779541015625
i1,2023-04-28T15:02:02.904199,1499.779541015625
i1,2023-04-28T15:02:03.001686,1499.779541015625
i1,2023-04-28T15:02:03.109283,2046.82861328125
i1,2023-04-28T15:02:03.213651,2686.1875
i1,2023-04-28T15:02:03.310002,2686.1875
i1,2023-04-28T15:02:03.418614,3052.014892578125
i1,2023-04-28T15:02:03.544454,3052.014892578125
i1,2023-04-28T15:02:03.622302,3500.21142578125
i1,2023-04-28T15:02:03.725378,3500.21142578125
i1,2023-04-28T15:02:03.824926,3906.73095703125
i1,2023-04-28T15:02:03.926839,3906.73095703125
i1,2023-04-28T15:02:04.026080,4351.69580078125
i1,2023-04-28T15:02:04.127660,4351.69580078125
i1,2023-04-28T15:02:04.228661,4720.5947265625
i1,2023-04-28T15:02:04.334006,4720.5947265625
i1,2023-04-28T15:02:04.432582,4978.87060546875
i1,2023-04-28T15:02:04.553372,4978.87060546875
i1,2023-04-28T15:02:04.639261,5067.64501953125
i1,2023-04-28T15:02:04.743187,5067.64501953125
i1,2023-04-28T15:02:04.841435,4963.0380859375
i1,2023-04-28T15:02:04.941959,4963.0380859375
i1,2023-04-28T15:02:05.042038,4850.3154296875
i1,2023-04-28T15:02:05.145518,4850.3154296875
i1,2023-04-28T15:02:05.246625,4810.63427734375
i1,2023-04-28T15:02:05.348133,4810.63427734375
i1,2023-04-28T15:02:05.450535,4800.32861328125
i1,2023-04-28T15:02:05.555065,4800.32861328125
i1,2023-04-28T15:02:05.667654,4803.45361328125
i1,2023-04-28T15:02:05.756791,4803.45361328125
i1,2023-04-28T15:02:05.861503,4788.5390625
i1,2023-04-28T15:02:05.960730,4788.5390625
i1,2023-04-28T15:02:06.063189,4530.1865234375
i1,2023-04-28T15:02:06.165421,4530.1865234375
i1,2023-04-28T15:02:06.269121,4160.4404296875
i1,2023-04-28T15:02:06.370397,4160.4404296875
i1,2023-04-28T15:02:06.469956,3631.177001953125
i1,2023-04-28T15:02:06.572036,3631.177001953125
i1,2023-04-28T15:02:06.673265,3095.54150390625
i1,2023-04-28T15:02:06.775527,3095.54150390625
i1,2023-04-28T15:02:06.890263,2585.826171875
i1,2023-04-28T15:02:06.985894,2585.826171875
i1,2023-04-28T15:02:07.085138,2078.19287109375
i1,2023-04-28T15:02:07.188511,2078.19287109375
i1,2023-04-28T15:02:07.285753,1534.116455078125
i1,2023-04-28T15:02:07.389150,1534.116455078125
i1,2023-04-28T15:02:07.490714,946.214111328125
i1,2023-04-28T15:02:07.593098,946.214111328125
i1,2023-04-28T15:02:07.695495,301.149658203125
i1,2023-04-28T15:02:07.793384,301.149658203125
i1,2023-04-28T15:02:07.904051,-57.169837951660156
i1,2023-04-28T15:02:08.010243,-57.169837951660156
i1,2023-04-28T15:02:08.104265,-366.8727722167969
i1,2023-04-28T15:02:08.202476,-366.8727722167969
i1,2023-04-28T15:02:08.308010,-474.45855712890625
i1,2023-04-28T15:02:08.408602,-474.45855712890625
i1,2023-04-28T15:02:08.522154,-474.45855712890625
i1,2023-04-28T15:02:08.613031,-691.7273559570312
i1,2023-04-28T15:02:08.719173,-837.1098022460938
i1,2023-04-28T15:02:08.816235,-837.1098022460938
i1,2023-04-28T15:02:08.918568,-1058.302490234375
i1,2023-04-28T15:02:09.027119,-1304.3963623046875
i1,2023-04-28T15:02:09.131212,-1304.3963623046875
i1,2023-04-28T15:02:09.228635,-1145.632080078125
i1,2023-04-28T15:02:09.329814,-1145.632080078125
i1,2023-04-28T15:02:09.431959,-919.0902099609375
i1,2023-04-28T15:02:09.563377,-919.0902099609375
i1,2023-04-28T15:02:09.634202,-667.9600219726562
i1,2023-04-28T15:02:09.737316,-667.9600219726562
i1,2023-04-28T15:02:09.842286,-391.0785827636719
i1,2023-04-28T15:02:09.941726,-391.0785827636719
i1,2023-04-28T15:02:10.041204,-124.1668472290039
i1,2023-04-28T15:02:10.145698,-124.1668472290039
i1,2023-04-28T15:02:10.244530,283.9855041503906
i1,2023-04-28T15:02:10.346771,283.9855041503906
i1,2023-04-28T15:02:10.450478,283.9855041503906
i1,2023-04-28T15:02:10.565115,545.9115600585938
i1,2023-04-28T15:02:10.657499,856.2560424804688
i1,2023-04-28T15:02:10.757083,856.2560424804688
i1,2023-04-28T15:02:10.858312,1268.8282470703125
i1,2023-04-28T15:02:10.963891,1268.8282470703125
i1,2023-04-28T15:02:11.064449,1378.3968505859375
i1,2023-04-28T15:02:11.157817,1378.3968505859375
i1,2023-04-28T15:02:11.262220,1393.27587890625
i1,2023-04-28T15:02:11.364790,1393.27587890625
i1,2023-04-28T15:02:11.466422,1393.27587890625
i1,2023-04-28T15:02:11.572190,1397.634521484375
i1,2023-04-28T15:02:11.669856,1401.844482421875
i1,2023-04-28T15:02:11.765667,1401.844482421875
i1,2023-04-28T15:02:11.870071,1103.8001708984375
i1,2023-04-28T15:02:11.974807,1103.8001708984375
i1,2023-04-28T15:02:12.080367,1051.4967041015625
i1,2023-04-28T15:02:12.180175,1051.4967041015625
i1,2023-04-28T15:02:12.280568,1006.09521484375
i1,2023-04-28T15:02:12.385860,1006.09521484375
i1,2023-04-28T15:02:12.488547,976.1105346679688
i1,2023-04-28T15:02:12.590917,976.1105346679688
i1,2023-04-28T15:02:12.685732,923.9963989257812
i1,2023-04-28T15:02:12.797290,923.9963989257812
i1,2023-04-28T15:02:12.892386,865.538330078125
i1,2023-04-28T15:02:12.995644,865.538330078125
i1,2023-04-28T15:02:13.097021,826.1130981445312
i1,2023-04-28T15:02:13.201203,826.1130981445312
i1,2023-04-28T15:02:13.301800,735.4982299804688
i1,2023-04-28T15:02:13.412796,735.4982299804688
i1,2023-04-28T15:02:13.504711,735.4982299804688
i1,2023-04-28T15:02:13.606784,627.4888305664062
i1,2023-04-28T15:02:13.712095,903.0011596679688
i1,2023-04-28T15:02:13.817033,903.0011596679688
i1,2023-04-28T15:02:13.917735,1129.876708984375
i1,2023-04-28T15:02:14.019024,1129.876708984375
i1,2023-04-28T15:02:14.117004,1485.947021484375
i1,2023-04-28T15:02:14.219193,1485.947021484375
i1,2023-04-28T15:02:14.322707,2032.880126953125
i1,2023-04-28T15:02:14.421933,2032.880126953125
i1,2023-04-28T15:02:14.526219,2510.040283203125
i1,2023-04-28T15:02:14.641426,2510.040283203125
i1,2023-04-28T15:02:14.727978,2772.742919921875
i1,2023-04-28T15:02:14.837168,2772.742919921875
i1,2023-04-28T15:02:14.933438,2866.10693359375
i1,2023-04-28T15:02:15.036871,2866.10693359375
i1,2023-04-28T15:02:15.138934,3241.079345703125
i1,2023-04-28T15:02:15.243859,4057.112060546875
i1,2023-04-28T15:02:15.339882,4057.112060546875
i1,2023-04-28T15:02:15.442291,4057.112060546875
i1,2023-04-28T15:02:15.576129,4400.45703125
i1,2023-04-28T15:02:15.652106,4636.7431640625
i1,2023-04-28T15:02:15.750769,4636.7431640625
i1,2023-04-28T15:02:15.848715,4733.8017578125
i1,2023-04-28T15:02:15.944095,4733.8017578125
i1,2023-04-28T15:02:16.052571,4728.369140625
i1,2023-04-28T15:02:16.151809,4728.369140625
i1,2023-04-28T15:02:16.253250,4730.17529296875
i1,2023-04-28T15:02:16.356695,4730.17529296875
i1,2023-04-28T15:02:16.461119,4800.7841796875
i1,2023-04-28T15:02:16.593184,4800.7841796875
i1,2023-04-28T15:02:16.664912,4762.45654296875
i1,2023-04-28T15:02:16.763093,4762.45654296875
i1,2023-04-28T15:02:16.867073,4481.69921875
i1,2023-04-28T15:02:16.971336,4481.69921875
i1,2023-04-28T15:02:17.069876,3850.79638671875
i1,2023-04-28T15:02:17.175397,3850.79638671875
i1,2023-04-28T15:02:17.274464,2855.745361328125
i1,2023-04-28T15:02:17.377629,2855.745361328125
i1,2023-04-28T15:02:17.477799,2249.59765625
i1,2023-04-28T15:02:17.579301,2249.59765625
i1,2023-04-28T15:02:17.684873,1436.0257568359375
i1,2023-04-28T15:02:17.783804,1436.0257568359375
i1,2023-04-28T15:02:17.885119,600.8910522460938
i1,2023-04-28T15:02:17.988505,600.8910522460938
i1,2023-04-28T15:02:18.090852,-224.8560028076172
i1,2023-04-28T15:02:18.192410,-224.8560028076172
i1,2023-04-28T15:02:18.296254,-916.29345703125
i1,2023-04-28T15:02:18.395647,-916.29345703125
i1,2023-04-28T15:02:18.496927,-916.29345703125
i1,2023-04-28T15:02:18.602402,-784.359375
i1,2023-04-28T15:02:18.699273,-997.4295043945312
i1,2023-04-28T15:02:18.804770,-997.4295043945312
i1,2023-04-28T15:02:18.911128,-586.5474243164062
i1,2023-04-28T15:02:19.008407,-586.5474243164062
i1,2023-04-28T15:02:19.108778,170.79188537597656
i1,2023-04-28T15:02:19.211099,170.79188537597656
i1,2023-04-28T15:02:19.312375,1059.204345703125
i1,2023-04-28T15:02:19.416572,1059.204345703125
i1,2023-04-28T15:02:19.516366,1947.9442138671875
i1,2023-04-28T15:02:19.620520,1947.9442138671875
i1,2023-04-28T15:02:19.720815,2859.805419921875
i1,2023-04-28T15:02:19.821090,2859.805419921875
i1,2023-04-28T15:02:19.924102,3808.442626953125
i1,2023-04-28T15:02:20.031000,3808.442626953125
i1,2023-04-28T15:02:20.133840,4653.78125
i1,2023-04-28T15:02:20.230400,4653.78125
i1,2023-04-28T15:02:20.329129,5373.263671875
i1,2023-04-28T15:02:20.433956,5373.263671875
i1,2023-04-28T15:02:20.535435,5078.6025390625
i1,2023-04-28T15:02:20.639691,5078.6025390625
i1,2023-04-28T15:02:20.744769,4977.57861328125
i1,2023-04-28T15:02:20.841244,4977.57861328125
i1,2023-04-28T15:02:20.950288,4562.28369140625
i1,2023-04-28T15:02:21.045834,4562.28369140625
i1,2023-04-28T15:02:21.148030,3720.047119140625
i1,2023-04-28T15:02:21.254157,3720.047119140625
i1,2023-04-28T15:02:21.357318,2864.761962890625
i1,2023-04-28T15:02:21.456796,2864.761962890625
i1,2023-04-28T15:02:21.592378,1673.7684326171875
i1,2023-04-28T15:02:21.659553,1673.7684326171875
i1,2023-04-28T15:02:21.758694,1015.4312744140625
i1,2023-04-28T15:02:21.866918,145.9989471435547
i1,2023-04-28T15:02:21.963313,145.9989471435547
i1,2023-04-28T15:02:22.062555,145.9989471435547
i1,2023-04-28T15:02:22.164799,-668.7442016601562
i1,2023-04-28T15:02:22.272255,-1098.0123291015625
i1,2023-04-28T15:02:22.375479,-1098.0123291015625
i1,2023-04-28T15:02:22.471860,-1098.0123291015625
i1,2023-04-28T15:02:22.595268,-1677.3358154296875
i1,2023-04-28T15:02:22.680524,-2130.502685546875
i1,2023-04-28T15:02:22.779639,-2130.502685546875
i1,2023-04-28T15:02:22.879082,-2191.197021484375
i1,2023-04-28T15:02:22.985393,-2191.197021484375
i1,2023-04-28T15:02:23.089477,-1951.04638671875
i1,2023-04-28T15:02:23.186836,-1951.04638671875
i1,2023-04-28T15:02:23.290085,-1624.971923828125
i1,2023-04-28T15:02:23.393330,-1624.971923828125
i1,2023-04-28T15:02:23.492953,-1297.405517578125
i1,2023-04-28T15:02:23.612720,-1297.405517578125
i1,2023-04-28T15:02:23.698537,-985.2182006835938
i1,2023-04-28T15:02:23.800696,-985.2182006835938
i1,2023-04-28T15:02:23.904182,-640.7308349609375
i1,2023-04-28T15:02:24.003237,-640.7308349609375
i1,2023-04-28T15:02:24.105618,-352.6048889160156
i1,2023-04-28T15:02:24.209865,-352.6048889160156
i1,2023-04-28T15:02:24.310217,264.40814208984375
i1,2023-04-28T15:02:24.411420,264.40814208984375
i1,2023-04-28T15:02:24.513108,448.62994384765625
i1,2023-04-28T15:02:24.617525,448.62994384765625
i1,2023-04-28T15:02:24.717523,693.3776245117188
i1,2023-04-28T15:02:24.818645,693.3776245117188
i1,2023-04-28T15:02:24.920905,764.0309448242188
i1,2023-04-28T15:02:25.022259,764.0309448242188
