id,timestamp,MaxxTurn45_Coolant_Power_Active_A
i1,2023-04-28T15:00:12.767495,303.167236328125
i1,2023-04-28T15:00:12.865710,301.7149963378906
i1,2023-04-28T15:00:12.969309,301.7149963378906
i1,2023-04-28T15:00:13.072254,299.1735534667969
i1,2023-04-28T15:00:13.173139,299.1735534667969
i1,2023-04-28T15:00:13.274529,299.1735534667969
i1,2023-04-28T15:00:13.377776,285.4007568359375
i1,2023-04-28T15:00:13.481880,293.3641662597656
i1,2023-04-28T15:00:13.582941,293.3641662597656
i1,2023-04-28T15:00:13.683143,275.1475524902344
i1,2023-04-28T15:00:13.784440,275.1475524902344
i1,2023-04-28T15:00:13.885764,234.18325805664062
i1,2023-04-28T15:00:13.988442,234.18325805664062
i1,2023-04-28T15:00:14.090392,165.618408203125
i1,2023-04-28T15:00:14.194819,165.618408203125
i1,2023-04-28T15:00:14.295304,143.0394287109375
i1,2023-04-28T15:00:14.396450,143.0394287109375
i1,2023-04-28T15:00:14.498644,117.49671173095703
i1,2023-04-28T15:00:14.602822,117.49671173095703
i1,2023-04-28T15:00:14.703261,117.13170623779297
i1,2023-04-28T15:00:14.813587,117.13170623779297
i1,2023-04-28T15:00:14.909158,117.57994079589844
i1,2023-04-28T15:00:15.007330,117.57994079589844
i1,2023-04-28T15:00:15.109401,116.897216796875
i1,2023-04-28T15:00:15.211597,116.897216796875
i1,2023-04-28T15:00:15.313730,116.897216796875
i1,2023-04-28T15:00:15.419041,117.15418243408203
i1,2023-04-28T15:00:15.524799,117.0784683227539
i1,2023-04-28T15:00:15.625448,117.0784683227539
i1,2023-04-28T15:00:15.725320,117.07842254638672
i1,2023-04-28T15:00:15.820016,117.07842254638672
i1,2023-04-28T15:00:15.923702,117.07849884033203
i1,2023-04-28T15:00:16.023085,117.07849884033203
i1,2023-04-28T15:00:16.131770,116.71607971191406
i1,2023-04-28T15:00:16.240424,116.71612548828125
i1,2023-04-28T15:00:16.332522,116.71612548828125
i1,2023-04-28T15:00:16.444516,116.71612548828125
i1,2023-04-28T15:00:16.535899,117.07870483398438
i1,2023-04-28T15:00:16.643984,116.98902893066406
i1,2023-04-28T15:00:16.741505,116.98902893066406
i1,2023-04-28T15:00:16.853701,117.44115447998047
i1,2023-04-28T15:00:16.953087,117.44115447998047
i1,2023-04-28T15:00:17.052091,117.28691864013672
i1,2023-04-28T15:00:17.149452,117.28691864013672
i1,2023-04-28T15:00:17.257131,117.28691864013672
i1,2023-04-28T15:00:17.367934,117.2869644165039
i1,2023-04-28T15:00:17.464529,117.49687194824219
i1,2023-04-28T15:00:17.559738,117.49687194824219
i1,2023-04-28T15:00:17.661883,117.49678802490234
i1,2023-04-28T15:00:17.766174,117.49678802490234
i1,2023-04-28T15:00:17.864435,117.86173248291016
i1,2023-04-28T15:00:17.966711,117.86173248291016
i1,2023-04-28T15:00:18.070202,117.8618392944336
i1,2023-04-28T15:00:18.172694,117.8618392944336
i1,2023-04-28T15:00:18.273941,117.86176300048828
i1,2023-04-28T15:00:18.384050,117.86176300048828
i1,2023-04-28T15:00:18.477571,117.99958801269531
i1,2023-04-28T15:00:18.581898,117.99958801269531
i1,2023-04-28T15:00:18.685920,117.99968719482422
i1,2023-04-28T15:00:18.786157,117.99968719482422
i1,2023-04-28T15:00:18.891509,117.99950408935547
i1,2023-04-28T15:00:18.993192,117.99950408935547
i1,2023-04-28T15:00:19.094152,118.21240234375
i1,2023-04-28T15:00:19.193377,118.21240234375
i1,2023-04-28T15:00:19.297009,118.2266616821289
i1,2023-04-28T15:00:19.401872,118.2266616821289
i1,2023-04-28T15:00:19.498556,118.36266326904297
i1,2023-04-28T15:00:19.600728,118.36266326904297
i1,2023-04-28T15:00:19.703062,118.36266326904297
i1,2023-04-28T15:00:19.806371,118.36266326904297
i1,2023-04-28T15:00:19.909508,118.36266326904297
i1,2023-04-28T15:00:20.012912,118.36266326904297
i1,2023-04-28T15:00:20.118481,118.36268615722656
i1,2023-04-28T15:00:20.213356,118.36268615722656
i1,2023-04-28T15:00:20.307841,118.22674560546875
i1,2023-04-28T15:00:20.412382,118.22674560546875
i1,2023-04-28T15:00:20.517974,118.2266616821289
i1,2023-04-28T15:00:20.620786,118.2266616821289
i1,2023-04-28T15:00:20.728323,118.5915298461914
i1,2023-04-28T15:00:20.826347,118.5915298461914
i1,2023-04-28T15:00:20.927630,118.5915298461914
i1,2023-04-28T15:00:21.027936,118.5915298461914
i1,2023-04-28T15:00:21.133309,118.59147644042969
i1,2023-04-28T15:00:21.230594,118.59147644042969
i1,2023-04-28T15:00:21.332396,118.528564453125
i1,2023-04-28T15:00:21.439626,118.528564453125
i1,2023-04-28T15:00:21.540636,118.52864074707031
i1,2023-04-28T15:00:21.637701,118.52864074707031
i1,2023-04-28T15:00:21.743173,118.52851104736328
i1,2023-04-28T15:00:21.844840,118.52851104736328
i1,2023-04-28T15:00:21.943787,118.5285415649414
i1,2023-04-28T15:00:22.052773,118.5285415649414
i1,2023-04-28T15:00:22.152159,118.8910140991211
i1,2023-04-28T15:00:22.249543,118.8910140991211
i1,2023-04-28T15:00:22.362387,118.8910140991211
i1,2023-04-28T15:00:22.462725,118.89106750488281
i1,2023-04-28T15:00:22.559167,118.89106750488281
i1,2023-04-28T15:00:22.657572,118.89106750488281
i1,2023-04-28T15:00:22.764029,121.4283447265625
i1,2023-04-28T15:00:22.864479,159.12545776367188
i1,2023-04-28T15:00:22.965737,159.12545776367188
i1,2023-04-28T15:00:23.073230,204.43443298339844
i1,2023-04-28T15:00:23.172286,204.43443298339844
i1,2023-04-28T15:00:23.274410,247.91409301757812
i1,2023-04-28T15:00:23.393916,247.91409301757812
i1,2023-04-28T15:00:23.482802,293.7419738769531
i1,2023-04-28T15:00:23.581767,293.7419738769531
i1,2023-04-28T15:00:23.680850,304.323974609375
i1,2023-04-28T15:00:23.783112,304.323974609375
i1,2023-04-28T15:00:23.884433,303.9590759277344
i1,2023-04-28T15:00:23.986600,303.9590759277344
i1,2023-04-28T15:00:24.087477,315.491455078125
i1,2023-04-28T15:00:24.190291,315.491455078125
i1,2023-04-28T15:00:24.290447,303.22955322265625
i1,2023-04-28T15:00:24.392686,303.22955322265625
i1,2023-04-28T15:00:24.495547,299.9005126953125
i1,2023-04-28T15:00:24.594263,299.9005126953125
i1,2023-04-28T15:00:24.696782,261.777587890625
i1,2023-04-28T15:00:24.799117,261.777587890625
i1,2023-04-28T15:00:24.901309,216.3931427001953
i1,2023-04-28T15:00:25.003643,216.3931427001953
i1,2023-04-28T15:00:25.108098,173.91311645507812
i1,2023-04-28T15:00:25.212617,173.91311645507812
i1,2023-04-28T15:00:25.323066,173.91311645507812
i1,2023-04-28T15:00:25.413422,127.19395446777344
i1,2023-04-28T15:00:25.513643,117.27336120605469
i1,2023-04-28T15:00:25.615470,117.27336120605469
i1,2023-04-28T15:00:25.720753,116.9102783203125
i1,2023-04-28T15:00:25.818134,116.9102783203125
i1,2023-04-28T15:00:25.921604,116.91030883789062
i1,2023-04-28T15:00:26.026700,116.91030883789062
i1,2023-04-28T15:00:26.128087,117.27338409423828
i1,2023-04-28T15:00:26.228658,117.27338409423828
i1,2023-04-28T15:00:26.329277,117.27338409423828
i1,2023-04-28T15:00:26.431395,116.86048126220703
i1,2023-04-28T15:00:26.533410,117.13194274902344
i1,2023-04-28T15:00:26.637678,117.13194274902344
i1,2023-04-28T15:00:26.738112,117.13198852539062
i1,2023-04-28T15:00:26.842561,117.13198852539062
i1,2023-04-28T15:00:26.947864,117.4969482421875
i1,2023-04-28T15:00:27.047799,117.4969482421875
i1,2023-04-28T15:00:27.150025,117.35693359375
i1,2023-04-28T15:00:27.252534,117.35693359375
i1,2023-04-28T15:00:27.355129,116.98910522460938
i1,2023-04-28T15:00:27.455426,116.98910522460938
i1,2023-04-28T15:00:27.555834,117.44117736816406
i1,2023-04-28T15:00:27.655673,117.44117736816406
i1,2023-04-28T15:00:27.758003,117.35584259033203
i1,2023-04-28T15:00:27.862261,117.35584259033203
i1,2023-04-28T15:00:27.973297,117.44120788574219
i1,2023-04-28T15:00:28.065950,117.44120788574219
i1,2023-04-28T15:00:28.168715,117.37852478027344
i1,2023-04-28T15:00:28.277933,117.44123077392578
i1,2023-04-28T15:00:28.373287,117.44123077392578
i1,2023-04-28T15:00:28.476621,117.44123077392578
i1,2023-04-28T15:00:28.577583,117.44112396240234
i1,2023-04-28T15:00:28.680587,117.0787582397461
i1,2023-04-28T15:00:28.785003,117.0787582397461
i1,2023-04-28T15:00:28.886557,117.0787353515625
i1,2023-04-28T15:00:28.982593,117.0787353515625
i1,2023-04-28T15:00:29.083885,117.44110107421875
i1,2023-04-28T15:00:29.186991,117.44110107421875
i1,2023-04-28T15:00:29.289046,117.44110107421875
i1,2023-04-28T15:00:29.406995,117.28707122802734
i1,2023-04-28T15:00:29.501762,117.21939849853516
i1,2023-04-28T15:00:29.595466,117.21939849853516
i1,2023-04-28T15:00:29.696152,117.13188934326172
i1,2023-04-28T15:00:29.801029,117.13188934326172
i1,2023-04-28T15:00:29.899187,117.13207244873047
i1,2023-04-28T15:00:30.002337,117.13207244873047
i1,2023-04-28T15:00:30.103766,117.13198852539062
i1,2023-04-28T15:00:30.206154,117.13198852539062
i1,2023-04-28T15:00:30.311723,117.13198852539062
i1,2023-04-28T15:00:30.414236,116.99542236328125
i1,2023-04-28T15:00:30.509093,117.2734603881836
i1,2023-04-28T15:00:30.618601,117.2734603881836
i1,2023-04-28T15:00:30.715818,117.18595123291016
i1,2023-04-28T15:00:30.813596,117.18595123291016
i1,2023-04-28T15:00:30.911782,117.27356719970703
i1,2023-04-28T15:00:31.014093,117.27356719970703
i1,2023-04-28T15:00:31.124989,117.43731689453125
i1,2023-04-28T15:00:31.225242,117.43731689453125
i1,2023-04-28T15:00:31.324025,117.8619155883789
i1,2023-04-28T15:00:31.426319,117.8619155883789
i1,2023-04-28T15:00:31.529391,117.99979400634766
i1,2023-04-28T15:00:31.629896,117.99979400634766
i1,2023-04-28T15:00:31.731701,118.72591400146484
i1,2023-04-28T15:00:31.832869,118.72591400146484
i1,2023-04-28T15:00:31.935204,119.08905029296875
i1,2023-04-28T15:00:32.037679,119.08905029296875
i1,2023-04-28T15:00:32.139822,119.37529754638672
i1,2023-04-28T15:00:32.244434,119.37529754638672
i1,2023-04-28T15:00:32.342897,119.68643188476562
i1,2023-04-28T15:00:32.445143,119.68643188476562
i1,2023-04-28T15:00:32.553588,120.10511016845703
i1,2023-04-28T15:00:32.653547,120.10511016845703
i1,2023-04-28T15:00:32.751675,120.05137634277344
i1,2023-04-28T15:00:32.856093,120.05137634277344
i1,2023-04-28T15:00:32.957213,120.41644287109375
i1,2023-04-28T15:00:33.057542,120.41644287109375
i1,2023-04-28T15:00:33.158821,120.05146026611328
i1,2023-04-28T15:00:33.268426,120.05146026611328
i1,2023-04-28T15:00:33.366838,120.05146026611328
i1,2023-04-28T15:00:33.471173,120.23763275146484
i1,2023-04-28T15:00:33.573257,120.29003143310547
i1,2023-04-28T15:00:33.670435,120.29003143310547
i1,2023-04-28T15:00:33.772965,119.97862243652344
i1,2023-04-28T15:00:33.873884,119.97862243652344
i1,2023-04-28T15:00:33.976376,120.28994750976562
i1,2023-04-28T15:00:34.078675,120.28994750976562
i1,2023-04-28T15:00:34.184168,120.341064453125
i1,2023-04-28T15:00:34.287829,120.28992462158203
i1,2023-04-28T15:00:34.382400,120.28992462158203
i1,2023-04-28T15:00:34.486934,120.28992462158203
i1,2023-04-28T15:00:34.588070,120.34111785888672
i1,2023-04-28T15:00:34.690324,120.34111785888672
i1,2023-04-28T15:00:34.791847,120.34111785888672
i1,2023-04-28T15:00:34.898547,121.06594848632812
i1,2023-04-28T15:00:34.995537,121.06594848632812
i1,2023-04-28T15:00:35.097170,121.06594848632812
i1,2023-04-28T15:00:35.200250,121.22710418701172
i1,2023-04-28T15:00:35.303372,121.06600952148438
i1,2023-04-28T15:00:35.432611,121.06600952148438
i1,2023-04-28T15:00:35.508203,121.87578582763672
i1,2023-04-28T15:00:35.612313,121.87578582763672
i1,2023-04-28T15:00:35.710380,122.26908874511719
i1,2023-04-28T15:00:35.814770,122.26908874511719
i1,2023-04-28T15:00:35.917228,122.60560607910156
i1,2023-04-28T15:00:36.022547,122.60560607910156
i1,2023-04-28T15:00:36.116635,122.99054718017578
i1,2023-04-28T15:00:36.218825,122.99054718017578
i1,2023-04-28T15:00:36.328453,124.0653076171875
i1,2023-04-28T15:00:36.432017,124.0653076171875
i1,2023-04-28T15:00:36.527220,125.26823425292969
i1,2023-04-28T15:00:36.628400,125.26823425292969
i1,2023-04-28T15:00:36.730644,125.98774719238281
i1,2023-04-28T15:00:36.832757,125.98774719238281
i1,2023-04-28T15:00:36.940264,127.47224426269531
i1,2023-04-28T15:00:37.041451,127.47224426269531
i1,2023-04-28T15:00:37.138787,129.6183624267578
i1,2023-04-28T15:00:37.241016,129.6183624267578
i1,2023-04-28T15:00:37.342912,132.82272338867188
i1,2023-04-28T15:00:37.446498,132.82272338867188
i1,2023-04-28T15:00:37.547397,169.19345092773438
i1,2023-04-28T15:00:37.648455,169.19345092773438
i1,2023-04-28T15:00:37.754516,208.40562438964844
i1,2023-04-28T15:00:37.852233,208.40562438964844
i1,2023-04-28T15:00:37.954289,254.5162353515625
i1,2023-04-28T15:00:38.060028,254.5162353515625
i1,2023-04-28T15:00:38.158762,297.7222595214844
i1,2023-04-28T15:00:38.261332,297.7222595214844
i1,2023-04-28T15:00:38.362669,297.7222595214844
i1,2023-04-28T15:00:38.468937,292.1951904296875
i1,2023-04-28T15:00:38.571152,302.8651428222656
i1,2023-04-28T15:00:38.675368,302.8651428222656
i1,2023-04-28T15:00:38.778670,298.6394958496094
i1,2023-04-28T15:00:38.876949,298.6394958496094
i1,2023-04-28T15:00:38.980136,298.12152099609375
i1,2023-04-28T15:00:39.079935,298.12152099609375
i1,2023-04-28T15:00:39.181786,291.78680419921875
i1,2023-04-28T15:00:39.286104,291.78680419921875
i1,2023-04-28T15:00:39.388224,257.0829162597656
i1,2023-04-28T15:00:39.504043,257.0829162597656
i1,2023-04-28T15:00:39.594283,215.67164611816406
i1,2023-04-28T15:00:39.688876,215.67164611816406
i1,2023-04-28T15:00:39.792671,169.06610107421875
i1,2023-04-28T15:00:39.893312,169.06610107421875
i1,2023-04-28T15:00:39.998653,124.32829284667969
i1,2023-04-28T15:00:40.100648,124.32829284667969
i1,2023-04-28T15:00:40.198768,116.8976821899414
i1,2023-04-28T15:00:40.303110,116.8976821899414
i1,2023-04-28T15:00:40.406927,116.71638488769531
i1,2023-04-28T15:00:40.512120,116.98931121826172
i1,2023-04-28T15:00:40.610867,116.98931121826172
i1,2023-04-28T15:00:40.705076,116.98931121826172
i1,2023-04-28T15:00:40.812553,117.07899475097656
i1,2023-04-28T15:00:40.914830,117.3560791015625
i1,2023-04-28T15:00:41.014240,117.3560791015625
i1,2023-04-28T15:00:41.120892,117.07878112792969
i1,2023-04-28T15:00:41.224061,117.07878112792969
i1,2023-04-28T15:00:41.322442,117.07878112792969
i1,2023-04-28T15:00:41.446138,117.28710174560547
i1,2023-04-28T15:00:41.530275,117.58014678955078
i1,2023-04-28T15:00:41.633133,117.58014678955078
i1,2023-04-28T15:00:41.728211,117.13201904296875
i1,2023-04-28T15:00:41.832837,117.13201904296875
i1,2023-04-28T15:00:41.932043,117.219482421875
i1,2023-04-28T15:00:42.034130,117.219482421875
i1,2023-04-28T15:00:42.136494,117.13217163085938
i1,2023-04-28T15:00:42.240042,117.13217163085938
i1,2023-04-28T15:00:42.339303,117.13217163085938
i1,2023-04-28T15:00:42.444372,117.07939910888672
i1,2023-04-28T15:00:42.556053,116.91056823730469
i1,2023-04-28T15:00:42.646093,116.91056823730469
i1,2023-04-28T15:00:42.748294,116.91059112548828
i1,2023-04-28T15:00:42.850802,116.91059112548828
i1,2023-04-28T15:00:42.957151,116.91059112548828
i1,2023-04-28T15:00:43.059342,116.91059112548828
i1,2023-04-28T15:00:43.160660,116.5612564086914
i1,2023-04-28T15:00:43.260276,116.5612564086914
i1,2023-04-28T15:00:43.360495,116.7674331665039
i1,2023-04-28T15:00:43.467954,116.7674331665039
i1,2023-04-28T15:00:43.569105,116.91069793701172
i1,2023-04-28T15:00:43.672310,116.91069793701172
i1,2023-04-28T15:00:43.770650,116.9106216430664
i1,2023-04-28T15:00:43.872640,116.9106216430664
i1,2023-04-28T15:00:43.976203,117.27377319335938
i1,2023-04-28T15:00:44.077231,117.27377319335938
i1,2023-04-28T15:00:44.182820,117.05012512207031
i1,2023-04-28T15:00:44.286010,117.05012512207031
i1,2023-04-28T15:00:44.383759,117.13243865966797
i1,2023-04-28T15:00:44.483924,117.13243865966797
i1,2023-04-28T15:00:44.588104,117.2199478149414
i1,2023-04-28T15:00:44.687135,117.2199478149414
i1,2023-04-28T15:00:44.789553,117.4974136352539
i1,2023-04-28T15:00:44.894065,117.4974136352539
i1,2023-04-28T15:00:44.996140,117.2198715209961
i1,2023-04-28T15:00:45.094241,117.2198715209961
i1,2023-04-28T15:00:45.195704,117.13238525390625
i1,2023-04-28T15:00:45.298862,117.13238525390625
i1,2023-04-28T15:00:45.400795,117.13238525390625
i1,2023-04-28T15:00:45.505218,117.497314453125
i1,2023-04-28T15:00:45.611082,117.3561782836914
i1,2023-04-28T15:00:45.711313,117.3561782836914
i1,2023-04-28T15:00:45.812452,117.44149017333984
i1,2023-04-28T15:00:45.911535,117.44149017333984
i1,2023-04-28T15:00:46.009906,117.72296905517578
i1,2023-04-28T15:00:46.113364,117.72296905517578
i1,2023-04-28T15:00:46.216173,117.80406951904297
i1,2023-04-28T15:00:46.320176,117.7229995727539
i1,2023-04-28T15:00:46.417728,117.7229995727539
i1,2023-04-28T15:00:46.520828,117.7229995727539
i1,2023-04-28T15:00:46.624048,117.8041000366211
i1,2023-04-28T15:00:46.729429,118.0898666381836
i1,2023-04-28T15:00:46.826905,118.0898666381836
i1,2023-04-28T15:00:46.936224,118.16651916503906
i1,2023-04-28T15:00:47.038328,118.16651916503906
i1,2023-04-28T15:00:47.134512,118.06688690185547
i1,2023-04-28T15:00:47.235845,118.06688690185547
i1,2023-04-28T15:00:47.341304,118.16649627685547
i1,2023-04-28T15:00:47.440366,118.16649627685547
i1,2023-04-28T15:00:47.544738,118.45655059814453
i1,2023-04-28T15:00:47.642897,118.45655059814453
i1,2023-04-28T15:00:47.746430,118.52898406982422
i1,2023-04-28T15:00:47.848699,118.52898406982422
i1,2023-04-28T15:00:47.950956,118.52901458740234
i1,2023-04-28T15:00:48.054010,118.52901458740234
i1,2023-04-28T15:00:48.156403,118.52898406982422
i1,2023-04-28T15:00:48.260723,118.52898406982422
i1,2023-04-28T15:00:48.359299,118.52898406982422
i1,2023-04-28T15:00:48.465197,118.99230194091797
i1,2023-04-28T15:00:48.564509,119.02338409423828
i1,2023-04-28T15:00:48.665134,119.02338409423828
i1,2023-04-28T15:00:48.767425,119.32199096679688
i1,2023-04-28T15:00:48.868576,119.32199096679688
i1,2023-04-28T15:00:48.975896,119.38407897949219
i1,2023-04-28T15:00:49.076149,119.38407897949219
i1,2023-04-28T15:00:49.179430,119.68675231933594
i1,2023-04-28T15:00:49.281184,119.68675231933594
i1,2023-04-28T15:00:49.378354,119.68675231933594
i1,2023-04-28T15:00:49.484697,120.13396453857422
i1,2023-04-28T15:00:49.585189,120.1784896850586
i1,2023-04-28T15:00:49.684231,120.1784896850586
i1,2023-04-28T15:00:49.789187,120.86004638671875
i1,2023-04-28T15:00:49.888615,120.86004638671875
i1,2023-04-28T15:00:49.995785,121.26788330078125
i1,2023-04-28T15:00:50.092001,121.26788330078125
i1,2023-04-28T15:00:50.194588,121.66352844238281
i1,2023-04-28T15:00:50.300058,121.66352844238281
i1,2023-04-28T15:00:50.413580,122.24104309082031
i1,2023-04-28T15:00:50.505981,122.24104309082031
i1,2023-04-28T15:00:50.607095,122.97089385986328
i1,2023-04-28T15:00:50.704794,122.97089385986328
i1,2023-04-28T15:00:50.800861,124.0655288696289
i1,2023-04-28T15:00:50.903146,124.0655288696289
i1,2023-04-28T15:00:51.007384,124.79412078857422
i1,2023-04-28T15:00:51.107072,124.79412078857422
i1,2023-04-28T15:00:51.208249,126.24971008300781
i1,2023-04-28T15:00:51.315725,126.24971008300781
i1,2023-04-28T15:00:51.414527,126.24971008300781
i1,2023-04-28T15:00:51.519022,129.14414978027344
i1,2023-04-28T15:00:51.619963,130.85299682617188
i1,2023-04-28T15:00:51.721219,130.85299682617188
i1,2023-04-28T15:00:51.823380,161.30079650878906
i1,2023-04-28T15:00:51.928712,161.30079650878906
i1,2023-04-28T15:00:52.032821,200.4480438232422
i1,2023-04-28T15:00:52.133583,200.4480438232422
i1,2023-04-28T15:00:52.231556,245.3946990966797
i1,2023-04-28T15:00:52.341034,288.1666564941406
i1,2023-04-28T15:00:52.438594,288.1666564941406
i1,2023-04-28T15:00:52.541928,288.1666564941406
i1,2023-04-28T15:00:52.642752,303.3899230957031
i1,2023-04-28T15:00:52.751220,304.02545166015625
i1,2023-04-28T15:00:52.842226,304.02545166015625
i1,2023-04-28T15:00:52.945569,304.02545166015625
i1,2023-04-28T15:00:53.049157,300.1280212402344
i1,2023-04-28T15:00:53.154227,308.9994812011719
i1,2023-04-28T15:00:53.257476,308.9994812011719
i1,2023-04-28T15:00:53.358030,308.9994812011719
i1,2023-04-28T15:00:53.476193,283.1829833984375
i1,2023-04-28T15:00:53.561892,263.82122802734375
i1,2023-04-28T15:00:53.661329,263.82122802734375
i1,2023-04-28T15:00:53.761142,223.68231201171875
i1,2023-04-28T15:00:53.869345,223.68231201171875
i1,2023-04-28T15:00:53.970704,177.34046936035156
i1,2023-04-28T15:00:54.073019,177.34046936035156
i1,2023-04-28T15:00:54.171158,133.18795776367188
i1,2023-04-28T15:00:54.274712,133.18795776367188
i1,2023-04-28T15:00:54.375162,116.40259552001953
i1,2023-04-28T15:00:54.491169,116.40259552001953
i1,2023-04-28T15:00:54.585059,116.54777526855469
i1,2023-04-28T15:00:54.684915,116.54777526855469
i1,2023-04-28T15:00:54.788047,116.54766845703125
i1,2023-04-28T15:00:54.888562,116.54766845703125
i1,2023-04-28T15:00:54.988068,116.54769897460938
i1,2023-04-28T15:00:55.088961,116.54769897460938
i1,2023-04-28T15:00:55.192276,116.73162841796875
i1,2023-04-28T15:00:55.293670,116.73162841796875
i1,2023-04-28T15:00:55.396371,116.40259552001953
i1,2023-04-28T15:00:55.497750,116.40259552001953
i1,2023-04-28T15:00:55.599972,116.18467712402344
i1,2023-04-28T15:00:55.705997,116.18467712402344
i1,2023-04-28T15:00:55.807485,116.54769897460938
i1,2023-04-28T15:00:55.909454,116.54769897460938
i1,2023-04-28T15:00:56.011798,116.18465423583984
i1,2023-04-28T15:00:56.114136,116.18465423583984
i1,2023-04-28T15:00:56.217270,116.54766845703125
i1,2023-04-28T15:00:56.314709,116.54766845703125
i1,2023-04-28T15:00:56.427026,116.40261840820312
i1,2023-04-28T15:00:56.520656,116.40261840820312
i1,2023-04-28T15:00:56.619694,116.40254211425781
i1,2023-04-28T15:00:56.725959,116.40254211425781
i1,2023-04-28T15:00:56.836449,116.76751708984375
i1,2023-04-28T15:00:56.930363,116.76751708984375
i1,2023-04-28T15:00:57.031800,116.40254211425781
i1,2023-04-28T15:00:57.130339,116.40254211425781
i1,2023-04-28T15:00:57.235941,116.76741027832031
i1,2023-04-28T15:00:57.337513,116.76741027832031
i1,2023-04-28T15:00:57.440171,117.07901763916016
i1,2023-04-28T15:00:57.543321,117.07901763916016
i1,2023-04-28T15:00:57.644631,116.71654510498047
i1,2023-04-28T15:00:57.746847,116.71654510498047
i1,2023-04-28T15:00:57.850616,117.0791244506836
i1,2023-04-28T15:00:57.949544,117.0791244506836
i1,2023-04-28T15:00:58.048736,117.07909393310547
i1,2023-04-28T15:00:58.151148,117.07909393310547
i1,2023-04-28T15:00:58.253446,117.44141387939453
i1,2023-04-28T15:00:58.357855,117.44141387939453
i1,2023-04-28T15:00:58.469467,117.44141387939453
i1,2023-04-28T15:00:58.566007,117.07909393310547
i1,2023-04-28T15:00:58.666232,117.07909393310547
i1,2023-04-28T15:00:58.764015,117.07909393310547
i1,2023-04-28T15:00:58.865185,117.44146728515625
i1,2023-04-28T15:00:58.970688,117.44157409667969
i1,2023-04-28T15:00:59.071939,117.44157409667969
i1,2023-04-28T15:00:59.180560,117.441650390625
i1,2023-04-28T15:00:59.280359,117.441650390625
i1,2023-04-28T15:00:59.379018,117.72315216064453
i1,2023-04-28T15:00:59.501768,117.72315216064453
i1,2023-04-28T15:00:59.583546,117.86238861083984
i1,2023-04-28T15:00:59.682739,117.86238861083984
i1,2023-04-28T15:00:59.784855,117.49749755859375
i1,2023-04-28T15:00:59.885248,117.49749755859375
i1,2023-04-28T15:00:59.988707,117.4973373413086
i1,2023-04-28T15:01:00.092990,117.4973373413086
i1,2023-04-28T15:01:00.193287,117.82521057128906
i1,2023-04-28T15:01:00.295734,117.82521057128906
i1,2023-04-28T15:01:00.397019,118.22698211669922
i1,2023-04-28T15:01:00.503694,118.22698211669922
i1,2023-04-28T15:01:00.615687,118.00000762939453
i1,2023-04-28T15:01:00.704855,118.00000762939453
i1,2023-04-28T15:01:00.805020,117.99995422363281
i1,2023-04-28T15:01:00.901823,117.99995422363281
i1,2023-04-28T15:01:01.004133,118.00000762939453
i1,2023-04-28T15:01:01.104946,118.00000762939453
i1,2023-04-28T15:01:01.217341,118.36302947998047
i1,2023-04-28T15:01:01.311347,118.36302947998047
i1,2023-04-28T15:01:01.415246,118.36302947998047
i1,2023-04-28T15:01:01.519382,118.43702697753906
i1,2023-04-28T15:01:01.616458,118.72623443603516
i1,2023-04-28T15:01:01.718638,118.72623443603516
i1,2023-04-28T15:01:01.819787,118.72610473632812
i1,2023-04-28T15:01:01.921174,118.72610473632812
i1,2023-04-28T15:01:02.026900,119.0892333984375
i1,2023-04-28T15:01:02.132279,119.0892333984375
i1,2023-04-28T15:01:02.228227,119.0892333984375
i1,2023-04-28T15:01:02.332407,119.0892333984375
i1,2023-04-28T15:01:02.431267,119.0892333984375
i1,2023-04-28T15:01:02.534248,119.27400970458984
i1,2023-04-28T15:01:02.635561,119.68677520751953
i1,2023-04-28T15:01:02.739808,119.68677520751953
i1,2023-04-28T15:01:02.843027,120.05169677734375
i1,2023-04-28T15:01:02.946373,120.05169677734375
i1,2023-04-28T15:01:03.048649,120.05164337158203
i1,2023-04-28T15:01:03.146854,120.05164337158203
i1,2023-04-28T15:01:03.248122,120.01513671875
i1,2023-04-28T15:01:03.350980,120.01513671875
i1,2023-04-28T15:01:03.452198,120.65692901611328
i1,2023-04-28T15:01:03.553360,120.65692901611328
i1,2023-04-28T15:01:03.655524,121.06624603271484
i1,2023-04-28T15:01:03.757815,121.06624603271484
i1,2023-04-28T15:01:03.860032,121.02366638183594
i1,2023-04-28T15:01:03.961601,121.02366638183594
i1,2023-04-28T15:01:04.062968,121.42874908447266
i1,2023-04-28T15:01:04.171341,121.42874908447266
i1,2023-04-28T15:01:04.267474,122.38195037841797
i1,2023-04-28T15:01:04.368425,122.38195037841797
i1,2023-04-28T15:01:04.471287,122.8787612915039
i1,2023-04-28T15:01:04.576533,122.8787612915039
i1,2023-04-28T15:01:04.677025,123.96617889404297
i1,2023-04-28T15:01:04.780009,125.05365753173828
i1,2023-04-28T15:01:04.883208,125.05365753173828
i1,2023-04-28T15:01:04.985361,125.05365753173828
i1,2023-04-28T15:01:05.083223,127.22835540771484
i1,2023-04-28T15:01:05.189153,129.76559448242188
i1,2023-04-28T15:01:05.288493,129.76559448242188
i1,2023-04-28T15:01:05.390632,129.76559448242188
i1,2023-04-28T15:01:05.513948,175.24913024902344
i1,2023-04-28T15:01:05.607412,195.48634338378906
i1,2023-04-28T15:01:05.697684,195.48634338378906
i1,2023-04-28T15:01:05.796744,236.81883239746094
i1,2023-04-28T15:01:05.898145,236.81883239746094
i1,2023-04-28T15:01:06.002247,284.6204528808594
i1,2023-04-28T15:01:06.102648,284.6204528808594
i1,2023-04-28T15:01:06.205137,304.6899108886719
i1,2023-04-28T15:01:06.314338,304.6899108886719
i1,2023-04-28T15:01:06.413909,304.6899108886719
i1,2023-04-28T15:01:06.516382,291.9747009277344
i1,2023-04-28T15:01:06.616495,300.2643127441406
i1,2023-04-28T15:01:06.725694,300.2643127441406
i1,2023-04-28T15:01:06.823940,300.1293029785156
i1,2023-04-28T15:01:06.925157,300.1293029785156
i1,2023-04-28T15:01:07.023393,294.4551696777344
i1,2023-04-28T15:01:07.127896,294.4551696777344
i1,2023-04-28T15:01:07.229970,253.4791717529297
i1,2023-04-28T15:01:07.331301,253.4791717529297
i1,2023-04-28T15:01:07.433985,227.6964569091797
i1,2023-04-28T15:01:07.535362,227.6964569091797
i1,2023-04-28T15:01:07.637479,185.8953857421875
i1,2023-04-28T15:01:07.737982,185.8953857421875
i1,2023-04-28T15:01:07.837963,137.6061553955078
i1,2023-04-28T15:01:07.941346,137.6061553955078
i1,2023-04-28T15:01:08.045421,116.1844482421875
i1,2023-04-28T15:01:08.147845,116.1844482421875
i1,2023-04-28T15:01:08.249376,115.88716888427734
i1,2023-04-28T15:01:08.352353,115.88716888427734
i1,2023-04-28T15:01:08.453226,116.4024658203125
i1,2023-04-28T15:01:08.558712,116.4024658203125
i1,2023-04-28T15:01:08.653653,116.13768768310547
i1,2023-04-28T15:01:08.754920,116.13768768310547
i1,2023-04-28T15:01:08.857958,116.40264892578125
i1,2023-04-28T15:01:08.965284,116.40264892578125
i1,2023-04-28T15:01:09.068554,116.03768920898438
i1,2023-04-28T15:01:09.164837,116.03768920898438
i1,2023-04-28T15:01:09.271321,116.40257263183594
i1,2023-04-28T15:01:09.378514,116.40257263183594
i1,2023-04-28T15:01:09.474239,116.40257263183594
i1,2023-04-28T15:01:09.575365,116.4695816040039
i1,2023-04-28T15:01:09.679622,116.25601959228516
i1,2023-04-28T15:01:09.776134,116.25601959228516
i1,2023-04-28T15:01:09.879052,116.35417175292969
i1,2023-04-28T15:01:09.979269,116.35417175292969
i1,2023-04-28T15:01:10.086469,116.25607299804688
i1,2023-04-28T15:01:10.184962,116.25607299804688
i1,2023-04-28T15:01:10.290171,115.99165344238281
i1,2023-04-28T15:01:10.393865,116.25601959228516
i1,2023-04-28T15:01:10.504269,116.25601959228516
i1,2023-04-28T15:01:10.599552,116.25601959228516
i1,2023-04-28T15:01:10.697575,115.9916000366211
i1,2023-04-28T15:01:10.796181,115.9916000366211
i1,2023-04-28T15:01:10.898905,116.35406494140625
i1,2023-04-28T15:01:11.001055,115.9916000366211
i1,2023-04-28T15:01:11.095981,115.9916000366211
i1,2023-04-28T15:01:11.198384,115.9916000366211
i1,2023-04-28T15:01:11.303035,116.22432708740234
i1,2023-04-28T15:01:11.410545,115.9916000366211
i1,2023-04-28T15:01:11.539934,115.9916000366211
i1,2023-04-28T15:01:11.610282,116.03768920898438
i1,2023-04-28T15:01:11.712505,116.03768920898438
i1,2023-04-28T15:01:11.817603,116.13789367675781
i1,2023-04-28T15:01:11.916971,116.13789367675781
i1,2023-04-28T15:01:12.020312,116.03766632080078
i1,2023-04-28T15:01:12.118729,116.03766632080078
i1,2023-04-28T15:01:12.225186,115.77718353271484
i1,2023-04-28T15:01:12.325071,115.77718353271484
i1,2023-04-28T15:01:12.439683,116.03766632080078
i1,2023-04-28T15:01:12.539388,116.03766632080078
i1,2023-04-28T15:01:12.633379,115.71702575683594
i1,2023-04-28T15:01:12.731350,115.71702575683594
i1,2023-04-28T15:01:12.833688,116.18465423583984
i1,2023-04-28T15:01:12.939030,116.18465423583984
i1,2023-04-28T15:01:13.043648,115.71699523925781
i1,2023-04-28T15:01:13.138798,115.71699523925781
i1,2023-04-28T15:01:13.243819,115.82170104980469
i1,2023-04-28T15:01:13.342281,115.82170104980469
i1,2023-04-28T15:01:13.447932,116.03784942626953
i1,2023-04-28T15:01:13.549164,116.03784942626953
i1,2023-04-28T15:01:13.649603,116.18473052978516
i1,2023-04-28T15:01:13.751678,116.18473052978516
i1,2023-04-28T15:01:13.853980,116.18475341796875
i1,2023-04-28T15:01:13.953041,116.18475341796875
i1,2023-04-28T15:01:14.056374,116.18470001220703
i1,2023-04-28T15:01:14.157522,116.18470001220703
i1,2023-04-28T15:01:14.260149,115.8216781616211
i1,2023-04-28T15:01:14.361143,115.8216781616211
i1,2023-04-28T15:01:14.468092,115.8216781616211
i1,2023-04-28T15:01:14.568278,115.92378997802734
i1,2023-04-28T15:01:14.667234,115.6728515625
i1,2023-04-28T15:01:14.769397,115.6728515625
i1,2023-04-28T15:01:14.872007,115.77716064453125
i1,2023-04-28T15:01:14.977169,115.77716064453125
i1,2023-04-28T15:01:15.074300,116.03763580322266
i1,2023-04-28T15:01:15.178550,116.03763580322266
i1,2023-04-28T15:01:15.280366,115.77723693847656
i1,2023-04-28T15:01:15.381249,115.77723693847656
i1,2023-04-28T15:01:15.484085,115.8892822265625
i1,2023-04-28T15:01:15.584957,115.8892822265625
i1,2023-04-28T15:01:15.688196,115.99163055419922
i1,2023-04-28T15:01:15.791553,115.99163055419922
i1,2023-04-28T15:01:15.886273,116.25601959228516
i1,2023-04-28T15:01:15.987505,116.25601959228516
i1,2023-04-28T15:01:16.094462,117.07907104492188
i1,2023-04-28T15:01:16.200807,117.07907104492188
i1,2023-04-28T15:01:16.303166,117.67717742919922
i1,2023-04-28T15:01:16.403321,117.67717742919922
i1,2023-04-28T15:01:16.510068,118.16641998291016
i1,2023-04-28T15:01:16.608335,149.262451171875
i1,2023-04-28T15:01:16.719389,149.262451171875
i1,2023-04-28T15:01:16.812386,149.262451171875
i1,2023-04-28T15:01:16.913734,193.1983184814453
i1,2023-04-28T15:01:17.020177,237.27957153320312
i1,2023-04-28T15:01:17.118335,237.27957153320312
i1,2023-04-28T15:01:17.225153,279.46783447265625
i1,2023-04-28T15:01:17.321984,279.46783447265625
i1,2023-04-28T15:01:17.424391,279.46783447265625
i1,2023-04-28T15:01:17.554898,270.2348937988281
i1,2023-04-28T15:01:17.637502,278.8035888671875
i1,2023-04-28T15:01:17.732637,278.8035888671875
i1,2023-04-28T15:01:17.829581,280.242431640625
i1,2023-04-28T15:01:17.932053,280.242431640625
i1,2023-04-28T15:01:18.037362,277.7210693359375
i1,2023-04-28T15:01:18.140413,277.7210693359375
i1,2023-04-28T15:01:18.236793,278.7823181152344
i1,2023-04-28T15:01:18.339018,278.7823181152344
i1,2023-04-28T15:01:18.441502,278.7823181152344
i1,2023-04-28T15:01:18.551696,238.57078552246094
i1,2023-04-28T15:01:18.660151,202.23387145996094
i1,2023-04-28T15:01:18.750307,202.23387145996094
i1,2023-04-28T15:01:18.852617,159.75379943847656
i1,2023-04-28T15:01:18.954937,159.75379943847656
i1,2023-04-28T15:01:19.056201,115.45838928222656
i1,2023-04-28T15:01:19.158436,115.45838928222656
i1,2023-04-28T15:01:19.261064,115.06049346923828
i1,2023-04-28T15:01:19.362092,115.06049346923828
i1,2023-04-28T15:01:19.465686,115.30796813964844
i1,2023-04-28T15:01:19.571136,115.30796813964844
i1,2023-04-28T15:01:19.667456,115.09549713134766
i1,2023-04-28T15:01:19.770503,115.09549713134766
i1,2023-04-28T15:01:19.869615,114.73259735107422
i1,2023-04-28T15:01:19.974730,114.73259735107422
i1,2023-04-28T15:01:20.076342,115.0956802368164
i1,2023-04-28T15:01:20.174471,115.0956802368164
i1,2023-04-28T15:01:20.276794,115.11234283447266
i1,2023-04-28T15:01:20.379095,115.11234283447266
i1,2023-04-28T15:01:20.480847,115.30794525146484
i1,2023-04-28T15:01:20.583153,115.30794525146484
i1,2023-04-28T15:01:20.687446,115.41646575927734
i1,2023-04-28T15:01:20.791462,115.41646575927734
i1,2023-04-28T15:01:20.891686,115.6728515625
i1,2023-04-28T15:01:20.997301,115.6728515625
i1,2023-04-28T15:01:21.096232,115.41656494140625
i1,2023-04-28T15:01:21.191013,115.41656494140625
i1,2023-04-28T15:01:21.299924,115.67292785644531
i1,2023-04-28T15:01:21.403142,115.67292785644531
i1,2023-04-28T15:01:21.503996,115.67292785644531
i1,2023-04-28T15:01:21.598709,115.78465270996094
i1,2023-04-28T15:01:21.703331,116.25617218017578
i1,2023-04-28T15:01:21.805577,116.25617218017578
i1,2023-04-28T15:01:21.908719,115.99176025390625
i1,2023-04-28T15:01:22.017054,115.99176025390625
i1,2023-04-28T15:01:22.117472,115.88933563232422
i1,2023-04-28T15:01:22.213482,115.88933563232422
i1,2023-04-28T15:01:22.316020,115.99183654785156
i1,2023-04-28T15:01:22.417207,115.99183654785156
i1,2023-04-28T15:01:22.518812,115.88943481445312
i1,2023-04-28T15:01:22.624028,115.88943481445312
i1,2023-04-28T15:01:22.725527,115.99191284179688
i1,2023-04-28T15:01:22.827489,115.88964080810547
i1,2023-04-28T15:01:22.926652,115.88964080810547
i1,2023-04-28T15:01:23.028961,115.88964080810547
i1,2023-04-28T15:01:23.133267,115.99185943603516
i1,2023-04-28T15:01:23.236834,115.72916412353516
i1,2023-04-28T15:01:23.334494,115.72916412353516
i1,2023-04-28T15:01:23.447524,115.62938690185547
i1,2023-04-28T15:01:23.571336,115.62938690185547
i1,2023-04-28T15:01:23.646355,116.03792572021484
i1,2023-04-28T15:01:23.745614,116.03792572021484
i1,2023-04-28T15:01:23.847186,116.03792572021484
i1,2023-04-28T15:01:23.948552,116.13809967041016
i1,2023-04-28T15:01:24.046978,116.03800201416016
i1,2023-04-28T15:01:24.148283,116.03800201416016
i1,2023-04-28T15:01:24.254904,116.13812255859375
i1,2023-04-28T15:01:24.355215,116.13812255859375
i1,2023-04-28T15:01:24.455275,116.03807830810547
i1,2023-04-28T15:01:24.577491,116.03807830810547
i1,2023-04-28T15:01:24.664019,116.1849594116211
i1,2023-04-28T15:01:24.768502,116.1849594116211
i1,2023-04-28T15:01:24.862340,115.82183074951172
i1,2023-04-28T15:01:24.965662,115.82183074951172
i1,2023-04-28T15:01:25.068074,116.18488311767578
i1,2023-04-28T15:01:25.174232,116.18488311767578
i1,2023-04-28T15:01:25.271493,116.18482971191406
i1,2023-04-28T15:01:25.378104,116.18482971191406
i1,2023-04-28T15:01:25.475655,116.03789520263672
i1,2023-04-28T15:01:25.580982,116.03789520263672
i1,2023-04-28T15:01:25.684165,116.08455657958984
i1,2023-04-28T15:01:25.794206,116.08455657958984
i1,2023-04-28T15:01:25.890388,116.18486022949219
i1,2023-04-28T15:01:25.995004,116.18486022949219
i1,2023-04-28T15:01:26.092980,115.71717834472656
i1,2023-04-28T15:01:26.190895,115.71717834472656
i1,2023-04-28T15:01:26.296762,115.82170104980469
i1,2023-04-28T15:01:26.399923,115.82170104980469
i1,2023-04-28T15:01:26.501595,115.82170104980469
i1,2023-04-28T15:01:26.606984,115.92366027832031
i1,2023-04-28T15:01:26.706050,116.0377197265625
i1,2023-04-28T15:01:26.807126,116.0377197265625
i1,2023-04-28T15:01:26.905450,115.77723693847656
i1,2023-04-28T15:01:27.010735,115.77723693847656
i1,2023-04-28T15:01:27.108974,116.03779602050781
i1,2023-04-28T15:01:27.211199,116.03779602050781
i1,2023-04-28T15:01:27.321993,115.77723693847656
i1,2023-04-28T15:01:27.416825,115.77723693847656
i1,2023-04-28T15:01:27.518762,115.99180603027344
i1,2023-04-28T15:01:27.619601,115.99180603027344
i1,2023-04-28T15:01:27.723120,115.99172973632812
i1,2023-04-28T15:01:27.824167,115.99172973632812
i1,2023-04-28T15:01:27.926399,116.35443115234375
i1,2023-04-28T15:01:28.037417,116.35443115234375
i1,2023-04-28T15:01:28.130967,116.35456085205078
i1,2023-04-28T15:01:28.230392,116.35456085205078
i1,2023-04-28T15:01:28.334635,116.50851440429688
i1,2023-04-28T15:01:28.433858,116.50851440429688
i1,2023-04-28T15:01:28.532349,116.50851440429688
i1,2023-04-28T15:01:28.638072,116.4089584350586
i1,2023-04-28T15:01:28.741153,116.55758666992188
i1,2023-04-28T15:01:28.842274,116.55758666992188
i1,2023-04-28T15:01:28.944840,116.28975677490234
i1,2023-04-28T15:01:29.053239,116.55748748779297
i1,2023-04-28T15:01:29.148155,116.55748748779297
i1,2023-04-28T15:01:29.250380,116.55748748779297
i1,2023-04-28T15:01:29.353604,116.28988647460938
i1,2023-04-28T15:01:29.457542,116.55767059326172
i1,2023-04-28T15:01:29.588575,116.55767059326172
i1,2023-04-28T15:01:29.657888,116.7025375366211
i1,2023-04-28T15:01:29.757970,116.7025375366211
i1,2023-04-28T15:01:29.866478,116.70256805419922
i1,2023-04-28T15:01:29.963531,116.70256805419922
i1,2023-04-28T15:01:30.065839,116.70243835449219
i1,2023-04-28T15:01:30.166976,116.70243835449219
i1,2023-04-28T15:01:30.268356,117.05012512207031
i1,2023-04-28T15:01:30.369653,117.05012512207031
i1,2023-04-28T15:01:30.472145,117.05012512207031
i1,2023-04-28T15:01:30.591532,117.4190444946289
i1,2023-04-28T15:01:30.687350,117.27393341064453
i1,2023-04-28T15:01:30.778663,117.27393341064453
i1,2023-04-28T15:01:30.873896,117.2738265991211
i1,2023-04-28T15:01:30.975015,117.2738265991211
i1,2023-04-28T15:01:31.082485,117.63679504394531
i1,2023-04-28T15:01:31.182961,117.63679504394531
i1,2023-04-28T15:01:31.280326,117.63668823242188
i1,2023-04-28T15:01:31.384644,117.63668823242188
i1,2023-04-28T15:01:31.487521,117.63668823242188
i1,2023-04-28T15:01:31.594851,118.03641510009766
i1,2023-04-28T15:01:31.695016,118.29744720458984
i1,2023-04-28T15:01:31.799131,118.29744720458984
i1,2023-04-28T15:01:31.902356,118.29744720458984
i1,2023-04-28T15:01:32.002381,118.29744720458984
i1,2023-04-28T15:01:32.101919,118.29744720458984
i1,2023-04-28T15:01:32.204216,118.29744720458984
i1,2023-04-28T15:01:32.307517,118.45255279541016
i1,2023-04-28T15:01:32.410763,118.45255279541016
i1,2023-04-28T15:01:32.514589,118.45255279541016
i1,2023-04-28T15:01:32.614052,119.21101379394531
i1,2023-04-28T15:01:32.715077,119.61986541748047
i1,2023-04-28T15:01:32.816350,119.61986541748047
i1,2023-04-28T15:01:32.918300,119.98460388183594
i1,2023-04-28T15:01:33.022605,119.98460388183594
i1,2023-04-28T15:01:33.122179,120.3493881225586
i1,2023-04-28T15:01:33.228384,120.3493881225586
i1,2023-04-28T15:01:33.329424,120.79439544677734
i1,2023-04-28T15:01:33.431993,120.79439544677734
i1,2023-04-28T15:01:33.529679,121.39031982421875
i1,2023-04-28T15:01:33.633714,121.39031982421875
i1,2023-04-28T15:01:33.734223,122.51612091064453
i1,2023-04-28T15:01:33.840991,122.51612091064453
i1,2023-04-28T15:01:33.944272,123.96595764160156
i1,2023-04-28T15:01:34.043755,123.96595764160156
i1,2023-04-28T15:01:34.159001,125.41576385498047
i1,2023-04-28T15:01:34.248158,125.41576385498047
i1,2023-04-28T15:01:34.349494,129.69369506835938
i1,2023-04-28T15:01:34.454731,129.69369506835938
i1,2023-04-28T15:01:34.555818,158.4008331298828
i1,2023-04-28T15:01:34.661325,158.4008331298828
i1,2023-04-28T15:01:34.756078,201.89772033691406
i1,2023-04-28T15:01:34.858088,201.89772033691406
i1,2023-04-28T15:01:34.961344,242.85711669921875
i1,2023-04-28T15:01:35.064921,242.85711669921875
i1,2023-04-28T15:01:35.166331,290.7037658691406
i1,2023-04-28T15:01:35.273697,302.3025817871094
i1,2023-04-28T15:01:35.369678,302.3025817871094
i1,2023-04-28T15:01:35.471148,302.3025817871094
i1,2023-04-28T15:01:35.602333,289.80859375
i1,2023-04-28T15:01:35.691361,299.9458923339844
i1,2023-04-28T15:01:35.776979,299.9458923339844
i1,2023-04-28T15:01:35.879201,298.121337890625
i1,2023-04-28T15:01:35.984469,298.121337890625
i1,2023-04-28T15:01:36.089748,293.7427062988281
i1,2023-04-28T15:01:36.187057,293.7427062988281
i1,2023-04-28T15:01:36.290582,263.4561462402344
i1,2023-04-28T15:01:36.392937,263.4561462402344
i1,2023-04-28T15:01:36.491015,219.30364990234375
i1,2023-04-28T15:01:36.618207,219.30364990234375
i1,2023-04-28T15:01:36.694804,177.18142700195312
i1,2023-04-28T15:01:36.808615,177.18142700195312
i1,2023-04-28T15:01:36.898071,128.16612243652344
i1,2023-04-28T15:01:37.001407,128.16612243652344
i1,2023-04-28T15:01:37.102553,115.45854187011719
i1,2023-04-28T15:01:37.210071,115.45854187011719
i1,2023-04-28T15:01:37.310837,115.49976348876953
i1,2023-04-28T15:01:37.408570,115.49976348876953
i1,2023-04-28T15:01:37.514261,116.03776550292969
i1,2023-04-28T15:01:37.617575,116.03776550292969
i1,2023-04-28T15:01:37.717272,115.82159423828125
i1,2023-04-28T15:01:37.817876,115.82159423828125
i1,2023-04-28T15:01:37.919269,115.82154846191406
i1,2023-04-28T15:01:38.024626,115.82154846191406
i1,2023-04-28T15:01:38.125710,115.82164764404297
i1,2023-04-28T15:01:38.230957,115.82164764404297
i1,2023-04-28T15:01:38.335342,115.4585952758789
i1,2023-04-28T15:01:38.430878,115.4585952758789
i1,2023-04-28T15:01:38.528791,115.6729736328125
i1,2023-04-28T15:01:38.632553,115.6729736328125
i1,2023-04-28T15:01:38.737094,115.6728744506836
i1,2023-04-28T15:01:38.841840,115.6728744506836
i1,2023-04-28T15:01:38.939145,115.6728515625
i1,2023-04-28T15:01:39.041503,115.6728515625
i1,2023-04-28T15:01:39.146838,116.0377426147461
i1,2023-04-28T15:01:39.244907,116.0377426147461
i1,2023-04-28T15:01:39.347274,115.67279815673828
i1,2023-04-28T15:01:39.462697,115.67279815673828
i1,2023-04-28T15:01:39.556393,115.62928009033203
i1,2023-04-28T15:01:39.652606,115.62928009033203
i1,2023-04-28T15:01:39.754944,115.52259826660156
i1,2023-04-28T15:01:39.857962,115.52259826660156
i1,2023-04-28T15:01:39.960046,115.99165344238281
i1,2023-04-28T15:01:40.061472,115.99165344238281
i1,2023-04-28T15:01:40.168679,115.88938903808594
i1,2023-04-28T15:01:40.266030,115.88938903808594
i1,2023-04-28T15:01:40.374839,115.62915802001953
i1,2023-04-28T15:01:40.473850,115.62915802001953
i1,2023-04-28T15:01:40.574574,115.62915802001953
i1,2023-04-28T15:01:40.674851,115.7845458984375
i1,2023-04-28T15:01:40.779929,115.62928009033203
i1,2023-04-28T15:01:40.880505,115.62928009033203
i1,2023-04-28T15:01:40.980361,115.26690673828125
i1,2023-04-28T15:01:41.081485,115.26690673828125
i1,2023-04-28T15:01:41.183833,115.26693725585938
i1,2023-04-28T15:01:41.286209,115.26693725585938
i1,2023-04-28T15:01:41.385280,115.26693725585938
i1,2023-04-28T15:01:41.487179,115.26693725585938
i1,2023-04-28T15:01:41.620406,115.26688385009766
i1,2023-04-28T15:01:41.706763,114.94320678710938
i1,2023-04-28T15:01:41.793963,114.94320678710938
i1,2023-04-28T15:01:41.902288,115.055908203125
i1,2023-04-28T15:01:41.997202,115.055908203125
i1,2023-04-28T15:01:42.102341,114.94309997558594
i1,2023-04-28T15:01:42.204857,114.94309997558594
i1,2023-04-28T15:01:42.307113,114.72478485107422
i1,2023-04-28T15:01:42.406337,114.72478485107422
i1,2023-04-28T15:01:42.507932,115.30804443359375
i1,2023-04-28T15:01:42.627896,115.30804443359375
i1,2023-04-28T15:01:42.713591,115.34990692138672
i1,2023-04-28T15:01:42.822860,115.34990692138672
i1,2023-04-28T15:01:42.918096,115.45867156982422
i1,2023-04-28T15:01:43.024655,115.45867156982422
i1,2023-04-28T15:01:43.118616,115.71704864501953
i1,2023-04-28T15:01:43.220784,115.71704864501953
i1,2023-04-28T15:01:43.323089,115.8217544555664
i1,2023-04-28T15:01:43.428898,115.8217544555664
i1,2023-04-28T15:01:43.527951,115.8217544555664
i1,2023-04-28T15:01:43.635335,116.01859283447266
i1,2023-04-28T15:01:43.732396,116.03768920898438
i1,2023-04-28T15:01:43.832603,116.03768920898438
i1,2023-04-28T15:01:43.936092,116.13786315917969
i1,2023-04-28T15:01:44.037213,116.13786315917969
i1,2023-04-28T15:01:44.141693,116.03759002685547
i1,2023-04-28T15:01:44.240943,116.03759002685547
i1,2023-04-28T15:01:44.348340,116.13778686523438
i1,2023-04-28T15:01:44.445619,116.13778686523438
i1,2023-04-28T15:01:44.549176,115.99176025390625
i1,2023-04-28T15:01:44.654529,115.99176025390625
i1,2023-04-28T15:01:44.755699,116.35417175292969
i1,2023-04-28T15:01:44.858837,116.35417175292969
i1,2023-04-28T15:01:44.959967,115.99180603027344
i1,2023-04-28T15:01:45.058254,115.99180603027344
i1,2023-04-28T15:01:45.164666,116.35419464111328
i1,2023-04-28T15:01:45.266106,116.35419464111328
i1,2023-04-28T15:01:45.363385,116.01005554199219
i1,2023-04-28T15:01:45.468508,116.01005554199219
i1,2023-04-28T15:01:45.569555,116.01005554199219
i1,2023-04-28T15:01:45.670544,116.12715911865234
i1,2023-04-28T15:01:45.776797,116.2561264038086
i1,2023-04-28T15:01:45.872414,116.2561264038086
i1,2023-04-28T15:01:45.972528,116.71688079833984
i1,2023-04-28T15:01:46.071984,116.71688079833984
i1,2023-04-28T15:01:46.180781,116.2562255859375
i1,2023-04-28T15:01:46.285012,116.2562255859375
i1,2023-04-28T15:01:46.382249,116.71685791015625
i1,2023-04-28T15:01:46.483253,116.71685791015625
i1,2023-04-28T15:01:46.590270,116.62288665771484
i1,2023-04-28T15:01:46.694582,116.62288665771484
i1,2023-04-28T15:01:46.797010,116.7166976928711
i1,2023-04-28T15:01:46.892098,116.7166976928711
i1,2023-04-28T15:01:47.000672,116.62294006347656
i1,2023-04-28T15:01:47.103459,116.62294006347656
i1,2023-04-28T15:01:47.205815,117.0791244506836
i1,2023-04-28T15:01:47.308942,117.28756713867188
i1,2023-04-28T15:01:47.404776,117.28756713867188
i1,2023-04-28T15:01:47.515116,117.07909393310547
i1,2023-04-28T15:01:47.641053,117.07909393310547
i1,2023-04-28T15:01:47.727921,117.13246154785156
i1,2023-04-28T15:01:47.813794,117.13246154785156
i1,2023-04-28T15:01:47.918057,117.5805892944336
i1,2023-04-28T15:01:48.016050,117.5805892944336
i1,2023-04-28T15:01:48.120916,117.49744415283203
i1,2023-04-28T15:01:48.219709,117.49744415283203
i1,2023-04-28T15:01:48.327266,117.5805435180664
i1,2023-04-28T15:01:48.427295,117.5805435180664
i1,2023-04-28T15:01:48.524665,117.86223602294922
i1,2023-04-28T15:01:48.648173,117.86223602294922
i1,2023-04-28T15:01:48.730486,118.00006103515625
i1,2023-04-28T15:01:48.840707,118.00006103515625
i1,2023-04-28T15:01:48.931724,118.00003051757812
i1,2023-04-28T15:01:49.032966,118.00003051757812
i1,2023-04-28T15:01:49.135229,117.9999771118164
i1,2023-04-28T15:01:49.238747,117.9999771118164
i1,2023-04-28T15:01:49.338006,118.72615814208984
i1,2023-04-28T15:01:49.440469,118.72615814208984
i1,2023-04-28T15:01:49.542883,118.95684814453125
i1,2023-04-28T15:01:49.647477,118.95684814453125
i1,2023-04-28T15:01:49.746722,119.0231704711914
i1,2023-04-28T15:01:49.846613,119.0231704711914
i1,2023-04-28T15:01:49.948863,119.4523696899414
i1,2023-04-28T15:01:50.051175,119.4523696899414
i1,2023-04-28T15:01:50.154270,120.1784896850586
i1,2023-04-28T15:01:50.254831,120.1784896850586
i1,2023-04-28T15:01:50.357218,120.90460968017578
i1,2023-04-28T15:01:50.459454,120.90460968017578
i1,2023-04-28T15:01:50.567050,120.90460968017578
i1,2023-04-28T15:01:50.667360,122.060791015625
i1,2023-04-28T15:01:50.769635,122.97078704833984
i1,2023-04-28T15:01:50.871530,122.97078704833984
i1,2023-04-28T15:01:50.972791,124.43344116210938
i1,2023-04-28T15:01:51.077282,124.43344116210938
i1,2023-04-28T15:01:51.177693,154.717041015625
i1,2023-04-28T15:01:51.274291,154.717041015625
i1,2023-04-28T15:01:51.372746,196.92962646484375
i1,2023-04-28T15:01:51.476808,196.92962646484375
i1,2023-04-28T15:01:51.573927,237.42066955566406
i1,2023-04-28T15:01:51.680894,237.42066955566406
i1,2023-04-28T15:01:51.786598,283.4548034667969
i1,2023-04-28T15:01:51.883661,283.4548034667969
i1,2023-04-28T15:01:51.986794,328.96441650390625
i1,2023-04-28T15:01:52.091410,328.96441650390625
i1,2023-04-28T15:01:52.193266,334.92559814453125
i1,2023-04-28T15:01:52.292715,334.92559814453125
i1,2023-04-28T15:01:52.394156,349.13470458984375
i1,2023-04-28T15:01:52.496568,349.13470458984375
i1,2023-04-28T15:01:52.599707,349.13470458984375
i1,2023-04-28T15:01:52.702867,318.1651916503906
i1,2023-04-28T15:01:52.807542,332.9983215332031
i1,2023-04-28T15:01:52.904635,332.9983215332031
i1,2023-04-28T15:01:53.007012,299.4035949707031
i1,2023-04-28T15:01:53.108368,299.4035949707031
i1,2023-04-28T15:01:53.209484,257.8172912597656
i1,2023-04-28T15:01:53.311821,257.8172912597656
i1,2023-04-28T15:01:53.416661,215.67222595214844
i1,2023-04-28T15:01:53.522798,169.43328857421875
i1,2023-04-28T15:01:53.617246,169.43328857421875
i1,2023-04-28T15:01:53.724405,169.43328857421875
i1,2023-04-28T15:01:53.823200,124.43357849121094
i1,2023-04-28T15:01:53.931962,115.30817413330078
i1,2023-04-28T15:01:54.025866,115.30817413330078
i1,2023-04-28T15:01:54.128238,115.30817413330078
i1,2023-04-28T15:01:54.230546,115.416748046875
i1,2023-04-28T15:01:54.337955,114.99185180664062
i1,2023-04-28T15:01:54.438319,114.99185180664062
i1,2023-04-28T15:01:54.537929,114.99185180664062
i1,2023-04-28T15:01:54.660676,115.04367065429688
i1,2023-04-28T15:01:54.746197,115.45869445800781
i1,2023-04-28T15:01:54.854181,115.45869445800781
i1,2023-04-28T15:01:54.943741,115.09562683105469
i1,2023-04-28T15:01:55.046011,115.09562683105469
i1,2023-04-28T15:01:55.147359,115.09564971923828
i1,2023-04-28T15:01:55.252506,115.09564971923828
i1,2023-04-28T15:01:55.353777,115.095703125
i1,2023-04-28T15:01:55.455046,115.095703125
i1,2023-04-28T15:01:55.559887,115.095703125
i1,2023-04-28T15:01:55.660380,115.62379455566406
i1,2023-04-28T15:01:55.762764,115.0956802368164
i1,2023-04-28T15:01:55.861795,115.0956802368164
i1,2023-04-28T15:01:55.965860,115.3499526977539
i1,2023-04-28T15:01:56.066316,115.3499526977539
i1,2023-04-28T15:01:56.163265,115.45877838134766
i1,2023-04-28T15:01:56.269598,115.45877838134766
i1,2023-04-28T15:01:56.373995,115.38428497314453
i1,2023-04-28T15:01:56.474720,115.38428497314453
i1,2023-04-28T15:01:56.577047,115.67313385009766
i1,2023-04-28T15:01:56.685871,115.67313385009766
i1,2023-04-28T15:01:56.784680,115.77757263183594
i1,2023-04-28T15:01:56.885664,115.77757263183594
i1,2023-04-28T15:01:56.988747,116.4029541015625
i1,2023-04-28T15:01:57.091078,116.4029541015625
i1,2023-04-28T15:01:57.193382,117.5809555053711
i1,2023-04-28T15:01:57.296962,117.5809555053711
i1,2023-04-28T15:01:57.392981,118.45681762695312
i1,2023-04-28T15:01:57.507901,118.45681762695312
i1,2023-04-28T15:01:57.597013,118.45681762695312
i1,2023-04-28T15:01:57.701251,122.29346466064453
i1,2023-04-28T15:01:57.799264,137.740478515625
i1,2023-04-28T15:01:57.901346,137.740478515625
i1,2023-04-28T15:01:58.004755,179.7873992919922
i1,2023-04-28T15:01:58.106107,179.7873992919922
i1,2023-04-28T15:01:58.207410,219.29730224609375
i1,2023-04-28T15:01:58.313737,219.29730224609375
i1,2023-04-28T15:01:58.418049,263.5191345214844
i1,2023-04-28T15:01:58.515226,263.5191345214844
i1,2023-04-28T15:01:58.615094,306.96038818359375
i1,2023-04-28T15:01:58.733372,306.96038818359375
i1,2023-04-28T15:01:58.820432,351.96282958984375
i1,2023-04-28T15:01:58.920418,351.96282958984375
i1,2023-04-28T15:01:59.024879,393.1439514160156
i1,2023-04-28T15:01:59.125100,393.1439514160156
i1,2023-04-28T15:01:59.227503,389.6600036621094
i1,2023-04-28T15:01:59.329631,389.6600036621094
i1,2023-04-28T15:01:59.430985,405.635986328125
i1,2023-04-28T15:01:59.534308,405.635986328125
i1,2023-04-28T15:01:59.670941,354.93157958984375
i1,2023-04-28T15:01:59.737248,354.93157958984375
i1,2023-04-28T15:01:59.848531,329.50360107421875
i1,2023-04-28T15:01:59.944719,289.7295837402344
i1,2023-04-28T15:02:00.043093,289.7295837402344
i1,2023-04-28T15:02:00.151624,244.84719848632812
i1,2023-04-28T15:02:00.246253,244.84719848632812
i1,2023-04-28T15:02:00.347638,244.84719848632812
i1,2023-04-28T15:02:00.450936,202.3397674560547
i1,2023-04-28T15:02:00.557456,155.0818328857422
i1,2023-04-28T15:02:00.687656,155.0818328857422
i1,2023-04-28T15:02:00.758214,115.82162475585938
i1,2023-04-28T15:02:00.853882,115.82162475585938
i1,2023-04-28T15:02:00.961119,115.09547424316406
i1,2023-04-28T15:02:01.060446,115.09547424316406
i1,2023-04-28T15:02:01.164204,115.09555053710938
i1,2023-04-28T15:02:01.266426,115.09555053710938
i1,2023-04-28T15:02:01.368651,115.11239624023438
i1,2023-04-28T15:02:01.470293,115.11239624023438
i1,2023-04-28T15:02:01.572474,115.30799865722656
i1,2023-04-28T15:02:01.685022,115.30799865722656
i1,2023-04-28T15:02:01.771866,115.4585952758789
i1,2023-04-28T15:02:01.878152,115.4585952758789
i1,2023-04-28T15:02:01.978402,115.82159423828125
i1,2023-04-28T15:02:02.079882,115.82159423828125
i1,2023-04-28T15:02:02.182129,116.0843505859375
i1,2023-04-28T15:02:02.282339,116.0843505859375
i1,2023-04-28T15:02:02.387923,116.18467712402344
i1,2023-04-28T15:02:02.489285,116.18467712402344
i1,2023-04-28T15:02:02.592554,116.40272521972656
i1,2023-04-28T15:02:02.696272,116.40272521972656
i1,2023-04-28T15:02:02.792812,116.76751708984375
i1,2023-04-28T15:02:02.906433,116.76751708984375
i1,2023-04-28T15:02:02.996025,116.76757049560547
i1,2023-04-28T15:02:03.097825,116.76757049560547
i1,2023-04-28T15:02:03.204181,117.13238525390625
i1,2023-04-28T15:02:03.304544,117.13238525390625
i1,2023-04-28T15:02:03.403810,117.21989440917969
i1,2023-04-28T15:02:03.507185,117.21989440917969
i1,2023-04-28T15:02:03.608715,117.8041000366211
i1,2023-04-28T15:02:03.711133,117.8041000366211
i1,2023-04-28T15:02:03.813223,117.80415344238281
i1,2023-04-28T15:02:03.917293,117.80415344238281
i1,2023-04-28T15:02:04.015476,117.8041763305664
i1,2023-04-28T15:02:04.118767,117.8041763305664
i1,2023-04-28T15:02:04.224282,118.52898406982422
i1,2023-04-28T15:02:04.325581,118.52898406982422
i1,2023-04-28T15:02:04.426888,118.52896118164062
i1,2023-04-28T15:02:04.531129,118.52896118164062
i1,2023-04-28T15:02:04.627853,118.52896118164062
i1,2023-04-28T15:02:04.728960,119.21003723144531
i1,2023-04-28T15:02:04.828917,119.61630249023438
i1,2023-04-28T15:02:04.936199,119.61630249023438
i1,2023-04-28T15:02:05.036546,119.9787826538086
i1,2023-04-28T15:02:05.147003,119.9787826538086
i1,2023-04-28T15:02:05.246437,120.65692901611328
i1,2023-04-28T15:02:05.341586,120.65692901611328
i1,2023-04-28T15:02:05.447979,120.70394134521484
i1,2023-04-28T15:02:05.546165,120.70394134521484
i1,2023-04-28T15:02:05.647870,121.75711059570312
i1,2023-04-28T15:02:05.754888,121.75711059570312
i1,2023-04-28T15:02:05.856324,122.60607147216797
i1,2023-04-28T15:02:05.954366,122.60607147216797
i1,2023-04-28T15:02:06.057726,124.06564331054688
i1,2023-04-28T15:02:06.164201,126.25489044189453
i1,2023-04-28T15:02:06.260841,126.25489044189453
i1,2023-04-28T15:02:06.365379,126.25489044189453
i1,2023-04-28T15:02:06.463937,135.26666259765625
i1,2023-04-28T15:02:06.570221,172.23208618164062
i1,2023-04-28T15:02:06.696144,172.23208618164062
i1,2023-04-28T15:02:06.774895,172.23208618164062
i1,2023-04-28T15:02:06.879368,218.2093048095703
i1,2023-04-28T15:02:06.979426,259.9633483886719
i1,2023-04-28T15:02:07.081717,259.9633483886719
i1,2023-04-28T15:02:07.182883,299.9014892578125
i1,2023-04-28T15:02:07.286581,299.9014892578125
i1,2023-04-28T15:02:07.386493,298.8123474121094
i1,2023-04-28T15:02:07.487867,298.8123474121094
i1,2023-04-28T15:02:07.587540,298.8123474121094
i1,2023-04-28T15:02:07.698398,286.08148193359375
i1,2023-04-28T15:02:07.803007,295.5444641113281
i1,2023-04-28T15:02:07.894216,295.5444641113281
i1,2023-04-28T15:02:07.998507,293.36651611328125
i1,2023-04-28T15:02:08.101670,293.36651611328125
i1,2023-04-28T15:02:08.198940,284.2898254394531
i1,2023-04-28T15:02:08.301275,284.2898254394531
i1,2023-04-28T15:02:08.404803,246.16664123535156
i1,2023-04-28T15:02:08.506037,246.16664123535156
i1,2023-04-28T15:02:08.607692,246.16664123535156
i1,2023-04-28T15:02:08.708890,195.11325073242188
i1,2023-04-28T15:02:08.813067,156.541748046875
i1,2023-04-28T15:02:08.913314,156.541748046875
i1,2023-04-28T15:02:09.024549,116.03792572021484
i1,2023-04-28T15:02:09.117747,116.03792572021484
i1,2023-04-28T15:02:09.219050,115.67302703857422
i1,2023-04-28T15:02:09.319202,115.67302703857422
i1,2023-04-28T15:02:09.424616,115.3393325805664
i1,2023-04-28T15:02:09.528873,115.3393325805664
i1,2023-04-28T15:02:09.624578,115.52267456054688
i1,2023-04-28T15:02:09.726870,115.52267456054688
i1,2023-04-28T15:02:09.830136,115.26673126220703
i1,2023-04-28T15:02:09.931122,115.26673126220703
i1,2023-04-28T15:02:10.033461,115.26683044433594
i1,2023-04-28T15:02:10.140664,115.26683044433594
i1,2023-04-28T15:02:10.238099,115.26690673828125
i1,2023-04-28T15:02:10.340296,115.26690673828125
i1,2023-04-28T15:02:10.441533,115.07001495361328
i1,2023-04-28T15:02:10.543956,115.07001495361328
i1,2023-04-28T15:02:10.645610,115.26690673828125
i1,2023-04-28T15:02:10.750762,115.26690673828125
i1,2023-04-28T15:02:10.852908,114.90451049804688
i1,2023-04-28T15:02:10.955266,114.90451049804688
i1,2023-04-28T15:02:11.056400,115.203125
i1,2023-04-28T15:02:11.154399,115.203125
i1,2023-04-28T15:02:11.257766,114.84086608886719
i1,2023-04-28T15:02:11.356253,114.84086608886719
i1,2023-04-28T15:02:11.463919,115.20307159423828
i1,2023-04-28T15:02:11.566466,115.20307159423828
i1,2023-04-28T15:02:11.703139,115.18189239501953
i1,2023-04-28T15:02:11.760500,115.18189239501953
i1,2023-04-28T15:02:11.861874,114.87916564941406
i1,2023-04-28T15:02:11.968293,114.87916564941406
i1,2023-04-28T15:02:12.080005,114.87908935546875
i1,2023-04-28T15:02:12.172891,114.87908935546875
i1,2023-04-28T15:02:12.274975,114.87926483154297
i1,2023-04-28T15:02:12.381869,114.87921142578125
i1,2023-04-28T15:02:12.479309,114.87921142578125
i1,2023-04-28T15:02:12.582300,114.87921142578125
i1,2023-04-28T15:02:12.709513,115.22017669677734
i1,2023-04-28T15:02:12.791352,115.09564971923828
i1,2023-04-28T15:02:12.887194,115.09564971923828
i1,2023-04-28T15:02:12.989091,115.3498764038086
i1,2023-04-28T15:02:13.090713,115.3498764038086
i1,2023-04-28T15:02:13.196979,115.45864868164062
i1,2023-04-28T15:02:13.295227,115.45864868164062
i1,2023-04-28T15:02:13.401662,115.887451171875
i1,2023-04-28T15:02:13.500158,115.887451171875
i1,2023-04-28T15:02:13.599992,116.40282440185547
i1,2023-04-28T15:02:13.725557,116.40282440185547
i1,2023-04-28T15:02:13.807974,116.54795837402344
i1,2023-04-28T15:02:13.906147,116.54795837402344
i1,2023-04-28T15:02:14.009354,116.91114044189453
i1,2023-04-28T15:02:14.110738,116.91114044189453
i1,2023-04-28T15:02:14.212749,117.2742691040039
i1,2023-04-28T15:02:14.318185,117.2742691040039
i1,2023-04-28T15:02:14.420640,117.0504379272461
i1,2023-04-28T15:02:14.520672,117.0504379272461
i1,2023-04-28T15:02:14.621539,117.13264465332031
i1,2023-04-28T15:02:14.722857,117.13264465332031
i1,2023-04-28T15:02:14.823855,117.58074951171875
i1,2023-04-28T15:02:14.926027,117.58074951171875
i1,2023-04-28T15:02:15.029163,117.49757385253906
i1,2023-04-28T15:02:15.130419,117.49757385253906
i1,2023-04-28T15:02:15.233048,117.13253784179688
i1,2023-04-28T15:02:15.335230,117.13253784179688
i1,2023-04-28T15:02:15.440703,117.13261413574219
i1,2023-04-28T15:02:15.543803,117.13261413574219
i1,2023-04-28T15:02:15.642566,117.13261413574219
i1,2023-04-28T15:02:15.746745,117.49746704101562
i1,2023-04-28T15:02:15.841478,117.35652160644531
i1,2023-04-28T15:02:15.942605,117.35652160644531
i1,2023-04-28T15:02:16.043889,117.44180297851562
i1,2023-04-28T15:02:16.149118,117.44180297851562
i1,2023-04-28T15:02:16.251093,117.72323608398438
i1,2023-04-28T15:02:16.356116,117.72323608398438
i1,2023-04-28T15:02:16.455433,117.80420684814453
i1,2023-04-28T15:02:16.559837,117.80420684814453
i1,2023-04-28T15:02:16.662669,117.72315216064453
i1,2023-04-28T15:02:16.761821,117.72315216064453
i1,2023-04-28T15:02:16.862322,117.80420684814453
i1,2023-04-28T15:02:16.969178,117.80420684814453
i1,2023-04-28T15:02:17.066190,118.52914428710938
i1,2023-04-28T15:02:17.169595,118.52914428710938
i1,2023-04-28T15:02:17.270765,118.89180755615234
i1,2023-04-28T15:02:17.374357,118.89180755615234
i1,2023-04-28T15:02:17.477560,119.30339813232422
i1,2023-04-28T15:02:17.578085,119.30339813232422
i1,2023-04-28T15:02:17.679177,119.6166000366211
i1,2023-04-28T15:02:17.780504,119.6166000366211
i1,2023-04-28T15:02:17.882695,120.34160614013672
i1,2023-04-28T15:02:17.984100,120.34160614013672
i1,2023-04-28T15:02:18.089424,121.06643676757812
i1,2023-04-28T15:02:18.191604,121.06643676757812
i1,2023-04-28T15:02:18.292464,121.7916030883789
i1,2023-04-28T15:02:18.401595,122.87914276123047
i1,2023-04-28T15:02:18.495488,122.87914276123047
i1,2023-04-28T15:02:18.597883,122.87914276123047
i1,2023-04-28T15:02:18.730206,125.12971496582031
i1,2023-04-28T15:02:18.800503,125.12971496582031
i1,2023-04-28T15:02:18.903833,125.89027404785156
i1,2023-04-28T15:02:19.005105,128.8094940185547
i1,2023-04-28T15:02:19.104415,128.8094940185547
i1,2023-04-28T15:02:19.213387,156.54177856445312
i1,2023-04-28T15:02:19.310112,156.54177856445312
i1,2023-04-28T15:02:19.409130,195.58607482910156
i1,2023-04-28T15:02:19.510610,195.58607482910156
i1,2023-04-28T15:02:19.618919,241.19859313964844
i1,2023-04-28T15:02:19.746402,241.19859313964844
i1,2023-04-28T15:02:19.820710,285.7425231933594
i1,2023-04-28T15:02:19.923906,285.7425231933594
i1,2023-04-28T15:02:20.026129,298.8133239746094
i1,2023-04-28T15:02:20.126539,298.8133239746094
i1,2023-04-28T15:02:20.229053,297.3609313964844
i1,2023-04-28T15:02:20.326613,297.3609313964844
i1,2023-04-28T15:02:20.429254,306.1915588378906
i1,2023-04-28T15:02:20.531777,306.1915588378906
i1,2023-04-28T15:02:20.636999,294.1088562011719
i1,2023-04-28T15:02:20.740764,294.1088562011719
i1,2023-04-28T15:02:20.839737,288.5419921875
i1,2023-04-28T15:02:20.938903,288.5419921875
i1,2023-04-28T15:02:21.041164,262.3626708984375
i1,2023-04-28T15:02:21.143504,262.3626708984375
i1,2023-04-28T15:02:21.245667,221.45591735839844
i1,2023-04-28T15:02:21.348090,221.45591735839844
i1,2023-04-28T15:02:21.461361,175.88160705566406
i1,2023-04-28T15:02:21.551744,175.88160705566406
i1,2023-04-28T15:02:21.653316,175.88160705566406
i1,2023-04-28T15:02:21.754611,128.80224609375
i1,2023-04-28T15:02:21.860742,115.15626525878906
i1,2023-04-28T15:02:21.953471,115.15626525878906
i1,2023-04-28T15:02:22.065060,115.62966918945312
i1,2023-04-28T15:02:22.160508,115.62966918945312
i1,2023-04-28T15:02:22.263696,115.52301025390625
i1,2023-04-28T15:02:22.366048,115.52301025390625
i1,2023-04-28T15:02:22.467390,115.62964630126953
i1,2023-04-28T15:02:22.578734,115.62964630126953
i1,2023-04-28T15:02:22.672377,115.88980102539062
i1,2023-04-28T15:02:22.781493,115.88980102539062
i1,2023-04-28T15:02:22.878698,115.62974548339844
i1,2023-04-28T15:02:22.980927,115.62974548339844
i1,2023-04-28T15:02:23.082068,115.88984680175781
i1,2023-04-28T15:02:23.182523,115.88984680175781
i1,2023-04-28T15:02:23.284801,115.99230194091797
i1,2023-04-28T15:02:23.387220,115.99230194091797
i1,2023-04-28T15:02:23.489710,116.11905670166016
i1,2023-04-28T15:02:23.590815,116.11905670166016
i1,2023-04-28T15:02:23.692444,116.35469055175781
i1,2023-04-28T15:02:23.797658,116.35469055175781
i1,2023-04-28T15:02:23.896886,116.0383071899414
i1,2023-04-28T15:02:23.999104,116.0383071899414
i1,2023-04-28T15:02:24.101343,116.1384048461914
i1,2023-04-28T15:02:24.202540,116.1384048461914
i1,2023-04-28T15:02:24.306782,116.40326690673828
i1,2023-04-28T15:02:24.408624,116.40326690673828
i1,2023-04-28T15:02:24.507547,116.1384048461914
i1,2023-04-28T15:02:24.609818,116.1384048461914
i1,2023-04-28T15:02:24.713070,116.0382308959961
i1,2023-04-28T15:02:24.814348,116.0382308959961
i1,2023-04-28T15:02:24.916714,116.13835906982422
i1,2023-04-28T15:02:25.025440,116.0382080078125
