id,timestamp,MaxxTurn45_Axes_Power_Active_C
i1,2023-04-28 17:00:12.772,-2.197401762008667
i1,2023-04-28 17:00:12.874,2.1690149307250977
i1,2023-04-28 17:00:12.977,2.1690149307250977
i1,2023-04-28 17:00:13.081,-0.7334620356559753
i1,2023-04-28 17:00:13.186,-0.7334620356559753
i1,2023-04-28 17:00:13.287,-0.7334620356559753
i1,2023-04-28 17:00:13.386,44.66368865966797
i1,2023-04-28 17:00:13.487,53.701904296875
i1,2023-04-28 17:00:13.592,53.701904296875
i1,2023-04-28 17:00:13.693,37.081050872802734
i1,2023-04-28 17:00:13.794,37.081050872802734
i1,2023-04-28 17:00:13.894,35.31039047241211
i1,2023-04-28 17:00:14.004,35.31039047241211
i1,2023-04-28 17:00:14.103,44.35218048095703
i1,2023-04-28 17:00:14.203,44.35218048095703
i1,2023-04-28 17:00:14.304,158.1659698486328
i1,2023-04-28 17:00:14.409,158.1659698486328
i1,2023-04-28 17:00:14.507,413.7229919433594
i1,2023-04-28 17:00:14.608,413.7229919433594
i1,2023-04-28 17:00:14.712,1101.284423828125
i1,2023-04-28 17:00:14.817,1101.284423828125
i1,2023-04-28 17:00:14.914,2011.906982421875
i1,2023-04-28 17:00:15.016,2011.906982421875
i1,2023-04-28 17:00:15.121,2997.59326171875
i1,2023-04-28 17:00:15.224,2997.59326171875
i1,2023-04-28 17:00:15.325,3543.923828125
i1,2023-04-28 17:00:15.426,3543.923828125
i1,2023-04-28 17:00:15.529,4242.5087890625
i1,2023-04-28 17:00:15.629,4242.5087890625
i1,2023-04-28 17:00:15.729,4864.8310546875
i1,2023-04-28 17:00:15.825,4864.8310546875
i1,2023-04-28 17:00:15.929,5522.72802734375
i1,2023-04-28 17:00:16.028,5522.72802734375
i1,2023-04-28 17:00:16.137,5717.841796875
i1,2023-04-28 17:00:16.245,5638.36865234375
i1,2023-04-28 17:00:16.372,5638.36865234375
i1,2023-04-28 17:00:16.455,5024.65673828125
i1,2023-04-28 17:00:16.544,5024.65673828125
i1,2023-04-28 17:00:16.658,4223.50927734375
i1,2023-04-28 17:00:16.761,4223.50927734375
i1,2023-04-28 17:00:16.855,3483.538818359375
i1,2023-04-28 17:00:16.953,3483.538818359375
i1,2023-04-28 17:00:17.061,2840.435791015625
i1,2023-04-28 17:00:17.160,2840.435791015625
i1,2023-04-28 17:00:17.260,2282.28515625
i1,2023-04-28 17:00:17.386,2282.28515625
i1,2023-04-28 17:00:17.465,1728.7684326171875
i1,2023-04-28 17:00:17.567,1728.7684326171875
i1,2023-04-28 17:00:17.670,850.6743774414062
i1,2023-04-28 17:00:17.776,850.6743774414062
i1,2023-04-28 17:00:17.876,163.1418914794922
i1,2023-04-28 17:00:17.978,163.1418914794922
i1,2023-04-28 17:00:18.077,-276.0342712402344
i1,2023-04-28 17:00:18.180,-276.0342712402344
i1,2023-04-28 17:00:18.279,-276.0342712402344
i1,2023-04-28 17:00:18.388,-982.8178100585938
i1,2023-04-28 17:00:18.483,-1369.5216064453125
i1,2023-04-28 17:00:18.588,-1369.5216064453125
i1,2023-04-28 17:00:18.690,-1972.9951171875
i1,2023-04-28 17:00:18.788,-1972.9951171875
i1,2023-04-28 17:00:18.896,-2747.09423828125
i1,2023-04-28 17:00:18.994,-2747.09423828125
i1,2023-04-28 17:00:19.104,-3265.896484375
i1,2023-04-28 17:00:19.198,-3265.896484375
i1,2023-04-28 17:00:19.300,-3415.95947265625
i1,2023-04-28 17:00:19.404,-3415.95947265625
i1,2023-04-28 17:00:19.505,-3074.218994140625
i1,2023-04-28 17:00:19.609,-3074.218994140625
i1,2023-04-28 17:00:19.712,-2300.42333984375
i1,2023-04-28 17:00:19.809,-2300.42333984375
i1,2023-04-28 17:00:19.915,-1056.4925537109375
i1,2023-04-28 17:00:20.016,-1056.4925537109375
i1,2023-04-28 17:00:20.115,479.92755126953125
i1,2023-04-28 17:00:20.232,479.92755126953125
i1,2023-04-28 17:00:20.314,479.92755126953125
i1,2023-04-28 17:00:20.417,1872.5042724609375
i1,2023-04-28 17:00:20.525,2835.982177734375
i1,2023-04-28 17:00:20.629,2835.982177734375
i1,2023-04-28 17:00:20.731,4018.73095703125
i1,2023-04-28 17:00:20.829,4018.73095703125
i1,2023-04-28 17:00:20.935,4648.65576171875
i1,2023-04-28 17:00:21.033,4648.65576171875
i1,2023-04-28 17:00:21.135,4747.29638671875
i1,2023-04-28 17:00:21.237,4747.29638671875
i1,2023-04-28 17:00:21.342,4829.62890625
i1,2023-04-28 17:00:21.445,4829.62890625
i1,2023-04-28 17:00:21.547,4418.64599609375
i1,2023-04-28 17:00:21.655,3667.281982421875
i1,2023-04-28 17:00:21.752,3667.281982421875
i1,2023-04-28 17:00:21.850,3667.281982421875
i1,2023-04-28 17:00:21.956,2916.434326171875
i1,2023-04-28 17:00:22.056,2916.434326171875
i1,2023-04-28 17:00:22.156,1878.2578125
i1,2023-04-28 17:00:22.265,1586.552734375
i1,2023-04-28 17:00:22.360,1586.552734375
i1,2023-04-28 17:00:22.468,1091.37109375
i1,2023-04-28 17:00:22.564,1091.37109375
i1,2023-04-28 17:00:22.675,1062.825927734375
i1,2023-04-28 17:00:22.776,1062.825927734375
i1,2023-04-28 17:00:22.876,1049.6473388671875
i1,2023-04-28 17:00:22.978,1049.6473388671875
i1,2023-04-28 17:00:23.087,1017.9679565429688
i1,2023-04-28 17:00:23.184,1017.9679565429688
i1,2023-04-28 17:00:23.283,918.625
i1,2023-04-28 17:00:23.408,918.625
i1,2023-04-28 17:00:23.490,419.5107116699219
i1,2023-04-28 17:00:23.603,419.5107116699219
i1,2023-04-28 17:00:23.688,-127.45746612548828
i1,2023-04-28 17:00:23.795,-127.45746612548828
i1,2023-04-28 17:00:23.892,-792.17138671875
i1,2023-04-28 17:00:24.001,-792.17138671875
i1,2023-04-28 17:00:24.098,-187.1795654296875
i1,2023-04-28 17:00:24.199,-187.1795654296875
i1,2023-04-28 17:00:24.296,366.7169494628906
i1,2023-04-28 17:00:24.396,366.7169494628906
i1,2023-04-28 17:00:24.500,955.955810546875
i1,2023-04-28 17:00:24.604,955.955810546875
i1,2023-04-28 17:00:24.707,1449.3074951171875
i1,2023-04-28 17:00:24.807,1449.3074951171875
i1,2023-04-28 17:00:24.913,2014.3902587890625
i1,2023-04-28 17:00:25.011,2014.3902587890625
i1,2023-04-28 17:00:25.125,2289.164794921875
i1,2023-04-28 17:00:25.214,2289.164794921875
i1,2023-04-28 17:00:25.317,2805.18310546875
i1,2023-04-28 17:00:25.420,2805.18310546875
i1,2023-04-28 17:00:25.519,3326.52099609375
i1,2023-04-28 17:00:25.622,3326.52099609375
i1,2023-04-28 17:00:25.728,3911.1142578125
i1,2023-04-28 17:00:25.825,3911.1142578125
i1,2023-04-28 17:00:25.930,3316.339111328125
i1,2023-04-28 17:00:26.033,3316.339111328125
i1,2023-04-28 17:00:26.133,2645.219970703125
i1,2023-04-28 17:00:26.247,2645.219970703125
i1,2023-04-28 17:00:26.336,2645.219970703125
i1,2023-04-28 17:00:26.442,2025.052978515625
i1,2023-04-28 17:00:26.541,1758.8743896484375
i1,2023-04-28 17:00:26.645,1758.8743896484375
i1,2023-04-28 17:00:26.746,1041.2193603515625
i1,2023-04-28 17:00:26.850,1041.2193603515625
i1,2023-04-28 17:00:26.956,386.9574890136719
i1,2023-04-28 17:00:27.056,386.9574890136719
i1,2023-04-28 17:00:27.159,505.3396301269531
i1,2023-04-28 17:00:27.261,505.3396301269531
i1,2023-04-28 17:00:27.361,770.9734497070312
i1,2023-04-28 17:00:27.479,999.8733520507812
i1,2023-04-28 17:00:27.564,999.8733520507812
i1,2023-04-28 17:00:27.667,999.8733520507812
i1,2023-04-28 17:00:27.767,523.3592529296875
i1,2023-04-28 17:00:27.877,196.16737365722656
i1,2023-04-28 17:00:27.973,196.16737365722656
i1,2023-04-28 17:00:28.068,196.16737365722656
i1,2023-04-28 17:00:28.178,-384.0755615234375
i1,2023-04-28 17:00:28.286,-44.65190124511719
i1,2023-04-28 17:00:28.413,-44.65190124511719
i1,2023-04-28 17:00:28.489,-44.65190124511719
i1,2023-04-28 17:00:28.589,664.2252807617188
i1,2023-04-28 17:00:28.687,1145.643310546875
i1,2023-04-28 17:00:28.789,1145.643310546875
i1,2023-04-28 17:00:28.901,1234.4990234375
i1,2023-04-28 17:00:28.997,1234.4990234375
i1,2023-04-28 17:00:29.098,1388.1741943359375
i1,2023-04-28 17:00:29.198,1388.1741943359375
i1,2023-04-28 17:00:29.302,1388.1741943359375
i1,2023-04-28 17:00:29.422,1111.76171875
i1,2023-04-28 17:00:29.506,1603.59765625
i1,2023-04-28 17:00:29.606,1603.59765625
i1,2023-04-28 17:00:29.705,2052.722412109375
i1,2023-04-28 17:00:29.808,2052.722412109375
i1,2023-04-28 17:00:29.908,2541.879638671875
i1,2023-04-28 17:00:30.009,2541.879638671875
i1,2023-04-28 17:00:30.112,1923.8778076171875
i1,2023-04-28 17:00:30.216,1923.8778076171875
i1,2023-04-28 17:00:30.320,1923.8778076171875
i1,2023-04-28 17:00:30.423,682.150146484375
i1,2023-04-28 17:00:30.524,415.5272216796875
i1,2023-04-28 17:00:30.620,415.5272216796875
i1,2023-04-28 17:00:30.722,-329.02252197265625
i1,2023-04-28 17:00:30.821,-329.02252197265625
i1,2023-04-28 17:00:30.920,-1251.013671875
i1,2023-04-28 17:00:31.019,-1251.013671875
i1,2023-04-28 17:00:31.135,-2001.3787841796875
i1,2023-04-28 17:00:31.230,-2001.3787841796875
i1,2023-04-28 17:00:31.332,-2560.883544921875
i1,2023-04-28 17:00:31.438,-2560.883544921875
i1,2023-04-28 17:00:31.539,-3181.527587890625
i1,2023-04-28 17:00:31.641,-3181.527587890625
i1,2023-04-28 17:00:31.748,-3367.457763671875
i1,2023-04-28 17:00:31.842,-3367.457763671875
i1,2023-04-28 17:00:31.947,-3055.8076171875
i1,2023-04-28 17:00:32.049,-3055.8076171875
i1,2023-04-28 17:00:32.149,-2238.85888671875
i1,2023-04-28 17:00:32.251,-2238.85888671875
i1,2023-04-28 17:00:32.351,-1041.3734130859375
i1,2023-04-28 17:00:32.454,-1041.3734130859375
i1,2023-04-28 17:00:32.555,315.56439208984375
i1,2023-04-28 17:00:32.660,315.56439208984375
i1,2023-04-28 17:00:32.760,1477.4873046875
i1,2023-04-28 17:00:32.871,1477.4873046875
i1,2023-04-28 17:00:32.967,2634.3203125
i1,2023-04-28 17:00:33.065,2634.3203125
i1,2023-04-28 17:00:33.167,3843.501953125
i1,2023-04-28 17:00:33.271,3843.501953125
i1,2023-04-28 17:00:33.371,3843.501953125
i1,2023-04-28 17:00:33.474,4124.1455078125
i1,2023-04-28 17:00:33.580,4442.32177734375
i1,2023-04-28 17:00:33.681,4442.32177734375
i1,2023-04-28 17:00:33.786,4412.34130859375
i1,2023-04-28 17:00:33.885,4412.34130859375
i1,2023-04-28 17:00:33.989,4053.80224609375
i1,2023-04-28 17:00:34.090,3316.571533203125
i1,2023-04-28 17:00:34.190,3316.571533203125
i1,2023-04-28 17:00:34.294,3316.571533203125
i1,2023-04-28 17:00:34.432,2393.696533203125
i1,2023-04-28 17:00:34.500,1824.44140625
i1,2023-04-28 17:00:34.599,1824.44140625
i1,2023-04-28 17:00:34.703,1246.837890625
i1,2023-04-28 17:00:34.805,1246.837890625
i1,2023-04-28 17:00:34.910,758.1801147460938
i1,2023-04-28 17:00:35.008,758.1801147460938
i1,2023-04-28 17:00:35.109,944.7188720703125
i1,2023-04-28 17:00:35.212,944.7188720703125
i1,2023-04-28 17:00:35.317,942.7813720703125
i1,2023-04-28 17:00:35.448,942.7813720703125
i1,2023-04-28 17:00:35.518,938.8033447265625
i1,2023-04-28 17:00:35.617,938.8033447265625
i1,2023-04-28 17:00:35.718,935.1617431640625
i1,2023-04-28 17:00:35.822,935.1617431640625
i1,2023-04-28 17:00:35.926,935.8903198242188
i1,2023-04-28 17:00:36.027,935.8903198242188
i1,2023-04-28 17:00:36.129,930.6411743164062
i1,2023-04-28 17:00:36.230,930.6411743164062
i1,2023-04-28 17:00:36.329,930.3369140625
i1,2023-04-28 17:00:36.436,930.3369140625
i1,2023-04-28 17:00:36.536,923.9141845703125
i1,2023-04-28 17:00:36.635,923.9141845703125
i1,2023-04-28 17:00:36.740,920.821044921875
i1,2023-04-28 17:00:36.841,920.821044921875
i1,2023-04-28 17:00:36.942,918.1253051757812
i1,2023-04-28 17:00:37.046,918.1253051757812
i1,2023-04-28 17:00:37.152,917.16162109375
i1,2023-04-28 17:00:37.252,917.16162109375
i1,2023-04-28 17:00:37.355,917.16162109375
i1,2023-04-28 17:00:37.460,918.04296875
i1,2023-04-28 17:00:37.560,918.107666015625
i1,2023-04-28 17:00:37.656,918.107666015625
i1,2023-04-28 17:00:37.763,918.3392944335938
i1,2023-04-28 17:00:37.864,918.3392944335938
i1,2023-04-28 17:00:37.962,919.5796508789062
i1,2023-04-28 17:00:38.065,919.5796508789062
i1,2023-04-28 17:00:38.168,919.7943115234375
i1,2023-04-28 17:00:38.276,919.7943115234375
i1,2023-04-28 17:00:38.371,921.78662109375
i1,2023-04-28 17:00:38.475,921.78662109375
i1,2023-04-28 17:00:38.574,922.7021484375
i1,2023-04-28 17:00:38.676,922.7021484375
i1,2023-04-28 17:00:38.778,925.4647216796875
i1,2023-04-28 17:00:38.884,925.4647216796875
i1,2023-04-28 17:00:38.987,927.0643310546875
i1,2023-04-28 17:00:39.089,927.0643310546875
i1,2023-04-28 17:00:39.191,924.8475341796875
i1,2023-04-28 17:00:39.289,924.8475341796875
i1,2023-04-28 17:00:39.396,926.3367919921875
i1,2023-04-28 17:00:39.499,926.3367919921875
i1,2023-04-28 17:00:39.600,535.8035278320312
i1,2023-04-28 17:00:39.695,535.8035278320312
i1,2023-04-28 17:00:39.806,391.414794921875
i1,2023-04-28 17:00:39.901,391.414794921875
i1,2023-04-28 17:00:40.004,-108.33360290527344
i1,2023-04-28 17:00:40.104,-108.33360290527344
i1,2023-04-28 17:00:40.207,-666.3492431640625
i1,2023-04-28 17:00:40.314,-1354.8856201171875
i1,2023-04-28 17:00:40.410,-1354.8856201171875
i1,2023-04-28 17:00:40.520,-1354.8856201171875
i1,2023-04-28 17:00:40.609,-2072.119384765625
i1,2023-04-28 17:00:40.719,-2247.161376953125
i1,2023-04-28 17:00:40.818,-2247.161376953125
i1,2023-04-28 17:00:40.939,-2323.28662109375
i1,2023-04-28 17:00:41.022,-2323.28662109375
i1,2023-04-28 17:00:41.126,-2389.162353515625
i1,2023-04-28 17:00:41.232,-2389.162353515625
i1,2023-04-28 17:00:41.330,-2389.162353515625
i1,2023-04-28 17:00:41.452,-1932.8096923828125
i1,2023-04-28 17:00:41.539,-2017.3193359375
i1,2023-04-28 17:00:41.636,-2017.3193359375
i1,2023-04-28 17:00:41.738,-1530.557861328125
i1,2023-04-28 17:00:41.845,-1530.557861328125
i1,2023-04-28 17:00:41.944,-526.290283203125
i1,2023-04-28 17:00:42.048,-526.290283203125
i1,2023-04-28 17:00:42.148,949.236572265625
i1,2023-04-28 17:00:42.250,949.236572265625
i1,2023-04-28 17:00:42.348,2452.843017578125
i1,2023-04-28 17:00:42.453,2452.843017578125
i1,2023-04-28 17:00:42.563,3250.704833984375
i1,2023-04-28 17:00:42.654,3250.704833984375
i1,2023-04-28 17:00:42.756,3877.267822265625
i1,2023-04-28 17:00:42.861,3877.267822265625
i1,2023-04-28 17:00:42.966,4176.79443359375
i1,2023-04-28 17:00:43.062,4176.79443359375
i1,2023-04-28 17:00:43.170,4703.1533203125
i1,2023-04-28 17:00:43.271,4703.1533203125
i1,2023-04-28 17:00:43.372,4703.1533203125
i1,2023-04-28 17:00:43.472,4472.7216796875
i1,2023-04-28 17:00:43.573,4740.76318359375
i1,2023-04-28 17:00:43.673,4740.76318359375
i1,2023-04-28 17:00:43.786,4462.2802734375
i1,2023-04-28 17:00:43.880,4462.2802734375
i1,2023-04-28 17:00:43.980,3761.45703125
i1,2023-04-28 17:00:44.081,3761.45703125
i1,2023-04-28 17:00:44.187,3010.9697265625
i1,2023-04-28 17:00:44.289,3010.9697265625
i1,2023-04-28 17:00:44.386,2369.57763671875
i1,2023-04-28 17:00:44.492,2369.57763671875
i1,2023-04-28 17:00:44.591,1859.9495849609375
i1,2023-04-28 17:00:44.695,1859.9495849609375
i1,2023-04-28 17:00:44.797,1619.9344482421875
i1,2023-04-28 17:00:44.911,1619.9344482421875
i1,2023-04-28 17:00:45.000,1524.7491455078125
i1,2023-04-28 17:00:45.102,1524.7491455078125
i1,2023-04-28 17:00:45.207,1374.9107666015625
i1,2023-04-28 17:00:45.307,1374.9107666015625
i1,2023-04-28 17:00:45.409,1249.1754150390625
i1,2023-04-28 17:00:45.512,1249.1754150390625
i1,2023-04-28 17:00:45.618,704.8901977539062
i1,2023-04-28 17:00:45.714,704.8901977539062
i1,2023-04-28 17:00:45.818,442.7840576171875
i1,2023-04-28 17:00:45.910,442.7840576171875
i1,2023-04-28 17:00:46.023,696.1068115234375
i1,2023-04-28 17:00:46.123,696.1068115234375
i1,2023-04-28 17:00:46.224,1185.1009521484375
i1,2023-04-28 17:00:46.324,1185.1009521484375
i1,2023-04-28 17:00:46.426,1282.4190673828125
i1,2023-04-28 17:00:46.536,1380.16796875
i1,2023-04-28 17:00:46.631,1380.16796875
i1,2023-04-28 17:00:46.733,1380.16796875
i1,2023-04-28 17:00:46.843,1431.151123046875
i1,2023-04-28 17:00:46.943,1411.48583984375
i1,2023-04-28 17:00:47.040,1411.48583984375
i1,2023-04-28 17:00:47.149,1453.7279052734375
i1,2023-04-28 17:00:47.249,1453.7279052734375
i1,2023-04-28 17:00:47.349,1855.55615234375
i1,2023-04-28 17:00:47.478,1855.55615234375
i1,2023-04-28 17:00:47.552,2072.910888671875
i1,2023-04-28 17:00:47.651,2072.910888671875
i1,2023-04-28 17:00:47.757,1640.1798095703125
i1,2023-04-28 17:00:47.859,1640.1798095703125
i1,2023-04-28 17:00:47.962,747.957275390625
i1,2023-04-28 17:00:48.061,747.957275390625
i1,2023-04-28 17:00:48.162,774.20556640625
i1,2023-04-28 17:00:48.268,774.20556640625
i1,2023-04-28 17:00:48.365,1119.1885986328125
i1,2023-04-28 17:00:48.471,1119.1885986328125
i1,2023-04-28 17:00:48.568,1122.1177978515625
i1,2023-04-28 17:00:48.677,1122.1177978515625
i1,2023-04-28 17:00:48.780,1109.858154296875
i1,2023-04-28 17:00:48.875,1109.858154296875
i1,2023-04-28 17:00:48.978,1103.086669921875
i1,2023-04-28 17:00:49.081,1103.086669921875
i1,2023-04-28 17:00:49.189,1099.729248046875
i1,2023-04-28 17:00:49.285,1099.729248046875
i1,2023-04-28 17:00:49.384,1090.6661376953125
i1,2023-04-28 17:00:49.490,1090.6661376953125
i1,2023-04-28 17:00:49.594,1225.9091796875
i1,2023-04-28 17:00:49.692,1225.9091796875
i1,2023-04-28 17:00:49.798,1605.4603271484375
i1,2023-04-28 17:00:49.901,1605.4603271484375
i1,2023-04-28 17:00:50.000,1462.947021484375
i1,2023-04-28 17:00:50.099,1462.947021484375
i1,2023-04-28 17:00:50.202,999.0507202148438
i1,2023-04-28 17:00:50.311,999.0507202148438
i1,2023-04-28 17:00:50.411,999.0507202148438
i1,2023-04-28 17:00:50.514,915.297607421875
i1,2023-04-28 17:00:50.614,918.8468017578125
i1,2023-04-28 17:00:50.712,918.8468017578125
i1,2023-04-28 17:00:50.806,920.5224609375
i1,2023-04-28 17:00:50.910,920.5224609375
i1,2023-04-28 17:00:51.012,916.6383666992188
i1,2023-04-28 17:00:51.116,916.6383666992188
i1,2023-04-28 17:00:51.216,807.0925903320312
i1,2023-04-28 17:00:51.320,807.0925903320312
i1,2023-04-28 17:00:51.424,460.5250549316406
i1,2023-04-28 17:00:51.529,460.5250549316406
i1,2023-04-28 17:00:51.631,-16.104944229125977
i1,2023-04-28 17:00:51.729,-16.104944229125977
i1,2023-04-28 17:00:51.830,-412.835693359375
i1,2023-04-28 17:00:51.932,-412.835693359375
i1,2023-04-28 17:00:52.037,-306.6991271972656
i1,2023-04-28 17:00:52.140,-306.6991271972656
i1,2023-04-28 17:00:52.242,-211.47607421875
i1,2023-04-28 17:00:52.345,-211.47607421875
i1,2023-04-28 17:00:52.483,238.94091796875
i1,2023-04-28 17:00:52.550,238.94091796875
i1,2023-04-28 17:00:52.648,294.9682312011719
i1,2023-04-28 17:00:52.757,357.6038513183594
i1,2023-04-28 17:00:52.854,357.6038513183594
i1,2023-04-28 17:00:52.973,491.6151428222656
i1,2023-04-28 17:00:53.058,491.6151428222656
i1,2023-04-28 17:00:53.163,788.769775390625
i1,2023-04-28 17:00:53.261,788.769775390625
i1,2023-04-28 17:00:53.362,788.769775390625
i1,2023-04-28 17:00:53.491,686.1925048828125
i1,2023-04-28 17:00:53.571,1230.1329345703125
i1,2023-04-28 17:00:53.670,1230.1329345703125
i1,2023-04-28 17:00:53.769,1613.2286376953125
i1,2023-04-28 17:00:53.877,1613.2286376953125
i1,2023-04-28 17:00:53.979,1887.0802001953125
i1,2023-04-28 17:00:54.079,1887.0802001953125
i1,2023-04-28 17:00:54.178,1839.8458251953125
i1,2023-04-28 17:00:54.285,1839.8458251953125
i1,2023-04-28 17:00:54.383,1697.4498291015625
i1,2023-04-28 17:00:54.488,1697.4498291015625
i1,2023-04-28 17:00:54.600,1256.069091796875
i1,2023-04-28 17:00:54.690,1256.069091796875
i1,2023-04-28 17:00:54.792,1438.329833984375
i1,2023-04-28 17:00:54.895,1438.329833984375
i1,2023-04-28 17:00:54.998,1722.3370361328125
i1,2023-04-28 17:00:55.097,1722.3370361328125
i1,2023-04-28 17:00:55.203,2420.751220703125
i1,2023-04-28 17:00:55.302,2420.751220703125
i1,2023-04-28 17:00:55.404,2420.751220703125
i1,2023-04-28 17:00:55.506,2073.844970703125
i1,2023-04-28 17:00:55.609,1643.9974365234375
i1,2023-04-28 17:00:55.712,1643.9974365234375
i1,2023-04-28 17:00:55.818,908.1595458984375
i1,2023-04-28 17:00:55.916,908.1595458984375
i1,2023-04-28 17:00:56.018,297.38714599609375
i1,2023-04-28 17:00:56.117,297.38714599609375
i1,2023-04-28 17:00:56.219,-196.32176208496094
i1,2023-04-28 17:00:56.327,-196.32176208496094
i1,2023-04-28 17:00:56.425,-314.8407287597656
i1,2023-04-28 17:00:56.527,-314.8407287597656
i1,2023-04-28 17:00:56.627,-1096.4859619140625
i1,2023-04-28 17:00:56.732,-1096.4859619140625
i1,2023-04-28 17:00:56.834,-1912.3037109375
i1,2023-04-28 17:00:56.945,-1912.3037109375
i1,2023-04-28 17:00:57.039,-2689.584228515625
i1,2023-04-28 17:00:57.137,-2689.584228515625
i1,2023-04-28 17:00:57.239,-3569.774169921875
i1,2023-04-28 17:00:57.344,-3569.774169921875
i1,2023-04-28 17:00:57.447,-3569.774169921875
i1,2023-04-28 17:00:57.547,-3175.529052734375
i1,2023-04-28 17:00:57.657,-3190.681640625
i1,2023-04-28 17:00:57.758,-2864.953369140625
i1,2023-04-28 17:00:57.854,-2864.953369140625
i1,2023-04-28 17:00:57.955,-2864.953369140625
i1,2023-04-28 17:00:58.070,-2369.4033203125
i1,2023-04-28 17:00:58.166,-1555.4471435546875
i1,2023-04-28 17:00:58.261,-1555.4471435546875
i1,2023-04-28 17:00:58.369,-1555.4471435546875
i1,2023-04-28 17:00:58.466,-188.85081481933594
i1,2023-04-28 17:00:58.574,1177.6929931640625
i1,2023-04-28 17:00:58.674,1177.6929931640625
i1,2023-04-28 17:00:58.778,2360.4873046875
i1,2023-04-28 17:00:58.881,2360.4873046875
i1,2023-04-28 17:00:58.985,2904.54296875
i1,2023-04-28 17:00:59.079,2904.54296875
i1,2023-04-28 17:00:59.185,3196.217529296875
i1,2023-04-28 17:00:59.286,3196.217529296875
i1,2023-04-28 17:00:59.387,3066.973876953125
i1,2023-04-28 17:00:59.517,3066.973876953125
i1,2023-04-28 17:00:59.591,3093.904541015625
i1,2023-04-28 17:00:59.690,3093.904541015625
i1,2023-04-28 17:00:59.796,3038.55419921875
i1,2023-04-28 17:00:59.894,3038.55419921875
i1,2023-04-28 17:01:00.001,2695.51318359375
i1,2023-04-28 17:01:00.099,2695.51318359375
i1,2023-04-28 17:01:00.201,1880.5224609375
i1,2023-04-28 17:01:00.300,1880.5224609375
i1,2023-04-28 17:01:00.406,1065.022705078125
i1,2023-04-28 17:01:00.511,1065.022705078125
i1,2023-04-28 17:01:00.608,616.32177734375
i1,2023-04-28 17:01:00.711,616.32177734375
i1,2023-04-28 17:01:00.816,619.9815063476562
i1,2023-04-28 17:01:00.907,619.9815063476562
i1,2023-04-28 17:01:01.007,619.9818115234375
i1,2023-04-28 17:01:01.112,619.9818115234375
i1,2023-04-28 17:01:01.228,621.4446411132812
i1,2023-04-28 17:01:01.319,621.4446411132812
i1,2023-04-28 17:01:01.423,623.8595581054688
i1,2023-04-28 17:01:01.528,623.8595581054688
i1,2023-04-28 17:01:01.629,623.1068115234375
i1,2023-04-28 17:01:01.731,623.1068115234375
i1,2023-04-28 17:01:01.835,623.8596801757812
i1,2023-04-28 17:01:01.934,623.8596801757812
i1,2023-04-28 17:01:02.035,619.4971923828125
i1,2023-04-28 17:01:02.138,619.4971923828125
i1,2023-04-28 17:01:02.238,625.3146362304688
i1,2023-04-28 17:01:02.349,625.3146362304688
i1,2023-04-28 17:01:02.439,625.3146362304688
i1,2023-04-28 17:01:02.543,474.1396179199219
i1,2023-04-28 17:01:02.644,371.5527648925781
i1,2023-04-28 17:01:02.746,371.5527648925781
i1,2023-04-28 17:01:02.851,768.5559692382812
i1,2023-04-28 17:01:02.953,768.5559692382812
i1,2023-04-28 17:01:03.055,1074.669189453125
i1,2023-04-28 17:01:03.155,1074.669189453125
i1,2023-04-28 17:01:03.256,1071.03369140625
i1,2023-04-28 17:01:03.360,1071.03369140625
i1,2023-04-28 17:01:03.473,1040.4954833984375
i1,2023-04-28 17:01:03.564,1040.4954833984375
i1,2023-04-28 17:01:03.670,1655.7276611328125
i1,2023-04-28 17:01:03.770,1655.7276611328125
i1,2023-04-28 17:01:03.868,1653.533203125
i1,2023-04-28 17:01:03.971,1653.533203125
i1,2023-04-28 17:01:04.074,1634.5003662109375
i1,2023-04-28 17:01:04.177,1634.5003662109375
i1,2023-04-28 17:01:04.280,2541.580810546875
i1,2023-04-28 17:01:04.384,2444.7958984375
i1,2023-04-28 17:01:04.510,2444.7958984375
i1,2023-04-28 17:01:04.586,2432.518310546875
i1,2023-04-28 17:01:04.688,2432.518310546875
i1,2023-04-28 17:01:04.793,2372.869873046875
i1,2023-04-28 17:01:04.887,2372.869873046875
i1,2023-04-28 17:01:05.008,1900.91748046875
i1,2023-04-28 17:01:05.089,1900.91748046875
i1,2023-04-28 17:01:05.200,1479.2193603515625
i1,2023-04-28 17:01:05.294,1479.2193603515625
i1,2023-04-28 17:01:05.397,1479.2193603515625
i1,2023-04-28 17:01:05.530,358.7527160644531
i1,2023-04-28 17:01:05.606,380.91046142578125
i1,2023-04-28 17:01:05.705,380.91046142578125
i1,2023-04-28 17:01:05.806,831.7412719726562
i1,2023-04-28 17:01:05.908,831.7412719726562
i1,2023-04-28 17:01:06.013,814.2613525390625
i1,2023-04-28 17:01:06.113,814.2613525390625
i1,2023-04-28 17:01:06.213,1419.4951171875
i1,2023-04-28 17:01:06.320,1419.4951171875
i1,2023-04-28 17:01:06.419,1419.4951171875
i1,2023-04-28 17:01:06.523,392.57916259765625
i1,2023-04-28 17:01:06.636,-101.01396179199219
i1,2023-04-28 17:01:06.729,-101.01396179199219
i1,2023-04-28 17:01:06.828,-151.52015686035156
i1,2023-04-28 17:01:06.925,-151.52015686035156
i1,2023-04-28 17:01:07.032,205.68338012695312
i1,2023-04-28 17:01:07.132,205.68338012695312
i1,2023-04-28 17:01:07.235,375.9693908691406
i1,2023-04-28 17:01:07.333,375.9693908691406
i1,2023-04-28 17:01:07.436,844.5425415039062
i1,2023-04-28 17:01:07.546,844.5425415039062
i1,2023-04-28 17:01:07.646,53.80474090576172
i1,2023-04-28 17:01:07.751,53.80474090576172
i1,2023-04-28 17:01:07.845,-53.705078125
i1,2023-04-28 17:01:07.949,-53.705078125
i1,2023-04-28 17:01:08.054,-577.328369140625
i1,2023-04-28 17:01:08.155,-577.328369140625
i1,2023-04-28 17:01:08.255,43.77063751220703
i1,2023-04-28 17:01:08.358,43.77063751220703
i1,2023-04-28 17:01:08.458,281.390625
i1,2023-04-28 17:01:08.562,281.390625
i1,2023-04-28 17:01:08.664,793.27685546875
i1,2023-04-28 17:01:08.770,793.27685546875
i1,2023-04-28 17:01:08.870,887.0736694335938
i1,2023-04-28 17:01:08.984,887.0736694335938
i1,2023-04-28 17:01:09.074,1215.7288818359375
i1,2023-04-28 17:01:09.176,1215.7288818359375
i1,2023-04-28 17:01:09.278,722.0197143554688
i1,2023-04-28 17:01:09.381,722.0197143554688
i1,2023-04-28 17:01:09.483,722.0197143554688
i1,2023-04-28 17:01:09.581,1045.7423095703125
i1,2023-04-28 17:01:09.686,635.2371215820312
i1,2023-04-28 17:01:09.782,635.2371215820312
i1,2023-04-28 17:01:09.888,1097.2286376953125
i1,2023-04-28 17:01:09.988,1097.2286376953125
i1,2023-04-28 17:01:10.095,1704.580810546875
i1,2023-04-28 17:01:10.202,2192.996337890625
i1,2023-04-28 17:01:10.296,2192.996337890625
i1,2023-04-28 17:01:10.398,2192.996337890625
i1,2023-04-28 17:01:10.535,1900.9205322265625
i1,2023-04-28 17:01:10.601,1900.9205322265625
i1,2023-04-28 17:01:10.704,1787.2998046875
i1,2023-04-28 17:01:10.806,1350.0067138671875
i1,2023-04-28 17:01:10.912,1350.0067138671875
i1,2023-04-28 17:01:11.006,800.423583984375
i1,2023-04-28 17:01:11.103,800.423583984375
i1,2023-04-28 17:01:11.210,867.5679931640625
i1,2023-04-28 17:01:11.313,867.5679931640625
i1,2023-04-28 17:01:11.420,1108.208740234375
i1,2023-04-28 17:01:11.547,1108.208740234375
i1,2023-04-28 17:01:11.626,1106.31884765625
i1,2023-04-28 17:01:11.724,1106.31884765625
i1,2023-04-28 17:01:11.822,1117.971435546875
i1,2023-04-28 17:01:11.918,1117.971435546875
i1,2023-04-28 17:01:12.033,1195.9010009765625
i1,2023-04-28 17:01:12.124,1195.9010009765625
i1,2023-04-28 17:01:12.233,1820.8544921875
i1,2023-04-28 17:01:12.331,1820.8544921875
i1,2023-04-28 17:01:12.436,1529.826171875
i1,2023-04-28 17:01:12.539,1529.826171875
i1,2023-04-28 17:01:12.643,1499.824951171875
i1,2023-04-28 17:01:12.739,1499.824951171875
i1,2023-04-28 17:01:12.841,1602.291259765625
i1,2023-04-28 17:01:12.946,1602.291259765625
i1,2023-04-28 17:01:13.044,995.54248046875
i1,2023-04-28 17:01:13.146,995.54248046875
i1,2023-04-28 17:01:13.255,859.3372192382812
i1,2023-04-28 17:01:13.350,859.3372192382812
i1,2023-04-28 17:01:13.452,859.3372192382812
i1,2023-04-28 17:01:13.558,878.1907348632812
i1,2023-04-28 17:01:13.657,489.21685791015625
i1,2023-04-28 17:01:13.757,489.21685791015625
i1,2023-04-28 17:01:13.862,564.9652099609375
i1,2023-04-28 17:01:13.961,564.9652099609375
i1,2023-04-28 17:01:14.064,790.104736328125
i1,2023-04-28 17:01:14.165,790.104736328125
i1,2023-04-28 17:01:14.270,1790.8756103515625
i1,2023-04-28 17:01:14.382,1790.8756103515625
i1,2023-04-28 17:01:14.476,2457.858154296875
i1,2023-04-28 17:01:14.574,2457.858154296875
i1,2023-04-28 17:01:14.675,2789.925048828125
i1,2023-04-28 17:01:14.780,2789.925048828125
i1,2023-04-28 17:01:14.879,2966.938720703125
i1,2023-04-28 17:01:14.987,2966.938720703125
i1,2023-04-28 17:01:15.084,2284.58251953125
i1,2023-04-28 17:01:15.189,2284.58251953125
i1,2023-04-28 17:01:15.287,1408.88916015625
i1,2023-04-28 17:01:15.391,1408.88916015625
i1,2023-04-28 17:01:15.500,698.7525634765625
i1,2023-04-28 17:01:15.594,698.7525634765625
i1,2023-04-28 17:01:15.700,-495.54827880859375
i1,2023-04-28 17:01:15.802,-495.54827880859375
i1,2023-04-28 17:01:15.894,-1737.8624267578125
i1,2023-04-28 17:01:15.993,-1737.8624267578125
i1,2023-04-28 17:01:16.108,-3001.83349609375
i1,2023-04-28 17:01:16.208,-3001.83349609375
i1,2023-04-28 17:01:16.310,-3260.843505859375
i1,2023-04-28 17:01:16.410,-3260.843505859375
i1,2023-04-28 17:01:16.516,-3236.064453125
i1,2023-04-28 17:01:16.615,-2843.36962890625
i1,2023-04-28 17:01:16.718,-2843.36962890625
i1,2023-04-28 17:01:16.816,-2843.36962890625
i1,2023-04-28 17:01:16.921,-2380.88427734375
i1,2023-04-28 17:01:17.025,-1963.8529052734375
i1,2023-04-28 17:01:17.125,-1963.8529052734375
i1,2023-04-28 17:01:17.231,-1045.8720703125
i1,2023-04-28 17:01:17.326,-1045.8720703125
i1,2023-04-28 17:01:17.433,278.8813171386719
i1,2023-04-28 17:01:17.564,278.8813171386719
i1,2023-04-28 17:01:17.635,1906.018310546875
i1,2023-04-28 17:01:17.733,1906.018310546875
i1,2023-04-28 17:01:17.842,3206.79931640625
i1,2023-04-28 17:01:17.938,3206.79931640625
i1,2023-04-28 17:01:18.043,3970.809814453125
i1,2023-04-28 17:01:18.147,3970.809814453125
i1,2023-04-28 17:01:18.244,4548.3701171875
i1,2023-04-28 17:01:18.346,4548.3701171875
i1,2023-04-28 17:01:18.448,4548.3701171875
i1,2023-04-28 17:01:18.559,5160.32763671875
i1,2023-04-28 17:01:18.664,5708.6845703125
i1,2023-04-28 17:01:18.758,5708.6845703125
i1,2023-04-28 17:01:18.863,5686.0380859375
i1,2023-04-28 17:01:18.962,5686.0380859375
i1,2023-04-28 17:01:19.064,5343.42626953125
i1,2023-04-28 17:01:19.168,5343.42626953125
i1,2023-04-28 17:01:19.268,4581.244140625
i1,2023-04-28 17:01:19.367,4581.244140625
i1,2023-04-28 17:01:19.468,3768.083251953125
i1,2023-04-28 17:01:19.572,3768.083251953125
i1,2023-04-28 17:01:19.673,3115.676025390625
i1,2023-04-28 17:01:19.780,3115.676025390625
i1,2023-04-28 17:01:19.878,2550.55419921875
i1,2023-04-28 17:01:19.978,2550.55419921875
i1,2023-04-28 17:01:20.082,2033.00341796875
i1,2023-04-28 17:01:20.186,2033.00341796875
i1,2023-04-28 17:01:20.284,1124.7861328125
i1,2023-04-28 17:01:20.386,1124.7861328125
i1,2023-04-28 17:01:20.494,1124.7861328125
i1,2023-04-28 17:01:20.592,459.708740234375
i1,2023-04-28 17:01:20.691,350.1753234863281
i1,2023-04-28 17:01:20.797,350.1753234863281
i1,2023-04-28 17:01:20.903,224.67608642578125
i1,2023-04-28 17:01:21.000,224.67608642578125
i1,2023-04-28 17:01:21.102,133.8896026611328
i1,2023-04-28 17:01:21.197,133.8896026611328
i1,2023-04-28 17:01:21.302,111.97364807128906
i1,2023-04-28 17:01:21.403,111.97364807128906
i1,2023-04-28 17:01:21.506,86.07138061523438
i1,2023-04-28 17:01:21.607,86.07138061523438
i1,2023-04-28 17:01:21.712,86.81913757324219
i1,2023-04-28 17:01:21.810,86.81913757324219
i1,2023-04-28 17:01:21.912,57.82457733154297
i1,2023-04-28 17:01:22.028,57.82457733154297
i1,2023-04-28 17:01:22.124,160.61679077148438
i1,2023-04-28 17:01:22.222,160.61679077148438
i1,2023-04-28 17:01:22.330,594.770751953125
i1,2023-04-28 17:01:22.424,594.770751953125
i1,2023-04-28 17:01:22.526,594.770751953125
i1,2023-04-28 17:01:22.631,683.4700317382812
i1,2023-04-28 17:01:22.731,788.7706298828125
i1,2023-04-28 17:01:22.834,788.7706298828125
i1,2023-04-28 17:01:22.934,851.4070434570312
i1,2023-04-28 17:01:23.036,851.4070434570312
i1,2023-04-28 17:01:23.146,865.9739990234375
i1,2023-04-28 17:01:23.248,860.8755493164062
i1,2023-04-28 17:01:23.341,860.8755493164062
i1,2023-04-28 17:01:23.448,860.8755493164062
i1,2023-04-28 17:01:23.577,856.171630859375
i1,2023-04-28 17:01:23.657,853.5931396484375
i1,2023-04-28 17:01:23.753,853.5931396484375
i1,2023-04-28 17:01:23.849,851.86083984375
i1,2023-04-28 17:01:23.956,851.86083984375
i1,2023-04-28 17:01:24.061,901.6614990234375
i1,2023-04-28 17:01:24.156,901.6614990234375
i1,2023-04-28 17:01:24.265,1011.50146484375
i1,2023-04-28 17:01:24.366,1011.50146484375
i1,2023-04-28 17:01:24.467,1098.6942138671875
i1,2023-04-28 17:01:24.577,1098.6942138671875
i1,2023-04-28 17:01:24.684,1208.978515625
i1,2023-04-28 17:01:24.771,1208.978515625
i1,2023-04-28 17:01:24.874,1313.1632080078125
i1,2023-04-28 17:01:24.981,1313.1632080078125
i1,2023-04-28 17:01:25.083,1423.8594970703125
i1,2023-04-28 17:01:25.182,1423.8594970703125
i1,2023-04-28 17:01:25.281,1582.8314208984375
i1,2023-04-28 17:01:25.387,1582.8314208984375
i1,2023-04-28 17:01:25.486,1582.8314208984375
i1,2023-04-28 17:01:25.589,1669.1119384765625
i1,2023-04-28 17:01:25.690,1731.9794921875
i1,2023-04-28 17:01:25.790,1731.9794921875
i1,2023-04-28 17:01:25.899,1693.44140625
i1,2023-04-28 17:01:25.994,1693.44140625
i1,2023-04-28 17:01:26.098,1617.72802734375
i1,2023-04-28 17:01:26.195,1617.72802734375
i1,2023-04-28 17:01:26.302,1522.571533203125
i1,2023-04-28 17:01:26.402,1522.571533203125
i1,2023-04-28 17:01:26.503,1438.962890625
i1,2023-04-28 17:01:26.608,1438.962890625
i1,2023-04-28 17:01:26.709,1340.7930908203125
i1,2023-04-28 17:01:26.810,1340.7930908203125
i1,2023-04-28 17:01:26.911,1253.57373046875
i1,2023-04-28 17:01:27.017,1253.57373046875
i1,2023-04-28 17:01:27.114,1150.28955078125
i1,2023-04-28 17:01:27.218,1150.28955078125
i1,2023-04-28 17:01:27.319,1007.539794921875
i1,2023-04-28 17:01:27.423,1007.539794921875
i1,2023-04-28 17:01:27.526,984.5087280273438
i1,2023-04-28 17:01:27.623,984.5087280273438
i1,2023-04-28 17:01:27.728,997.6822509765625
i1,2023-04-28 17:01:27.828,997.6822509765625
i1,2023-04-28 17:01:27.935,980.3499145507812
i1,2023-04-28 17:01:28.035,980.3499145507812
i1,2023-04-28 17:01:28.148,991.8256225585938
i1,2023-04-28 17:01:28.238,991.8256225585938
i1,2023-04-28 17:01:28.344,975.285400390625
i1,2023-04-28 17:01:28.442,975.285400390625
i1,2023-04-28 17:01:28.539,996.2174682617188
i1,2023-04-28 17:01:28.645,996.2174682617188
i1,2023-04-28 17:01:28.748,980.3192138671875
i1,2023-04-28 17:01:28.846,980.3192138671875
i1,2023-04-28 17:01:28.952,999.2550659179688
i1,2023-04-28 17:01:29.056,978.1342163085938
i1,2023-04-28 17:01:29.154,978.1342163085938
i1,2023-04-28 17:01:29.255,978.1342163085938
i1,2023-04-28 17:01:29.359,994.8851318359375
i1,2023-04-28 17:01:29.468,977.18505859375
i1,2023-04-28 17:01:29.594,977.18505859375
i1,2023-04-28 17:01:29.670,992.6087036132812
i1,2023-04-28 17:01:29.767,992.6087036132812
i1,2023-04-28 17:01:29.873,980.3187866210938
i1,2023-04-28 17:01:29.971,980.3187866210938
i1,2023-04-28 17:01:30.082,995.5565185546875
i1,2023-04-28 17:01:30.178,995.5565185546875
i1,2023-04-28 17:01:30.280,978.133544921875
i1,2023-04-28 17:01:30.380,978.133544921875
i1,2023-04-28 17:01:30.482,985.9689331054688
i1,2023-04-28 17:01:30.583,985.9689331054688
i1,2023-04-28 17:01:30.692,979.3809204101562
i1,2023-04-28 17:01:30.784,979.3809204101562
i1,2023-04-28 17:01:30.885,983.2415771484375
i1,2023-04-28 17:01:30.987,983.2415771484375
i1,2023-04-28 17:01:31.089,975.719970703125
i1,2023-04-28 17:01:31.194,975.719970703125
i1,2023-04-28 17:01:31.287,983.9652099609375
i1,2023-04-28 17:01:31.391,983.9652099609375
i1,2023-04-28 17:01:31.497,988.8685302734375
i1,2023-04-28 17:01:31.600,988.8685302734375
i1,2023-04-28 17:01:31.704,989.5958251953125
i1,2023-04-28 17:01:31.807,989.5958251953125
i1,2023-04-28 17:01:31.909,990.32275390625
i1,2023-04-28 17:01:32.008,990.32275390625
i1,2023-04-28 17:01:32.112,986.6871948242188
i1,2023-04-28 17:01:32.211,986.6871948242188
i1,2023-04-28 17:01:32.314,996.8676147460938
i1,2023-04-28 17:01:32.427,996.8676147460938
i1,2023-04-28 17:01:32.522,996.8676147460938
i1,2023-04-28 17:01:32.626,948.96533203125
i1,2023-04-28 17:01:32.724,904.8673095703125
i1,2023-04-28 17:01:32.828,904.8673095703125
i1,2023-04-28 17:01:32.928,801.2745971679688
i1,2023-04-28 17:01:33.031,801.2745971679688
i1,2023-04-28 17:01:33.129,700.3510131835938
i1,2023-04-28 17:01:33.236,700.3510131835938
i1,2023-04-28 17:01:33.333,580.9603881835938
i1,2023-04-28 17:01:33.438,580.9603881835938
i1,2023-04-28 17:01:33.545,476.70947265625
i1,2023-04-28 17:01:33.646,476.70947265625
i1,2023-04-28 17:01:33.741,363.7899475097656
i1,2023-04-28 17:01:33.847,363.7899475097656
i1,2023-04-28 17:01:33.946,255.45774841308594
i1,2023-04-28 17:01:34.052,255.45774841308594
i1,2023-04-28 17:01:34.156,140.53753662109375
i1,2023-04-28 17:01:34.257,140.53753662109375
i1,2023-04-28 17:01:34.357,83.1888198852539
i1,2023-04-28 17:01:34.458,83.1888198852539
i1,2023-04-28 17:01:34.563,83.1888198852539
i1,2023-04-28 17:01:34.669,215.1151885986328
i1,2023-04-28 17:01:34.765,259.28125
i1,2023-04-28 17:01:34.865,259.28125
i1,2023-04-28 17:01:34.970,343.03826904296875
i1,2023-04-28 17:01:35.070,343.03826904296875
i1,2023-04-28 17:01:35.173,439.90478515625
i1,2023-04-28 17:01:35.280,528.75927734375
i1,2023-04-28 17:01:35.377,528.75927734375
i1,2023-04-28 17:01:35.479,528.75927734375
i1,2023-04-28 17:01:35.616,635.8162231445312
i1,2023-04-28 17:01:35.688,716.6658325195312
i1,2023-04-28 17:01:35.785,716.6658325195312
i1,2023-04-28 17:01:35.890,804.7920532226562
i1,2023-04-28 17:01:35.987,804.7920532226562
i1,2023-04-28 17:01:36.096,839.7514038085938
i1,2023-04-28 17:01:36.195,839.7514038085938
i1,2023-04-28 17:01:36.293,839.2256469726562
i1,2023-04-28 17:01:36.396,839.2256469726562
i1,2023-04-28 17:01:36.503,841.0365600585938
i1,2023-04-28 17:01:36.613,841.0365600585938
i1,2023-04-28 17:01:36.709,839.5735473632812
i1,2023-04-28 17:01:36.811,839.5735473632812
i1,2023-04-28 17:01:36.909,841.7689208984375
i1,2023-04-28 17:01:37.016,841.7689208984375
i1,2023-04-28 17:01:37.117,844.6971435546875
i1,2023-04-28 17:01:37.219,844.6971435546875
i1,2023-04-28 17:01:37.318,843.3928833007812
i1,2023-04-28 17:01:37.418,843.3928833007812
i1,2023-04-28 17:01:37.522,843.3928833007812
i1,2023-04-28 17:01:37.623,866.5066528320312
i1,2023-04-28 17:01:37.725,904.525146484375
i1,2023-04-28 17:01:37.827,904.525146484375
i1,2023-04-28 17:01:37.935,1047.038330078125
i1,2023-04-28 17:01:38.035,1047.038330078125
i1,2023-04-28 17:01:38.137,1187.3719482421875
i1,2023-04-28 17:01:38.234,1187.3719482421875
i1,2023-04-28 17:01:38.340,1355.3345947265625
i1,2023-04-28 17:01:38.439,1355.3345947265625
i1,2023-04-28 17:01:38.534,1520.388916015625
i1,2023-04-28 17:01:38.646,1520.388916015625
i1,2023-04-28 17:01:38.744,1718.1632080078125
i1,2023-04-28 17:01:38.849,1718.1632080078125
i1,2023-04-28 17:01:38.949,1730.52490234375
i1,2023-04-28 17:01:39.055,1730.52490234375
i1,2023-04-28 17:01:39.152,1742.886962890625
i1,2023-04-28 17:01:39.257,1742.886962890625
i1,2023-04-28 17:01:39.355,1797.0028076171875
i1,2023-04-28 17:01:39.460,1797.0028076171875
i1,2023-04-28 17:01:39.559,1797.0028076171875
i1,2023-04-28 17:01:39.662,1659.2384033203125
i1,2023-04-28 17:01:39.763,1583.2626953125
i1,2023-04-28 17:01:39.866,1583.2626953125
i1,2023-04-28 17:01:39.970,1456.6304931640625
i1,2023-04-28 17:01:40.072,1456.6304931640625
i1,2023-04-28 17:01:40.186,1294.863037109375
i1,2023-04-28 17:01:40.273,1294.863037109375
i1,2023-04-28 17:01:40.378,1147.003662109375
i1,2023-04-28 17:01:40.477,1147.003662109375
i1,2023-04-28 17:01:40.580,952.2991333007812
i1,2023-04-28 17:01:40.685,952.2991333007812
i1,2023-04-28 17:01:40.785,959.1980590820312
i1,2023-04-28 17:01:40.888,959.1980590820312
i1,2023-04-28 17:01:40.991,949.7301025390625
i1,2023-04-28 17:01:41.093,967.2094116210938
i1,2023-04-28 17:01:41.193,967.2094116210938
i1,2023-04-28 17:01:41.298,967.2094116210938
i1,2023-04-28 17:01:41.389,959.4085083007812
i1,2023-04-28 17:01:41.492,959.4085083007812
i1,2023-04-28 17:01:41.632,972.7938232421875
i1,2023-04-28 17:01:41.709,834.6555786132812
i1,2023-04-28 17:01:41.801,834.6555786132812
i1,2023-04-28 17:01:41.913,668.5980224609375
i1,2023-04-28 17:01:42.006,668.5980224609375
i1,2023-04-28 17:01:42.118,515.6505126953125
i1,2023-04-28 17:01:42.213,515.6505126953125
i1,2023-04-28 17:01:42.316,360.5178527832031
i1,2023-04-28 17:01:42.418,360.5178527832031
i1,2023-04-28 17:01:42.517,216.6634521484375
i1,2023-04-28 17:01:42.625,216.6634521484375
i1,2023-04-28 17:01:42.722,123.70248413085938
i1,2023-04-28 17:01:42.823,123.70248413085938
i1,2023-04-28 17:01:42.923,84.90766906738281
i1,2023-04-28 17:01:43.030,84.90766906738281
i1,2023-04-28 17:01:43.132,75.39202117919922
i1,2023-04-28 17:01:43.234,75.39202117919922
i1,2023-04-28 17:01:43.346,47.576908111572266
i1,2023-04-28 17:01:43.434,47.576908111572266
i1,2023-04-28 17:01:43.540,168.68844604492188
i1,2023-04-28 17:01:43.640,168.68844604492188
i1,2023-04-28 17:01:43.742,315.5995788574219
i1,2023-04-28 17:01:43.840,315.5995788574219
i1,2023-04-28 17:01:43.944,452.9894104003906
i1,2023-04-28 17:01:44.045,452.9894104003906
i1,2023-04-28 17:01:44.148,602.7744140625
i1,2023-04-28 17:01:44.248,602.7744140625
i1,2023-04-28 17:01:44.353,875.4411010742188
i1,2023-04-28 17:01:44.464,875.4411010742188
i1,2023-04-28 17:01:44.555,875.4411010742188
i1,2023-04-28 17:01:44.657,881.6251220703125
i1,2023-04-28 17:01:44.762,698.0253295898438
i1,2023-04-28 17:01:44.862,698.0253295898438
i1,2023-04-28 17:01:44.963,357.0103759765625
i1,2023-04-28 17:01:45.068,357.0103759765625
i1,2023-04-28 17:01:45.168,13.813637733459473
i1,2023-04-28 17:01:45.271,13.813637733459473
i1,2023-04-28 17:01:45.372,599.1390380859375
i1,2023-04-28 17:01:45.477,599.1390380859375
i1,2023-04-28 17:01:45.586,1113.2073974609375
i1,2023-04-28 17:01:45.685,1113.2073974609375
i1,2023-04-28 17:01:45.780,1378.30908203125
i1,2023-04-28 17:01:45.877,1378.30908203125
i1,2023-04-28 17:01:45.978,1383.4326171875
i1,2023-04-28 17:01:46.077,1383.4326171875
i1,2023-04-28 17:01:46.190,980.8460083007812
i1,2023-04-28 17:01:46.293,980.8460083007812
i1,2023-04-28 17:01:46.393,986.6207275390625
i1,2023-04-28 17:01:46.488,986.6207275390625
i1,2023-04-28 17:01:46.592,1153.59228515625
i1,2023-04-28 17:01:46.696,1153.59228515625
i1,2023-04-28 17:01:46.803,1513.60107421875
i1,2023-04-28 17:01:46.899,1513.60107421875
i1,2023-04-28 17:01:47.004,1847.0225830078125
i1,2023-04-28 17:01:47.105,1847.0225830078125
i1,2023-04-28 17:01:47.205,1265.09375
i1,2023-04-28 17:01:47.307,1265.09375
i1,2023-04-28 17:01:47.412,755.2681884765625
i1,2023-04-28 17:01:47.516,755.2681884765625
i1,2023-04-28 17:01:47.654,518.7288208007812
i1,2023-04-28 17:01:47.722,518.7288208007812
i1,2023-04-28 17:01:47.821,492.3441467285156
i1,2023-04-28 17:01:47.928,735.6033325195312
i1,2023-04-28 17:01:48.022,735.6033325195312
i1,2023-04-28 17:01:48.128,819.3605346679688
i1,2023-04-28 17:01:48.226,819.3605346679688
i1,2023-04-28 17:01:48.329,840.4815063476562
i1,2023-04-28 17:01:48.429,840.4815063476562
i1,2023-04-28 17:01:48.531,840.4815063476562
i1,2023-04-28 17:01:48.639,840.5596313476562
i1,2023-04-28 17:01:48.736,841.770263671875
i1,2023-04-28 17:01:48.840,841.770263671875
i1,2023-04-28 17:01:48.941,843.2333984375
i1,2023-04-28 17:01:49.042,843.2333984375
i1,2023-04-28 17:01:49.142,843.965576171875
i1,2023-04-28 17:01:49.244,843.965576171875
i1,2023-04-28 17:01:49.346,845.7379760742188
i1,2023-04-28 17:01:49.447,845.7379760742188
i1,2023-04-28 17:01:49.551,846.7493896484375
i1,2023-04-28 17:01:49.654,846.7493896484375
i1,2023-04-28 17:01:49.752,671.849609375
i1,2023-04-28 17:01:49.854,671.849609375
i1,2023-04-28 17:01:49.958,423.7419738769531
i1,2023-04-28 17:01:50.058,423.7419738769531
i1,2023-04-28 17:01:50.159,-53.08063888549805
i1,2023-04-28 17:01:50.265,-53.08063888549805
i1,2023-04-28 17:01:50.366,-610.4659423828125
i1,2023-04-28 17:01:50.468,-610.4659423828125
i1,2023-04-28 17:01:50.573,-1106.665283203125
i1,2023-04-28 17:01:50.673,-1106.665283203125
i1,2023-04-28 17:01:50.773,-1915.9427490234375
i1,2023-04-28 17:01:50.875,-1915.9427490234375
i1,2023-04-28 17:01:50.980,-2464.910400390625
i1,2023-04-28 17:01:51.078,-2464.910400390625
i1,2023-04-28 17:01:51.180,-2575.43603515625
i1,2023-04-28 17:01:51.283,-2575.43603515625
i1,2023-04-28 17:01:51.378,-2613.24462890625
i1,2023-04-28 17:01:51.480,-2613.24462890625
i1,2023-04-28 17:01:51.585,-2613.24462890625
i1,2023-04-28 17:01:51.686,-2335.657958984375
i1,2023-04-28 17:01:51.791,-2301.478515625
i1,2023-04-28 17:01:51.894,-2301.478515625
i1,2023-04-28 17:01:51.995,-1909.7265625
i1,2023-04-28 17:01:52.098,-1909.7265625
i1,2023-04-28 17:01:52.205,-1460.7635498046875
i1,2023-04-28 17:01:52.300,-1460.7635498046875
i1,2023-04-28 17:01:52.401,-930.34423828125
i1,2023-04-28 17:01:52.505,-930.34423828125
i1,2023-04-28 17:01:52.605,-930.34423828125
i1,2023-04-28 17:01:52.707,-163.80296325683594
i1,2023-04-28 17:01:52.812,298.6105041503906
i1,2023-04-28 17:01:52.911,298.6105041503906
i1,2023-04-28 17:01:53.018,313.9197692871094
i1,2023-04-28 17:01:53.115,313.9197692871094
i1,2023-04-28 17:01:53.220,300.79559326171875
i1,2023-04-28 17:01:53.328,340.88629150390625
i1,2023-04-28 17:01:53.426,340.88629150390625
i1,2023-04-28 17:01:53.526,340.88629150390625
i1,2023-04-28 17:01:53.628,344.0276184082031
i1,2023-04-28 17:01:53.737,350.3217468261719
i1,2023-04-28 17:01:53.834,350.3217468261719
i1,2023-04-28 17:01:53.936,350.3217468261719
i1,2023-04-28 17:01:54.033,324.830322265625
i1,2023-04-28 17:01:54.157,286.9575500488281
i1,2023-04-28 17:01:54.241,286.9575500488281
i1,2023-04-28 17:01:54.346,283.77911376953125
i1,2023-04-28 17:01:54.449,283.77911376953125
i1,2023-04-28 17:01:54.552,276.6857604980469
i1,2023-04-28 17:01:54.661,276.6857604980469
i1,2023-04-28 17:01:54.759,293.7427673339844
i1,2023-04-28 17:01:54.852,293.7427673339844
i1,2023-04-28 17:01:54.953,270.83001708984375
i1,2023-04-28 17:01:55.060,270.83001708984375
i1,2023-04-28 17:01:55.159,222.11550903320312
i1,2023-04-28 17:01:55.258,222.11550903320312
i1,2023-04-28 17:01:55.366,202.7562255859375
i1,2023-04-28 17:01:55.463,202.7562255859375
i1,2023-04-28 17:01:55.568,202.7562255859375
i1,2023-04-28 17:01:55.670,183.47096252441406
i1,2023-04-28 17:01:55.768,164.0525360107422
i1,2023-04-28 17:01:55.873,164.0525360107422
i1,2023-04-28 17:01:55.971,173.05157470703125
i1,2023-04-28 17:01:56.073,173.05157470703125
i1,2023-04-28 17:01:56.168,171.40904235839844
i1,2023-04-28 17:01:56.277,171.40904235839844
i1,2023-04-28 17:01:56.379,169.4158172607422
i1,2023-04-28 17:01:56.492,169.4158172607422
i1,2023-04-28 17:01:56.585,169.937744140625
i1,2023-04-28 17:01:56.690,169.937744140625
i1,2023-04-28 17:01:56.792,172.3242645263672
i1,2023-04-28 17:01:56.896,172.3242645263672
i1,2023-04-28 17:01:56.996,174.35166931152344
i1,2023-04-28 17:01:57.097,174.35166931152344
i1,2023-04-28 17:01:57.200,173.7786865234375
i1,2023-04-28 17:01:57.305,173.7786865234375
i1,2023-04-28 17:01:57.402,174.46987915039062
i1,2023-04-28 17:01:57.507,174.46987915039062
i1,2023-04-28 17:01:57.616,173.05149841308594
i1,2023-04-28 17:01:57.710,173.05149841308594
i1,2023-04-28 17:01:57.808,174.20904541015625
i1,2023-04-28 17:01:57.913,174.20904541015625
i1,2023-04-28 17:01:58.014,175.08734130859375
i1,2023-04-28 17:01:58.115,175.08734130859375
i1,2023-04-28 17:01:58.217,173.47689819335938
i1,2023-04-28 17:01:58.321,173.47689819335938
i1,2023-04-28 17:01:58.430,170.74636840820312
i1,2023-04-28 17:01:58.525,170.74636840820312
i1,2023-04-28 17:01:58.625,168.3532257080078
i1,2023-04-28 17:01:58.729,168.3532257080078
i1,2023-04-28 17:01:58.831,166.0562286376953
i1,2023-04-28 17:01:58.932,166.0562286376953
i1,2023-04-28 17:01:59.039,163.87118530273438
i1,2023-04-28 17:01:59.140,161.38088989257812
i1,2023-04-28 17:01:59.240,161.38088989257812
i1,2023-04-28 17:01:59.341,161.38088989257812
i1,2023-04-28 17:01:59.443,161.68621826171875
i1,2023-04-28 17:01:59.548,161.03334045410156
i1,2023-04-28 17:01:59.681,161.03334045410156
i1,2023-04-28 17:01:59.751,161.03334045410156
i1,2023-04-28 17:01:59.851,162.414306640625
i1,2023-04-28 17:01:59.960,163.8710174560547
i1,2023-04-28 17:02:00.055,163.8710174560547
i1,2023-04-28 17:02:00.162,164.5994415283203
i1,2023-04-28 17:02:00.260,164.5994415283203
i1,2023-04-28 17:02:00.367,163.87107849121094
i1,2023-04-28 17:02:00.468,163.87107849121094
i1,2023-04-28 17:02:00.568,163.87107849121094
i1,2023-04-28 17:02:00.669,163.87107849121094
i1,2023-04-28 17:02:00.783,167.6211700439453
i1,2023-04-28 17:02:00.863,167.6211700439453
i1,2023-04-28 17:02:00.970,167.85203552246094
i1,2023-04-28 17:02:01.073,167.85203552246094
i1,2023-04-28 17:02:01.176,168.3528594970703
i1,2023-04-28 17:02:01.279,168.3528594970703
i1,2023-04-28 17:02:01.380,169.2991943359375
i1,2023-04-28 17:02:01.482,169.2991943359375
i1,2023-04-28 17:02:01.586,168.46615600585938
i1,2023-04-28 17:02:01.682,168.46615600585938
i1,2023-04-28 17:02:01.780,170.14280700683594
i1,2023-04-28 17:02:01.894,170.14280700683594
i1,2023-04-28 17:02:01.986,172.14451599121094
i1,2023-04-28 17:02:02.092,172.14451599121094
i1,2023-04-28 17:02:02.192,173.778076171875
i1,2023-04-28 17:02:02.293,173.778076171875
i1,2023-04-28 17:02:02.400,226.37872314453125
i1,2023-04-28 17:02:02.497,226.37872314453125
i1,2023-04-28 17:02:02.599,226.37872314453125
i1,2023-04-28 17:02:02.711,636.8698120117188
i1,2023-04-28 17:02:02.803,833.5087280273438
i1,2023-04-28 17:02:02.905,833.5087280273438
i1,2023-04-28 17:02:03.007,1524.7515869140625
i1,2023-04-28 17:02:03.115,1524.7515869140625
i1,2023-04-28 17:02:03.214,2285.712158203125
i1,2023-04-28 17:02:03.313,2285.712158203125
i1,2023-04-28 17:02:03.420,2946.252197265625
i1,2023-04-28 17:02:03.521,2946.252197265625
i1,2023-04-28 17:02:03.621,3554.7353515625
i1,2023-04-28 17:02:03.723,3554.7353515625
i1,2023-04-28 17:02:03.822,4123.9814453125
i1,2023-04-28 17:02:03.926,4123.9814453125
i1,2023-04-28 17:02:04.024,4708.05908203125
i1,2023-04-28 17:02:04.132,4708.05908203125
i1,2023-04-28 17:02:04.229,5228.7734375
i1,2023-04-28 17:02:04.334,5228.7734375
i1,2023-04-28 17:02:04.432,5797.439453125
i1,2023-04-28 17:02:04.542,5797.439453125
i1,2023-04-28 17:02:04.639,5797.439453125
i1,2023-04-28 17:02:04.740,5782.271484375
i1,2023-04-28 17:02:04.841,5718.044921875
i1,2023-04-28 17:02:04.945,5718.044921875
i1,2023-04-28 17:02:05.047,5530.873046875
i1,2023-04-28 17:02:05.149,5530.873046875
i1,2023-04-28 17:02:05.251,5452.21142578125
i1,2023-04-28 17:02:05.348,5452.21142578125
i1,2023-04-28 17:02:05.454,5423.810546875
i1,2023-04-28 17:02:05.554,5423.810546875
i1,2023-04-28 17:02:05.694,5417.83203125
i1,2023-04-28 17:02:05.763,5417.83203125
i1,2023-04-28 17:02:05.867,5418.70849609375
i1,2023-04-28 17:02:05.969,5173.8037109375
i1,2023-04-28 17:02:06.074,5173.8037109375
i1,2023-04-28 17:02:06.176,4725.34716796875
i1,2023-04-28 17:02:06.269,4725.34716796875
i1,2023-04-28 17:02:06.372,4725.34716796875
i1,2023-04-28 17:02:06.473,3796.4345703125
i1,2023-04-28 17:02:06.579,3135.783935546875
i1,2023-04-28 17:02:06.688,3135.783935546875
i1,2023-04-28 17:02:06.785,2323.1806640625
i1,2023-04-28 17:02:06.880,2323.1806640625
i1,2023-04-28 17:02:06.987,1517.38525390625
i1,2023-04-28 17:02:07.085,1517.38525390625
i1,2023-04-28 17:02:07.191,707.5879516601562
i1,2023-04-28 17:02:07.292,707.5879516601562
i1,2023-04-28 17:02:07.390,-506.507568359375
i1,2023-04-28 17:02:07.492,-506.507568359375
i1,2023-04-28 17:02:07.594,-506.507568359375
i1,2023-04-28 17:02:07.701,-1043.7982177734375
i1,2023-04-28 17:02:07.799,-1553.1121826171875
i1,2023-04-28 17:02:07.907,-1553.1121826171875
i1,2023-04-28 17:02:08.007,-2041.7314453125
i1,2023-04-28 17:02:08.108,-2041.7314453125
i1,2023-04-28 17:02:08.207,-2155.50341796875
i1,2023-04-28 17:02:08.311,-2155.50341796875
i1,2023-04-28 17:02:08.418,-2270.7724609375
i1,2023-04-28 17:02:08.514,-2270.7724609375
i1,2023-04-28 17:02:08.615,-2405.631591796875
i1,2023-04-28 17:02:08.720,-2405.631591796875
i1,2023-04-28 17:02:08.818,-2579.068115234375
i1,2023-04-28 17:02:08.920,-2579.068115234375
i1,2023-04-28 17:02:09.025,-2810.98193359375
i1,2023-04-28 17:02:09.125,-2810.98193359375
i1,2023-04-28 17:02:09.230,-2745.57666015625
i1,2023-04-28 17:02:09.331,-2745.57666015625
i1,2023-04-28 17:02:09.431,-2444.9912109375
i1,2023-04-28 17:02:09.537,-2444.9912109375
i1,2023-04-28 17:02:09.634,-2080.99951171875
i1,2023-04-28 17:02:09.737,-2080.99951171875
i1,2023-04-28 17:02:09.840,-1714.2923583984375
i1,2023-04-28 17:02:09.940,-1714.2923583984375
i1,2023-04-28 17:02:10.041,-1337.7681884765625
i1,2023-04-28 17:02:10.146,-1337.7681884765625
i1,2023-04-28 17:02:10.245,-947.1793212890625
i1,2023-04-28 17:02:10.351,-947.1793212890625
i1,2023-04-28 17:02:10.453,-529.6090087890625
i1,2023-04-28 17:02:10.555,-529.6090087890625
i1,2023-04-28 17:02:10.658,-41.724098205566406
i1,2023-04-28 17:02:10.761,-41.724098205566406
i1,2023-04-28 17:02:10.858,485.7894592285156
i1,2023-04-28 17:02:10.962,485.7894592285156
i1,2023-04-28 17:02:11.063,801.88134765625
i1,2023-04-28 17:02:11.160,801.88134765625
i1,2023-04-28 17:02:11.266,823.7310180664062
i1,2023-04-28 17:02:11.364,823.7310180664062
i1,2023-04-28 17:02:11.472,847.0376586914062
i1,2023-04-28 17:02:11.572,847.0376586914062
i1,2023-04-28 17:02:11.673,843.9668579101562
i1,2023-04-28 17:02:11.768,843.9668579101562
i1,2023-04-28 17:02:11.867,507.9897766113281
i1,2023-04-28 17:02:11.979,507.9897766113281
i1,2023-04-28 17:02:12.082,365.25439453125
i1,2023-04-28 17:02:12.184,365.25439453125
i1,2023-04-28 17:02:12.285,406.2453918457031
i1,2023-04-28 17:02:12.389,356.4709777832031
i1,2023-04-28 17:02:12.487,356.4709777832031
i1,2023-04-28 17:02:12.598,331.5621337890625
i1,2023-04-28 17:02:12.689,331.5621337890625
i1,2023-04-28 17:02:12.800,263.367431640625
i1,2023-04-28 17:02:12.899,263.367431640625
i1,2023-04-28 17:02:13.003,247.21682739257812
i1,2023-04-28 17:02:13.102,247.21682739257812
i1,2023-04-28 17:02:13.205,194.21478271484375
i1,2023-04-28 17:02:13.309,194.21478271484375
i1,2023-04-28 17:02:13.410,4.361186981201172
i1,2023-04-28 17:02:13.510,4.361186981201172
i1,2023-04-28 17:02:13.608,4.361186981201172
i1,2023-04-28 17:02:13.716,325.71319580078125
i1,2023-04-28 17:02:13.815,556.2403564453125
i1,2023-04-28 17:02:13.913,556.2403564453125
i1,2023-04-28 17:02:14.016,967.0586547851562
i1,2023-04-28 17:02:14.121,967.0586547851562
i1,2023-04-28 17:02:14.220,1617.0982666015625
i1,2023-04-28 17:02:14.324,1617.0982666015625
i1,2023-04-28 17:02:14.426,2314.3994140625
i1,2023-04-28 17:02:14.526,2314.3994140625
i1,2023-04-28 17:02:14.633,2736.126953125
i1,2023-04-28 17:02:14.735,2736.126953125
i1,2023-04-28 17:02:14.834,2837.922607421875
i1,2023-04-28 17:02:14.934,2837.922607421875
i1,2023-04-28 17:02:15.040,3183.30078125
i1,2023-04-28 17:02:15.142,3183.30078125
i1,2023-04-28 17:02:15.241,4047.837890625
i1,2023-04-28 17:02:15.342,4047.837890625
i1,2023-04-28 17:02:15.448,4989.24951171875
i1,2023-04-28 17:02:15.551,4989.24951171875
i1,2023-04-28 17:02:15.659,4989.24951171875
i1,2023-04-28 17:02:15.754,5338.84130859375
i1,2023-04-28 17:02:15.849,5475.18505859375
i1,2023-04-28 17:02:15.944,5475.18505859375
i1,2023-04-28 17:02:16.046,5477.384765625
i1,2023-04-28 17:02:16.152,5477.384765625
i1,2023-04-28 17:02:16.258,5481.77197265625
i1,2023-04-28 17:02:16.364,5481.77197265625
i1,2023-04-28 17:02:16.470,5590.83740234375
i1,2023-04-28 17:02:16.566,5590.83740234375
i1,2023-04-28 17:02:16.664,5567.4072265625
i1,2023-04-28 17:02:16.769,5567.4072265625
i1,2023-04-28 17:02:16.868,5297.083984375
i1,2023-04-28 17:02:16.972,5297.083984375
i1,2023-04-28 17:02:17.076,4470.439453125
i1,2023-04-28 17:02:17.174,4470.439453125
i1,2023-04-28 17:02:17.276,3444.9619140625
i1,2023-04-28 17:02:17.380,3444.9619140625
i1,2023-04-28 17:02:17.481,1995.016845703125
i1,2023-04-28 17:02:17.592,1995.016845703125
i1,2023-04-28 17:02:17.686,1204.1007080078125
i1,2023-04-28 17:02:17.788,1204.1007080078125
i1,2023-04-28 17:02:17.890,104.87712097167969
i1,2023-04-28 17:02:17.989,104.87712097167969
i1,2023-04-28 17:02:18.095,-1114.3370361328125
i1,2023-04-28 17:02:18.193,-1114.3370361328125
i1,2023-04-28 17:02:18.298,-2124.520263671875
i1,2023-04-28 17:02:18.397,-2124.520263671875
i1,2023-04-28 17:02:18.500,-2436.976806640625
i1,2023-04-28 17:02:18.612,-2397.2294921875
i1,2023-04-28 17:02:18.699,-2397.2294921875
i1,2023-04-28 17:02:18.812,-2067.10693359375
i1,2023-04-28 17:02:18.911,-2067.10693359375
i1,2023-04-28 17:02:19.017,-1110.412109375
i1,2023-04-28 17:02:19.113,-1110.412109375
i1,2023-04-28 17:02:19.223,49.04095458984375
i1,2023-04-28 17:02:19.320,49.04095458984375
i1,2023-04-28 17:02:19.418,1103.82080078125
i1,2023-04-28 17:02:19.521,1103.82080078125
i1,2023-04-28 17:02:19.628,2262.249755859375
i1,2023-04-28 17:02:19.740,2262.249755859375
i1,2023-04-28 17:02:19.829,3439.52587890625
i1,2023-04-28 17:02:19.931,3439.52587890625
i1,2023-04-28 17:02:20.035,4589.9052734375
i1,2023-04-28 17:02:20.140,4589.9052734375
i1,2023-04-28 17:02:20.237,5493.8291015625
i1,2023-04-28 17:02:20.337,5493.8291015625
i1,2023-04-28 17:02:20.438,5477.2216796875
i1,2023-04-28 17:02:20.541,5477.2216796875
i1,2023-04-28 17:02:20.641,5477.2216796875
i1,2023-04-28 17:02:20.751,5164.0771484375
i1,2023-04-28 17:02:20.845,4922.02099609375
i1,2023-04-28 17:02:20.950,4922.02099609375
i1,2023-04-28 17:02:21.051,4013.630615234375
i1,2023-04-28 17:02:21.152,4013.630615234375
i1,2023-04-28 17:02:21.260,2991.87255859375
i1,2023-04-28 17:02:21.360,2991.87255859375
i1,2023-04-28 17:02:21.469,1827.2359619140625
i1,2023-04-28 17:02:21.565,1827.2359619140625
i1,2023-04-28 17:02:21.665,775.1021118164062
i1,2023-04-28 17:02:21.768,775.1021118164062
i1,2023-04-28 17:02:21.868,-381.3618469238281
i1,2023-04-28 17:02:21.958,-381.3618469238281
i1,2023-04-28 17:02:22.074,-1513.5826416015625
i1,2023-04-28 17:02:22.175,-1513.5826416015625
i1,2023-04-28 17:02:22.272,-2223.019775390625
i1,2023-04-28 17:02:22.373,-2223.019775390625
i1,2023-04-28 17:02:22.479,-3158.915771484375
i1,2023-04-28 17:02:22.592,-3158.915771484375
i1,2023-04-28 17:02:22.683,-3571.32373046875
i1,2023-04-28 17:02:22.783,-3571.32373046875
i1,2023-04-28 17:02:22.883,-3840.76318359375
i1,2023-04-28 17:02:22.989,-3840.76318359375
i1,2023-04-28 17:02:23.087,-3592.826416015625
i1,2023-04-28 17:02:23.191,-3592.826416015625
i1,2023-04-28 17:02:23.298,-3199.653564453125
i1,2023-04-28 17:02:23.394,-3199.653564453125
i1,2023-04-28 17:02:23.497,-2731.947265625
i1,2023-04-28 17:02:23.602,-2731.947265625
i1,2023-04-28 17:02:23.710,-2731.947265625
i1,2023-04-28 17:02:23.806,-2152.536865234375
i1,2023-04-28 17:02:23.909,-1844.119140625
i1,2023-04-28 17:02:24.009,-1844.119140625
i1,2023-04-28 17:02:24.113,-1395.4713134765625
i1,2023-04-28 17:02:24.210,-1395.4713134765625
i1,2023-04-28 17:02:24.312,-869.6209716796875
i1,2023-04-28 17:02:24.425,-329.20404052734375
i1,2023-04-28 17:02:24.517,-329.20404052734375
i1,2023-04-28 17:02:24.618,-329.20404052734375
i1,2023-04-28 17:02:24.732,-329.20404052734375
i1,2023-04-28 17:02:24.831,233.36956787109375
i1,2023-04-28 17:02:24.927,233.36956787109375
i1,2023-04-28 17:02:25.025,233.36956787109375
