id,timestamp,MaxxTurn45_Coolant_Power_Active_Sum
i1,2023-04-28 15:00:12.763,881.6634521484375
i1,2023-04-28 15:00:12.861,876.5462646484375
i1,2023-04-28 15:00:12.965,876.5462646484375
i1,2023-04-28 15:00:13.068,870.3389892578125
i1,2023-04-28 15:00:13.168,870.3389892578125
i1,2023-04-28 15:00:13.270,870.3389892578125
i1,2023-04-28 15:00:13.374,827.3402099609375
i1,2023-04-28 15:00:13.477,852.0648193359375
i1,2023-04-28 15:00:13.575,852.0648193359375
i1,2023-04-28 15:00:13.679,797.0342407226562
i1,2023-04-28 15:00:13.780,797.0342407226562
i1,2023-04-28 15:00:13.881,672.6395263671875
i1,2023-04-28 15:00:13.984,672.6395263671875
i1,2023-04-28 15:00:14.086,466.48162841796875
i1,2023-04-28 15:00:14.190,466.48162841796875
i1,2023-04-28 15:00:14.291,396.8970947265625
i1,2023-04-28 15:00:14.392,396.8970947265625
i1,2023-04-28 15:00:14.494,319.7728271484375
i1,2023-04-28 15:00:14.598,319.7728271484375
i1,2023-04-28 15:00:14.698,319.0386962890625
i1,2023-04-28 15:00:14.809,319.0386962890625
i1,2023-04-28 15:00:14.901,319.0386962890625
i1,2023-04-28 15:00:15.003,318.9723815917969
i1,2023-04-28 15:00:15.105,318.4024658203125
i1,2023-04-28 15:00:15.208,318.4024658203125
i1,2023-04-28 15:00:15.309,318.4024658203125
i1,2023-04-28 15:00:15.414,318.80596923828125
i1,2023-04-28 15:00:15.520,318.7425231933594
i1,2023-04-28 15:00:15.619,318.7425231933594
i1,2023-04-28 15:00:15.721,318.37591552734375
i1,2023-04-28 15:00:15.817,318.37591552734375
i1,2023-04-28 15:00:15.920,318.0106201171875
i1,2023-04-28 15:00:16.019,318.0106201171875
i1,2023-04-28 15:00:16.127,318.0137939453125
i1,2023-04-28 15:00:16.233,318.0137939453125
i1,2023-04-28 15:00:16.328,318.0139465332031
i1,2023-04-28 15:00:16.436,318.0139465332031
i1,2023-04-28 15:00:16.532,319.1086730957031
i1,2023-04-28 15:00:16.639,318.80303955078125
i1,2023-04-28 15:00:16.737,318.80303955078125
i1,2023-04-28 15:00:16.849,319.4710693359375
i1,2023-04-28 15:00:16.946,319.4710693359375
i1,2023-04-28 15:00:17.048,319.1241760253906
i1,2023-04-28 15:00:17.145,319.1241760253906
i1,2023-04-28 15:00:17.252,319.1241760253906
i1,2023-04-28 15:00:17.362,318.97265625
i1,2023-04-28 15:00:17.459,319.77227783203125
i1,2023-04-28 15:00:17.555,319.77227783203125
i1,2023-04-28 15:00:17.658,320.1409912109375
i1,2023-04-28 15:00:17.762,320.1409912109375
i1,2023-04-28 15:00:17.860,320.1371154785156
i1,2023-04-28 15:00:17.962,320.1371154785156
i1,2023-04-28 15:00:18.066,320.5063171386719
i1,2023-04-28 15:00:18.168,320.5063171386719
i1,2023-04-28 15:00:18.270,320.1371765136719
i1,2023-04-28 15:00:18.378,320.1371765136719
i1,2023-04-28 15:00:18.473,320.731689453125
i1,2023-04-28 15:00:18.577,320.731689453125
i1,2023-04-28 15:00:18.681,320.73199462890625
i1,2023-04-28 15:00:18.782,320.73199462890625
i1,2023-04-28 15:00:18.887,321.4647216796875
i1,2023-04-28 15:00:18.989,321.4647216796875
i1,2023-04-28 15:00:19.090,322.1664123535156
i1,2023-04-28 15:00:19.189,322.1664123535156
i1,2023-04-28 15:00:19.292,322.3447570800781
i1,2023-04-28 15:00:19.394,322.3447570800781
i1,2023-04-28 15:00:19.494,322.92730712890625
i1,2023-04-28 15:00:19.596,322.92730712890625
i1,2023-04-28 15:00:19.699,323.29437255859375
i1,2023-04-28 15:00:19.802,323.29437255859375
i1,2023-04-28 15:00:19.905,323.29437255859375
i1,2023-04-28 15:00:20.006,323.29437255859375
i1,2023-04-28 15:00:20.114,323.2944641113281
i1,2023-04-28 15:00:20.209,323.2944641113281
i1,2023-04-28 15:00:20.304,323.4498291015625
i1,2023-04-28 15:00:20.406,323.4498291015625
i1,2023-04-28 15:00:20.513,323.4495849609375
i1,2023-04-28 15:00:20.617,323.4495849609375
i1,2023-04-28 15:00:20.721,323.44549560546875
i1,2023-04-28 15:00:20.822,323.44549560546875
i1,2023-04-28 15:00:20.923,323.44549560546875
i1,2023-04-28 15:00:21.024,323.44549560546875
i1,2023-04-28 15:00:21.129,323.4453430175781
i1,2023-04-28 15:00:21.226,323.4453430175781
i1,2023-04-28 15:00:21.328,323.4854736328125
i1,2023-04-28 15:00:21.435,323.4854736328125
i1,2023-04-28 15:00:21.536,323.4854736328125
i1,2023-04-28 15:00:21.633,323.4856872558594
i1,2023-04-28 15:00:21.739,323.4853515625
i1,2023-04-28 15:00:21.837,323.4853515625
i1,2023-04-28 15:00:21.939,323.85186767578125
i1,2023-04-28 15:00:22.045,323.85186767578125
i1,2023-04-28 15:00:22.148,324.21435546875
i1,2023-04-28 15:00:22.246,324.21435546875
i1,2023-04-28 15:00:22.358,324.21435546875
i1,2023-04-28 15:00:22.458,324.94647216796875
i1,2023-04-28 15:00:22.554,324.94647216796875
i1,2023-04-28 15:00:22.653,324.94647216796875
i1,2023-04-28 15:00:22.760,332.60760498046875
i1,2023-04-28 15:00:22.860,446.4310302734375
i1,2023-04-28 15:00:22.961,446.4310302734375
i1,2023-04-28 15:00:23.069,582.5059814453125
i1,2023-04-28 15:00:23.165,582.5059814453125
i1,2023-04-28 15:00:23.268,714.1209716796875
i1,2023-04-28 15:00:23.388,714.1209716796875
i1,2023-04-28 15:00:23.477,852.66748046875
i1,2023-04-28 15:00:23.574,852.66748046875
i1,2023-04-28 15:00:23.676,884.9869384765625
i1,2023-04-28 15:00:23.779,884.9869384765625
i1,2023-04-28 15:00:23.880,884.2530517578125
i1,2023-04-28 15:00:23.982,884.2530517578125
i1,2023-04-28 15:00:24.082,917.772705078125
i1,2023-04-28 15:00:24.185,917.772705078125
i1,2023-04-28 15:00:24.287,882.419189453125
i1,2023-04-28 15:00:24.387,882.419189453125
i1,2023-04-28 15:00:24.489,882.419189453125
i1,2023-04-28 15:00:24.591,871.4326171875
i1,2023-04-28 15:00:24.692,756.323486328125
i1,2023-04-28 15:00:24.795,756.323486328125
i1,2023-04-28 15:00:24.897,619.6558227539062
i1,2023-04-28 15:00:24.999,619.6558227539062
i1,2023-04-28 15:00:25.103,491.3907470703125
i1,2023-04-28 15:00:25.208,491.3907470703125
i1,2023-04-28 15:00:25.308,491.3907470703125
i1,2023-04-28 15:00:25.408,349.17724609375
i1,2023-04-28 15:00:25.508,318.90509033203125
i1,2023-04-28 15:00:25.611,318.90509033203125
i1,2023-04-28 15:00:25.716,318.9090576171875
i1,2023-04-28 15:00:25.814,318.9090576171875
i1,2023-04-28 15:00:25.917,318.9091491699219
i1,2023-04-28 15:00:26.022,318.9091491699219
i1,2023-04-28 15:00:26.124,318.9051208496094
i1,2023-04-28 15:00:26.223,318.9051208496094
i1,2023-04-28 15:00:26.325,318.9051208496094
i1,2023-04-28 15:00:26.427,319.08978271484375
i1,2023-04-28 15:00:26.529,319.4073181152344
i1,2023-04-28 15:00:26.633,319.4073181152344
i1,2023-04-28 15:00:26.734,319.407470703125
i1,2023-04-28 15:00:26.838,319.407470703125
i1,2023-04-28 15:00:26.940,320.14044189453125
i1,2023-04-28 15:00:27.043,320.14044189453125
i1,2023-04-28 15:00:27.146,320.43548583984375
i1,2023-04-28 15:00:27.248,320.43548583984375
i1,2023-04-28 15:00:27.351,319.54388427734375
i1,2023-04-28 15:00:27.450,319.54388427734375
i1,2023-04-28 15:00:27.550,319.4701843261719
i1,2023-04-28 15:00:27.651,319.4701843261719
i1,2023-04-28 15:00:27.754,320.2803955078125
i1,2023-04-28 15:00:27.858,320.2803955078125
i1,2023-04-28 15:00:27.961,320.2022399902344
i1,2023-04-28 15:00:28.060,320.2022399902344
i1,2023-04-28 15:00:28.164,320.2022399902344
i1,2023-04-28 15:00:28.266,320.2210388183594
i1,2023-04-28 15:00:28.369,320.5678405761719
i1,2023-04-28 15:00:28.472,320.5678405761719
i1,2023-04-28 15:00:28.573,320.2020263671875
i1,2023-04-28 15:00:28.677,319.83984375
i1,2023-04-28 15:00:28.781,319.83984375
i1,2023-04-28 15:00:28.877,319.83984375
i1,2023-04-28 15:00:28.978,319.4732971191406
i1,2023-04-28 15:00:29.080,320.5674743652344
i1,2023-04-28 15:00:29.183,320.5674743652344
i1,2023-04-28 15:00:29.284,320.5674743652344
i1,2023-04-28 15:00:29.401,320.3489074707031
i1,2023-04-28 15:00:29.497,320.06683349609375
i1,2023-04-28 15:00:29.591,320.06683349609375
i1,2023-04-28 15:00:29.691,320.51202392578125
i1,2023-04-28 15:00:29.793,320.51202392578125
i1,2023-04-28 15:00:29.895,320.1435852050781
i1,2023-04-28 15:00:29.998,320.1435852050781
i1,2023-04-28 15:00:30.100,320.5122985839844
i1,2023-04-28 15:00:30.202,320.5122985839844
i1,2023-04-28 15:00:30.307,320.5122985839844
i1,2023-04-28 15:00:30.410,320.64056396484375
i1,2023-04-28 15:00:30.505,320.73785400390625
i1,2023-04-28 15:00:30.614,320.73785400390625
i1,2023-04-28 15:00:30.709,321.19378662109375
i1,2023-04-28 15:00:30.810,321.19378662109375
i1,2023-04-28 15:00:30.908,321.4713439941406
i1,2023-04-28 15:00:31.011,321.4713439941406
i1,2023-04-28 15:00:31.120,321.4713439941406
i1,2023-04-28 15:00:31.221,322.173095703125
i1,2023-04-28 15:00:31.319,323.08416748046875
i1,2023-04-28 15:00:31.422,323.08416748046875
i1,2023-04-28 15:00:31.525,323.29705810546875
i1,2023-04-28 15:00:31.625,323.29705810546875
i1,2023-04-28 15:00:31.727,325.1234130859375
i1,2023-04-28 15:00:31.828,325.1234130859375
i1,2023-04-28 15:00:31.931,326.2198181152344
i1,2023-04-28 15:00:32.033,326.2198181152344
i1,2023-04-28 15:00:32.136,327.242919921875
i1,2023-04-28 15:00:32.240,327.242919921875
i1,2023-04-28 15:00:32.338,328.5931396484375
i1,2023-04-28 15:00:32.441,328.5931396484375
i1,2023-04-28 15:00:32.547,329.1436462402344
i1,2023-04-28 15:00:32.649,329.1436462402344
i1,2023-04-28 15:00:32.747,329.695068359375
i1,2023-04-28 15:00:32.852,329.695068359375
i1,2023-04-28 15:00:32.951,330.4283447265625
i1,2023-04-28 15:00:33.053,330.4283447265625
i1,2023-04-28 15:00:33.154,330.4321594238281
i1,2023-04-28 15:00:33.264,330.4321594238281
i1,2023-04-28 15:00:33.363,330.4321594238281
i1,2023-04-28 15:00:33.466,331.1719055175781
i1,2023-04-28 15:00:33.569,330.99090576171875
i1,2023-04-28 15:00:33.666,330.99090576171875
i1,2023-04-28 15:00:33.768,330.4252014160156
i1,2023-04-28 15:00:33.870,330.4252014160156
i1,2023-04-28 15:00:33.972,330.99066162109375
i1,2023-04-28 15:00:34.074,330.99066162109375
i1,2023-04-28 15:00:34.180,330.78759765625
i1,2023-04-28 15:00:34.281,330.78759765625
i1,2023-04-28 15:00:34.378,331.3613586425781
i1,2023-04-28 15:00:34.483,331.3613586425781
i1,2023-04-28 15:00:34.584,331.15325927734375
i1,2023-04-28 15:00:34.686,331.15325927734375
i1,2023-04-28 15:00:34.787,331.51971435546875
i1,2023-04-28 15:00:34.892,331.51971435546875
i1,2023-04-28 15:00:34.991,332.244384765625
i1,2023-04-28 15:00:35.092,332.244384765625
i1,2023-04-28 15:00:35.196,332.68035888671875
i1,2023-04-28 15:00:35.299,333.342041015625
i1,2023-04-28 15:00:35.427,333.342041015625
i1,2023-04-28 15:00:35.504,334.8348083496094
i1,2023-04-28 15:00:35.608,334.8348083496094
i1,2023-04-28 15:00:35.707,336.0422668457031
i1,2023-04-28 15:00:35.810,336.0422668457031
i1,2023-04-28 15:00:35.913,337.0384216308594
i1,2023-04-28 15:00:36.016,337.0384216308594
i1,2023-04-28 15:00:36.112,338.5843200683594
i1,2023-04-28 15:00:36.215,338.5843200683594
i1,2023-04-28 15:00:36.324,341.077880859375
i1,2023-04-28 15:00:36.426,341.077880859375
i1,2023-04-28 15:00:36.523,344.4842224121094
i1,2023-04-28 15:00:36.624,344.4842224121094
i1,2023-04-28 15:00:36.726,347.41595458984375
i1,2023-04-28 15:00:36.828,347.41595458984375
i1,2023-04-28 15:00:36.936,351.5095520019531
i1,2023-04-28 15:00:37.037,351.5095520019531
i1,2023-04-28 15:00:37.134,357.279052734375
i1,2023-04-28 15:00:37.237,357.279052734375
i1,2023-04-28 15:00:37.338,367.8882141113281
i1,2023-04-28 15:00:37.441,367.8882141113281
i1,2023-04-28 15:00:37.543,477.87225341796875
i1,2023-04-28 15:00:37.644,477.87225341796875
i1,2023-04-28 15:00:37.750,596.2703247070312
i1,2023-04-28 15:00:37.848,596.2703247070312
i1,2023-04-28 15:00:37.950,734.9969482421875
i1,2023-04-28 15:00:38.052,734.9969482421875
i1,2023-04-28 15:00:38.154,865.9548950195312
i1,2023-04-28 15:00:38.257,865.9548950195312
i1,2023-04-28 15:00:38.358,865.9548950195312
i1,2023-04-28 15:00:38.465,849.5550537109375
i1,2023-04-28 15:00:38.567,881.685791015625
i1,2023-04-28 15:00:38.671,881.685791015625
i1,2023-04-28 15:00:38.771,869.3062744140625
i1,2023-04-28 15:00:38.872,869.3062744140625
i1,2023-04-28 15:00:38.976,868.0997314453125
i1,2023-04-28 15:00:39.075,868.0997314453125
i1,2023-04-28 15:00:39.177,848.614990234375
i1,2023-04-28 15:00:39.282,848.614990234375
i1,2023-04-28 15:00:39.384,743.6544799804688
i1,2023-04-28 15:00:39.500,743.6544799804688
i1,2023-04-28 15:00:39.589,618.6298217773438
i1,2023-04-28 15:00:39.686,618.6298217773438
i1,2023-04-28 15:00:39.788,478.3525085449219
i1,2023-04-28 15:00:39.888,478.3525085449219
i1,2023-04-28 15:00:39.991,342.45928955078125
i1,2023-04-28 15:00:40.092,342.45928955078125
i1,2023-04-28 15:00:40.194,319.9144287109375
i1,2023-04-28 15:00:40.299,319.9144287109375
i1,2023-04-28 15:00:40.403,319.84222412109375
i1,2023-04-28 15:00:40.508,320.65386962890625
i1,2023-04-28 15:00:40.607,320.65386962890625
i1,2023-04-28 15:00:40.702,320.65386962890625
i1,2023-04-28 15:00:40.809,320.2050476074219
i1,2023-04-28 15:00:40.911,320.64990234375
i1,2023-04-28 15:00:41.010,320.64990234375
i1,2023-04-28 15:00:41.116,320.2054443359375
i1,2023-04-28 15:00:41.219,320.2054443359375
i1,2023-04-28 15:00:41.317,320.2054443359375
i1,2023-04-28 15:00:41.440,320.6927795410156
i1,2023-04-28 15:00:41.526,321.1560974121094
i1,2023-04-28 15:00:41.629,321.1560974121094
i1,2023-04-28 15:00:41.724,320.88031005859375
i1,2023-04-28 15:00:41.828,320.88031005859375
i1,2023-04-28 15:00:41.928,320.79443359375
i1,2023-04-28 15:00:42.030,320.79443359375
i1,2023-04-28 15:00:42.132,320.8807373046875
i1,2023-04-28 15:00:42.234,320.8807373046875
i1,2023-04-28 15:00:42.335,320.8807373046875
i1,2023-04-28 15:00:42.439,320.2216796875
i1,2023-04-28 15:00:42.552,320.37530517578125
i1,2023-04-28 15:00:42.642,320.37530517578125
i1,2023-04-28 15:00:42.744,320.0092468261719
i1,2023-04-28 15:00:42.846,320.0092468261719
i1,2023-04-28 15:00:42.953,320.3753662109375
i1,2023-04-28 15:00:43.055,320.3753662109375
i1,2023-04-28 15:00:43.156,319.51483154296875
i1,2023-04-28 15:00:43.255,319.51483154296875
i1,2023-04-28 15:00:43.356,319.7793884277344
i1,2023-04-28 15:00:43.464,319.7793884277344
i1,2023-04-28 15:00:43.565,320.008544921875
i1,2023-04-28 15:00:43.668,320.008544921875
i1,2023-04-28 15:00:43.766,320.008544921875
i1,2023-04-28 15:00:43.868,320.37542724609375
i1,2023-04-28 15:00:43.972,320.37164306640625
i1,2023-04-28 15:00:44.073,320.37164306640625
i1,2023-04-28 15:00:44.178,320.611572265625
i1,2023-04-28 15:00:44.281,320.611572265625
i1,2023-04-28 15:00:44.379,320.5125427246094
i1,2023-04-28 15:00:44.479,320.5125427246094
i1,2023-04-28 15:00:44.584,321.5240783691406
i1,2023-04-28 15:00:44.682,321.5240783691406
i1,2023-04-28 15:00:44.785,321.98248291015625
i1,2023-04-28 15:00:44.890,321.98248291015625
i1,2023-04-28 15:00:44.989,321.52386474609375
i1,2023-04-28 15:00:45.090,321.52386474609375
i1,2023-04-28 15:00:45.191,321.9851989746094
i1,2023-04-28 15:00:45.294,321.9851989746094
i1,2023-04-28 15:00:45.396,321.9851989746094
i1,2023-04-28 15:00:45.501,322.26080322265625
i1,2023-04-28 15:00:45.607,322.5021667480469
i1,2023-04-28 15:00:45.707,322.5021667480469
i1,2023-04-28 15:00:45.808,323.1300048828125
i1,2023-04-28 15:00:45.908,323.1300048828125
i1,2023-04-28 15:00:46.006,323.23883056640625
i1,2023-04-28 15:00:46.109,323.23883056640625
i1,2023-04-28 15:00:46.211,323.4927978515625
i1,2023-04-28 15:00:46.312,323.4927978515625
i1,2023-04-28 15:00:46.413,323.2398986816406
i1,2023-04-28 15:00:46.517,323.2398986816406
i1,2023-04-28 15:00:46.619,323.49285888671875
i1,2023-04-28 15:00:46.725,324.34759521484375
i1,2023-04-28 15:00:46.822,324.34759521484375
i1,2023-04-28 15:00:46.924,324.34759521484375
i1,2023-04-28 15:00:47.031,324.2216491699219
i1,2023-04-28 15:00:47.129,324.62554931640625
i1,2023-04-28 15:00:47.231,324.62554931640625
i1,2023-04-28 15:00:47.336,324.9535827636719
i1,2023-04-28 15:00:47.436,324.9535827636719
i1,2023-04-28 15:00:47.537,325.0849609375
i1,2023-04-28 15:00:47.638,325.0849609375
i1,2023-04-28 15:00:47.742,325.6825866699219
i1,2023-04-28 15:00:47.845,325.6825866699219
i1,2023-04-28 15:00:47.947,325.6825866699219
i1,2023-04-28 15:00:48.050,326.4146423339844
i1,2023-04-28 15:00:48.151,326.4145812988281
i1,2023-04-28 15:00:48.253,326.4145812988281
i1,2023-04-28 15:00:48.355,326.4145812988281
i1,2023-04-28 15:00:48.459,327.2178955078125
i1,2023-04-28 15:00:48.558,327.33502197265625
i1,2023-04-28 15:00:48.661,327.33502197265625
i1,2023-04-28 15:00:48.763,327.86151123046875
i1,2023-04-28 15:00:48.864,327.86151123046875
i1,2023-04-28 15:00:48.972,328.42413330078125
i1,2023-04-28 15:00:49.072,328.42413330078125
i1,2023-04-28 15:00:49.175,328.5940246582031
i1,2023-04-28 15:00:49.276,328.5940246582031
i1,2023-04-28 15:00:49.374,328.5940246582031
i1,2023-04-28 15:00:49.481,330.128173828125
i1,2023-04-28 15:00:49.578,330.60955810546875
i1,2023-04-28 15:00:49.680,330.60955810546875
i1,2023-04-28 15:00:49.785,331.54547119140625
i1,2023-04-28 15:00:49.884,331.54547119140625
i1,2023-04-28 15:00:49.992,332.7985534667969
i1,2023-04-28 15:00:50.089,332.7985534667969
i1,2023-04-28 15:00:50.190,334.1309814453125
i1,2023-04-28 15:00:50.292,334.1309814453125
i1,2023-04-28 15:00:50.409,336.30645751953125
i1,2023-04-28 15:00:50.502,336.30645751953125
i1,2023-04-28 15:00:50.602,338.1422424316406
i1,2023-04-28 15:00:50.701,338.1422424316406
i1,2023-04-28 15:00:50.797,341.0784912109375
i1,2023-04-28 15:00:50.900,341.0784912109375
i1,2023-04-28 15:00:51.004,341.0784912109375
i1,2023-04-28 15:00:51.104,344.0309753417969
i1,2023-04-28 15:00:51.205,348.6129150390625
i1,2023-04-28 15:00:51.311,348.6129150390625
i1,2023-04-28 15:00:51.410,348.6129150390625
i1,2023-04-28 15:00:51.513,357.08209228515625
i1,2023-04-28 15:00:51.615,362.89300537109375
i1,2023-04-28 15:00:51.717,362.89300537109375
i1,2023-04-28 15:00:51.819,454.8277587890625
i1,2023-04-28 15:00:51.924,454.8277587890625
i1,2023-04-28 15:00:52.028,572.5606079101562
i1,2023-04-28 15:00:52.129,572.5606079101562
i1,2023-04-28 15:00:52.227,708.74267578125
i1,2023-04-28 15:00:52.334,708.74267578125
i1,2023-04-28 15:00:52.434,838.9866943359375
i1,2023-04-28 15:00:52.537,838.9866943359375
i1,2023-04-28 15:00:52.639,884.22021484375
i1,2023-04-28 15:00:52.746,886.1343994140625
i1,2023-04-28 15:00:52.838,886.1343994140625
i1,2023-04-28 15:00:52.941,886.1343994140625
i1,2023-04-28 15:00:53.045,874.37109375
i1,2023-04-28 15:00:53.150,901.5234375
i1,2023-04-28 15:00:53.253,901.5234375
i1,2023-04-28 15:00:53.354,901.5234375
i1,2023-04-28 15:00:53.470,823.8770141601562
i1,2023-04-28 15:00:53.558,765.26953125
i1,2023-04-28 15:00:53.657,765.26953125
i1,2023-04-28 15:00:53.757,644.5588989257812
i1,2023-04-28 15:00:53.863,644.5588989257812
i1,2023-04-28 15:00:53.966,504.147705078125
i1,2023-04-28 15:00:54.069,504.147705078125
i1,2023-04-28 15:00:54.167,370.0957336425781
i1,2023-04-28 15:00:54.270,370.0957336425781
i1,2023-04-28 15:00:54.371,320.51947021484375
i1,2023-04-28 15:00:54.486,320.51947021484375
i1,2023-04-28 15:00:54.581,320.37908935546875
i1,2023-04-28 15:00:54.680,320.37908935546875
i1,2023-04-28 15:00:54.783,320.37884521484375
i1,2023-04-28 15:00:54.884,320.37884521484375
i1,2023-04-28 15:00:54.983,320.37890625
i1,2023-04-28 15:00:55.085,320.37890625
i1,2023-04-28 15:00:55.188,320.29302978515625
i1,2023-04-28 15:00:55.289,320.29302978515625
i1,2023-04-28 15:00:55.392,319.7825927734375
i1,2023-04-28 15:00:55.493,319.7825927734375
i1,2023-04-28 15:00:55.596,319.64984130859375
i1,2023-04-28 15:00:55.702,319.64984130859375
i1,2023-04-28 15:00:55.803,320.0118103027344
i1,2023-04-28 15:00:55.902,320.0118103027344
i1,2023-04-28 15:00:56.007,319.6488037109375
i1,2023-04-28 15:00:56.110,319.6488037109375
i1,2023-04-28 15:00:56.213,320.01171875
i1,2023-04-28 15:00:56.310,320.01171875
i1,2023-04-28 15:00:56.412,320.150634765625
i1,2023-04-28 15:00:56.513,320.150634765625
i1,2023-04-28 15:00:56.615,320.1504211425781
i1,2023-04-28 15:00:56.721,320.1504211425781
i1,2023-04-28 15:00:56.829,320.88446044921875
i1,2023-04-28 15:00:56.926,320.88446044921875
i1,2023-04-28 15:00:57.027,320.8872985839844
i1,2023-04-28 15:00:57.126,320.8872985839844
i1,2023-04-28 15:00:57.228,321.25213623046875
i1,2023-04-28 15:00:57.333,321.25213623046875
i1,2023-04-28 15:00:57.436,321.6690673828125
i1,2023-04-28 15:00:57.539,321.6690673828125
i1,2023-04-28 15:00:57.640,321.6690673828125
i1,2023-04-28 15:00:57.743,321.6730651855469
i1,2023-04-28 15:00:57.846,322.4023132324219
i1,2023-04-28 15:00:57.944,322.4023132324219
i1,2023-04-28 15:00:58.044,322.7103576660156
i1,2023-04-28 15:00:58.147,322.7103576660156
i1,2023-04-28 15:00:58.249,323.49627685546875
i1,2023-04-28 15:00:58.353,323.49627685546875
i1,2023-04-28 15:00:58.465,323.49627685546875
i1,2023-04-28 15:00:58.555,323.3017578125
i1,2023-04-28 15:00:58.661,323.1332702636719
i1,2023-04-28 15:00:58.760,323.1332702636719
i1,2023-04-28 15:00:58.861,323.12994384765625
i1,2023-04-28 15:00:58.967,323.8622131347656
i1,2023-04-28 15:00:59.067,323.8622131347656
i1,2023-04-28 15:00:59.176,324.2289123535156
i1,2023-04-28 15:00:59.275,324.2289123535156
i1,2023-04-28 15:00:59.374,323.9809265136719
i1,2023-04-28 15:00:59.495,323.9809265136719
i1,2023-04-28 15:00:59.576,324.5592041015625
i1,2023-04-28 15:00:59.678,324.5592041015625
i1,2023-04-28 15:00:59.780,324.2525634765625
i1,2023-04-28 15:00:59.881,324.2525634765625
i1,2023-04-28 15:00:59.984,324.1938781738281
i1,2023-04-28 15:01:00.089,324.1938781738281
i1,2023-04-28 15:01:00.189,325.2402038574219
i1,2023-04-28 15:01:00.290,325.2402038574219
i1,2023-04-28 15:01:00.393,325.6611328125
i1,2023-04-28 15:01:00.499,325.6611328125
i1,2023-04-28 15:01:00.611,325.6611328125
i1,2023-04-28 15:01:00.700,325.86431884765625
i1,2023-04-28 15:01:00.800,325.498046875
i1,2023-04-28 15:01:00.898,325.498046875
i1,2023-04-28 15:01:00.998,325.86431884765625
i1,2023-04-28 15:01:01.101,325.86431884765625
i1,2023-04-28 15:01:01.213,326.5943298339844
i1,2023-04-28 15:01:01.307,326.5943298339844
i1,2023-04-28 15:01:01.410,326.5943298339844
i1,2023-04-28 15:01:01.512,326.718505859375
i1,2023-04-28 15:01:01.612,327.3238830566406
i1,2023-04-28 15:01:01.714,327.3238830566406
i1,2023-04-28 15:01:01.816,327.69061279296875
i1,2023-04-28 15:01:01.917,327.69061279296875
i1,2023-04-28 15:01:02.022,328.0528564453125
i1,2023-04-28 15:01:02.128,328.0528564453125
i1,2023-04-28 15:01:02.224,328.4199523925781
i1,2023-04-28 15:01:02.328,328.4199523925781
i1,2023-04-28 15:01:02.427,328.4199523925781
i1,2023-04-28 15:01:02.530,329.5092468261719
i1,2023-04-28 15:01:02.631,330.436767578125
i1,2023-04-28 15:01:02.733,330.436767578125
i1,2023-04-28 15:01:02.839,330.8017578125
i1,2023-04-28 15:01:02.942,330.8017578125
i1,2023-04-28 15:01:03.044,331.90643310546875
i1,2023-04-28 15:01:03.143,331.90643310546875
i1,2023-04-28 15:01:03.244,332.1457214355469
i1,2023-04-28 15:01:03.346,332.1457214355469
i1,2023-04-28 15:01:03.448,333.2100524902344
i1,2023-04-28 15:01:03.549,333.2100524902344
i1,2023-04-28 15:01:03.651,334.441162109375
i1,2023-04-28 15:01:03.753,334.441162109375
i1,2023-04-28 15:01:03.856,335.42877197265625
i1,2023-04-28 15:01:03.957,335.42877197265625
i1,2023-04-28 15:01:04.057,336.9996643066406
i1,2023-04-28 15:01:04.164,336.9996643066406
i1,2023-04-28 15:01:04.263,336.9996643066406
i1,2023-04-28 15:01:04.364,339.2142333984375
i1,2023-04-28 15:01:04.467,341.0123291015625
i1,2023-04-28 15:01:04.573,341.0123291015625
i1,2023-04-28 15:01:04.672,344.2956848144531
i1,2023-04-28 15:01:04.772,344.2956848144531
i1,2023-04-28 15:01:04.878,347.5792236328125
i1,2023-04-28 15:01:04.981,347.5792236328125
i1,2023-04-28 15:01:05.080,354.1455993652344
i1,2023-04-28 15:01:05.185,361.80657958984375
i1,2023-04-28 15:01:05.284,361.80657958984375
i1,2023-04-28 15:01:05.386,361.80657958984375
i1,2023-04-28 15:01:05.509,498.7718811035156
i1,2023-04-28 15:01:05.603,559.6657104492188
i1,2023-04-28 15:01:05.690,559.6657104492188
i1,2023-04-28 15:01:05.792,684.8447265625
i1,2023-04-28 15:01:05.894,684.8447265625
i1,2023-04-28 15:01:05.998,829.5458984375
i1,2023-04-28 15:01:06.098,829.5458984375
i1,2023-04-28 15:01:06.200,889.775146484375
i1,2023-04-28 15:01:06.309,889.775146484375
i1,2023-04-28 15:01:06.410,889.775146484375
i1,2023-04-28 15:01:06.512,851.6546630859375
i1,2023-04-28 15:01:06.612,876.9302368164062
i1,2023-04-28 15:01:06.721,876.9302368164062
i1,2023-04-28 15:01:06.819,876.1727294921875
i1,2023-04-28 15:01:06.921,876.1727294921875
i1,2023-04-28 15:01:07.019,860.1231689453125
i1,2023-04-28 15:01:07.123,860.1231689453125
i1,2023-04-28 15:01:07.226,860.1231689453125
i1,2023-04-28 15:01:07.327,735.7618408203125
i1,2023-04-28 15:01:07.429,657.6683349609375
i1,2023-04-28 15:01:07.530,657.6683349609375
i1,2023-04-28 15:01:07.633,531.602294921875
i1,2023-04-28 15:01:07.733,531.602294921875
i1,2023-04-28 15:01:07.834,384.3303527832031
i1,2023-04-28 15:01:07.937,384.3303527832031
i1,2023-04-28 15:01:08.041,320.74951171875
i1,2023-04-28 15:01:08.143,320.74951171875
i1,2023-04-28 15:01:08.245,320.2324523925781
i1,2023-04-28 15:01:08.348,320.2324523925781
i1,2023-04-28 15:01:08.449,320.8880615234375
i1,2023-04-28 15:01:08.551,320.8880615234375
i1,2023-04-28 15:01:08.649,320.4423828125
i1,2023-04-28 15:01:08.750,320.4423828125
i1,2023-04-28 15:01:08.854,320.15167236328125
i1,2023-04-28 15:01:08.961,320.15167236328125
i1,2023-04-28 15:01:09.064,320.1555480957031
i1,2023-04-28 15:01:09.160,320.1555480957031
i1,2023-04-28 15:01:09.266,320.5194091796875
i1,2023-04-28 15:01:09.374,320.5194091796875
i1,2023-04-28 15:01:09.470,320.5194091796875
i1,2023-04-28 15:01:09.571,320.54119873046875
i1,2023-04-28 15:01:09.675,320.6614990234375
i1,2023-04-28 15:01:09.773,320.6614990234375
i1,2023-04-28 15:01:09.874,320.57891845703125
i1,2023-04-28 15:01:09.975,320.57891845703125
i1,2023-04-28 15:01:10.082,319.9210205078125
i1,2023-04-28 15:01:10.181,319.9210205078125
i1,2023-04-28 15:01:10.286,320.21630859375
i1,2023-04-28 15:01:10.383,320.21630859375
i1,2023-04-28 15:01:10.488,320.29071044921875
i1,2023-04-28 15:01:10.591,320.29071044921875
i1,2023-04-28 15:01:10.693,320.2161560058594
i1,2023-04-28 15:01:10.792,320.2161560058594
i1,2023-04-28 15:01:10.895,320.57861328125
i1,2023-04-28 15:01:10.992,320.57861328125
i1,2023-04-28 15:01:11.093,320.2161560058594
i1,2023-04-28 15:01:11.195,320.2161560058594
i1,2023-04-28 15:01:11.299,320.232666015625
i1,2023-04-28 15:01:11.407,319.85064697265625
i1,2023-04-28 15:01:11.534,319.85064697265625
i1,2023-04-28 15:01:11.606,320.1545715332031
i1,2023-04-28 15:01:11.708,320.1545715332031
i1,2023-04-28 15:01:11.814,320.806640625
i1,2023-04-28 15:01:11.909,320.806640625
i1,2023-04-28 15:01:12.016,320.1545104980469
i1,2023-04-28 15:01:12.114,320.1545104980469
i1,2023-04-28 15:01:12.220,320.0821838378906
i1,2023-04-28 15:01:12.321,320.0821838378906
i1,2023-04-28 15:01:12.435,320.1545104980469
i1,2023-04-28 15:01:12.533,320.1545104980469
i1,2023-04-28 15:01:12.629,320.09521484375
i1,2023-04-28 15:01:12.727,320.09521484375
i1,2023-04-28 15:01:12.829,320.7491149902344
i1,2023-04-28 15:01:12.935,320.7491149902344
i1,2023-04-28 15:01:13.038,320.09515380859375
i1,2023-04-28 15:01:13.134,320.09515380859375
i1,2023-04-28 15:01:13.240,320.3863830566406
i1,2023-04-28 15:01:13.338,320.3863830566406
i1,2023-04-28 15:01:13.443,320.155029296875
i1,2023-04-28 15:01:13.545,320.155029296875
i1,2023-04-28 15:01:13.645,320.3822326660156
i1,2023-04-28 15:01:13.747,320.3822326660156
i1,2023-04-28 15:01:13.848,320.7493896484375
i1,2023-04-28 15:01:13.949,320.7493896484375
i1,2023-04-28 15:01:14.052,320.69207763671875
i1,2023-04-28 15:01:14.153,320.69207763671875
i1,2023-04-28 15:01:14.255,320.3863220214844
i1,2023-04-28 15:01:14.357,320.3863220214844
i1,2023-04-28 15:01:14.464,320.3863220214844
i1,2023-04-28 15:01:14.561,320.4161376953125
i1,2023-04-28 15:01:14.663,320.1578063964844
i1,2023-04-28 15:01:14.765,320.1578063964844
i1,2023-04-28 15:01:14.867,320.44580078125
i1,2023-04-28 15:01:14.973,320.44580078125
i1,2023-04-28 15:01:15.070,320.52239990234375
i1,2023-04-28 15:01:15.172,320.52239990234375
i1,2023-04-28 15:01:15.274,320.8097229003906
i1,2023-04-28 15:01:15.377,320.8097229003906
i1,2023-04-28 15:01:15.480,321.03533935546875
i1,2023-04-28 15:01:15.581,321.03533935546875
i1,2023-04-28 15:01:15.684,321.25653076171875
i1,2023-04-28 15:01:15.787,321.25653076171875
i1,2023-04-28 15:01:15.883,321.4588928222656
i1,2023-04-28 15:01:15.984,321.4588928222656
i1,2023-04-28 15:01:16.090,323.49871826171875
i1,2023-04-28 15:01:16.196,323.49871826171875
i1,2023-04-28 15:01:16.298,325.41448974609375
i1,2023-04-28 15:01:16.399,325.41448974609375
i1,2023-04-28 15:01:16.505,327.1483459472656
i1,2023-04-28 15:01:16.601,327.1483459472656
i1,2023-04-28 15:01:16.715,420.6916198730469
i1,2023-04-28 15:01:16.808,420.6916198730469
i1,2023-04-28 15:01:16.909,555.165283203125
i1,2023-04-28 15:01:17.015,687.1929931640625
i1,2023-04-28 15:01:17.114,687.1929931640625
i1,2023-04-28 15:01:17.218,687.1929931640625
i1,2023-04-28 15:01:17.318,815.2827758789062
i1,2023-04-28 15:01:17.420,815.2827758789062
i1,2023-04-28 15:01:17.547,786.974365234375
i1,2023-04-28 15:01:17.633,813.7832641601562
i1,2023-04-28 15:01:17.727,813.7832641601562
i1,2023-04-28 15:01:17.825,817.799560546875
i1,2023-04-28 15:01:17.927,817.799560546875
i1,2023-04-28 15:01:18.033,809.786376953125
i1,2023-04-28 15:01:18.136,809.786376953125
i1,2023-04-28 15:01:18.232,813.3909912109375
i1,2023-04-28 15:01:18.335,813.3909912109375
i1,2023-04-28 15:01:18.437,813.3909912109375
i1,2023-04-28 15:01:18.546,691.7869262695312
i1,2023-04-28 15:01:18.655,581.6672973632812
i1,2023-04-28 15:01:18.746,581.6672973632812
i1,2023-04-28 15:01:18.848,453.40203857421875
i1,2023-04-28 15:01:18.950,453.40203857421875
i1,2023-04-28 15:01:19.052,319.65557861328125
i1,2023-04-28 15:01:19.154,319.65557861328125
i1,2023-04-28 15:01:19.253,318.4100036621094
i1,2023-04-28 15:01:19.358,318.4100036621094
i1,2023-04-28 15:01:19.461,318.3192138671875
i1,2023-04-28 15:01:19.566,318.3192138671875
i1,2023-04-28 15:01:19.662,318.19366455078125
i1,2023-04-28 15:01:19.766,318.19366455078125
i1,2023-04-28 15:01:19.865,318.19366455078125
i1,2023-04-28 15:01:19.971,317.83111572265625
i1,2023-04-28 15:01:20.072,317.82708740234375
i1,2023-04-28 15:01:20.170,317.82708740234375
i1,2023-04-28 15:01:20.272,318.2819519042969
i1,2023-04-28 15:01:20.375,318.2819519042969
i1,2023-04-28 15:01:20.476,318.3191223144531
i1,2023-04-28 15:01:20.578,318.3191223144531
i1,2023-04-28 15:01:20.683,318.9920654296875
i1,2023-04-28 15:01:20.787,318.9920654296875
i1,2023-04-28 15:01:20.887,319.4208984375
i1,2023-04-28 15:01:20.989,319.4208984375
i1,2023-04-28 15:01:21.092,318.99237060546875
i1,2023-04-28 15:01:21.188,318.99237060546875
i1,2023-04-28 15:01:21.296,319.4211120605469
i1,2023-04-28 15:01:21.399,319.4211120605469
i1,2023-04-28 15:01:21.500,319.4211120605469
i1,2023-04-28 15:01:21.595,319.51025390625
i1,2023-04-28 15:01:21.699,320.2911376953125
i1,2023-04-28 15:01:21.801,320.2911376953125
i1,2023-04-28 15:01:21.904,320.2165832519531
i1,2023-04-28 15:01:22.004,320.2165832519531
i1,2023-04-28 15:01:22.113,320.2939147949219
i1,2023-04-28 15:01:22.209,320.2939147949219
i1,2023-04-28 15:01:22.311,320.5823059082031
i1,2023-04-28 15:01:22.413,320.5823059082031
i1,2023-04-28 15:01:22.515,319.92437744140625
i1,2023-04-28 15:01:22.619,319.92437744140625
i1,2023-04-28 15:01:22.719,320.217041015625
i1,2023-04-28 15:01:22.820,320.217041015625
i1,2023-04-28 15:01:22.922,319.9249572753906
i1,2023-04-28 15:01:23.025,319.9249572753906
i1,2023-04-28 15:01:23.129,320.21685791015625
i1,2023-04-28 15:01:23.232,319.9265441894531
i1,2023-04-28 15:01:23.329,319.9265441894531
i1,2023-04-28 15:01:23.443,319.8544006347656
i1,2023-04-28 15:01:23.536,319.8544006347656
i1,2023-04-28 15:01:23.642,320.523193359375
i1,2023-04-28 15:01:23.741,320.523193359375
i1,2023-04-28 15:01:23.840,320.523193359375
i1,2023-04-28 15:01:23.944,320.078857421875
i1,2023-04-28 15:01:24.043,319.7864990234375
i1,2023-04-28 15:01:24.144,319.7864990234375
i1,2023-04-28 15:01:24.250,320.07891845703125
i1,2023-04-28 15:01:24.347,320.07891845703125
i1,2023-04-28 15:01:24.451,319.7867431640625
i1,2023-04-28 15:01:24.572,319.7867431640625
i1,2023-04-28 15:01:24.659,320.0167541503906
i1,2023-04-28 15:01:24.764,320.0167541503906
i1,2023-04-28 15:01:24.858,319.28643798828125
i1,2023-04-28 15:01:24.961,319.28643798828125
i1,2023-04-28 15:01:25.064,319.6494445800781
i1,2023-04-28 15:01:25.170,319.6494445800781
i1,2023-04-28 15:01:25.267,319.6492919921875
i1,2023-04-28 15:01:25.373,319.6492919921875
i1,2023-04-28 15:01:25.471,318.9924011230469
i1,2023-04-28 15:01:25.576,318.9924011230469
i1,2023-04-28 15:01:25.679,319.72119140625
i1,2023-04-28 15:01:25.790,319.72119140625
i1,2023-04-28 15:01:25.884,320.0164794921875
i1,2023-04-28 15:01:25.987,320.0164794921875
i1,2023-04-28 15:01:26.089,319.353759765625
i1,2023-04-28 15:01:26.187,319.353759765625
i1,2023-04-28 15:01:26.292,319.2861022949219
i1,2023-04-28 15:01:26.395,319.2861022949219
i1,2023-04-28 15:01:26.497,319.2861022949219
i1,2023-04-28 15:01:26.599,320.071044921875
i1,2023-04-28 15:01:26.702,320.52264404296875
i1,2023-04-28 15:01:26.803,320.52264404296875
i1,2023-04-28 15:01:26.901,320.0813903808594
i1,2023-04-28 15:01:27.006,320.0813903808594
i1,2023-04-28 15:01:27.105,320.5228271484375
i1,2023-04-28 15:01:27.207,320.5228271484375
i1,2023-04-28 15:01:27.314,320.1380615234375
i1,2023-04-28 15:01:27.412,320.1380615234375
i1,2023-04-28 15:01:27.514,320.21673583984375
i1,2023-04-28 15:01:27.616,320.21673583984375
i1,2023-04-28 15:01:27.717,320.58203125
i1,2023-04-28 15:01:27.820,320.58203125
i1,2023-04-28 15:01:27.922,320.94512939453125
i1,2023-04-28 15:01:28.032,320.94512939453125
i1,2023-04-28 15:01:28.127,321.31195068359375
i1,2023-04-28 15:01:28.226,321.31195068359375
i1,2023-04-28 15:01:28.330,321.4927978515625
i1,2023-04-28 15:01:28.429,321.4927978515625
i1,2023-04-28 15:01:28.528,321.4927978515625
i1,2023-04-28 15:01:28.634,321.4110107421875
i1,2023-04-28 15:01:28.737,321.9586181640625
i1,2023-04-28 15:01:28.838,321.9586181640625
i1,2023-04-28 15:01:28.940,321.4983215332031
i1,2023-04-28 15:01:29.042,321.4983215332031
i1,2023-04-28 15:01:29.144,322.6985168457031
i1,2023-04-28 15:01:29.246,322.6985168457031
i1,2023-04-28 15:01:29.349,322.2302551269531
i1,2023-04-28 15:01:29.453,322.69903564453125
i1,2023-04-28 15:01:29.582,322.69903564453125
i1,2023-04-28 15:01:29.654,323.2830810546875
i1,2023-04-28 15:01:29.754,323.2830810546875
i1,2023-04-28 15:01:29.862,323.28314208984375
i1,2023-04-28 15:01:29.959,323.28314208984375
i1,2023-04-28 15:01:30.061,323.28277587890625
i1,2023-04-28 15:01:30.163,323.28277587890625
i1,2023-04-28 15:01:30.264,324.0723876953125
i1,2023-04-28 15:01:30.365,324.0723876953125
i1,2023-04-28 15:01:30.468,324.0723876953125
i1,2023-04-28 15:01:30.586,324.67266845703125
i1,2023-04-28 15:01:30.674,324.77130126953125
i1,2023-04-28 15:01:30.775,324.77130126953125
i1,2023-04-28 15:01:30.870,324.77099609375
i1,2023-04-28 15:01:30.972,324.77099609375
i1,2023-04-28 15:01:31.079,325.86700439453125
i1,2023-04-28 15:01:31.179,325.86700439453125
i1,2023-04-28 15:01:31.276,325.86669921875
i1,2023-04-28 15:01:31.378,325.86669921875
i1,2023-04-28 15:01:31.483,325.86669921875
i1,2023-04-28 15:01:31.590,326.55194091796875
i1,2023-04-28 15:01:31.691,327.5120849609375
i1,2023-04-28 15:01:31.794,327.5120849609375
i1,2023-04-28 15:01:31.897,327.5120849609375
i1,2023-04-28 15:01:31.998,327.5120849609375
i1,2023-04-28 15:01:32.097,328.244873046875
i1,2023-04-28 15:01:32.200,328.244873046875
i1,2023-04-28 15:01:32.303,328.810791015625
i1,2023-04-28 15:01:32.406,328.810791015625
i1,2023-04-28 15:01:32.510,328.810791015625
i1,2023-04-28 15:01:32.608,330.7258605957031
i1,2023-04-28 15:01:32.710,331.35626220703125
i1,2023-04-28 15:01:32.812,331.35626220703125
i1,2023-04-28 15:01:32.914,332.45660400390625
i1,2023-04-28 15:01:33.018,332.45660400390625
i1,2023-04-28 15:01:33.117,333.5579833984375
i1,2023-04-28 15:01:33.221,333.5579833984375
i1,2023-04-28 15:01:33.325,335.6791687011719
i1,2023-04-28 15:01:33.428,335.6791687011719
i1,2023-04-28 15:01:33.525,337.2745361328125
i1,2023-04-28 15:01:33.629,337.2745361328125
i1,2023-04-28 15:01:33.729,340.28192138671875
i1,2023-04-28 15:01:33.837,340.28192138671875
i1,2023-04-28 15:01:33.938,340.28192138671875
i1,2023-04-28 15:01:34.039,344.2940979003906
i1,2023-04-28 15:01:34.143,349.4036865234375
i1,2023-04-28 15:01:34.244,349.4036865234375
i1,2023-04-28 15:01:34.345,361.6785888671875
i1,2023-04-28 15:01:34.451,361.6785888671875
i1,2023-04-28 15:01:34.551,448.6330261230469
i1,2023-04-28 15:01:34.654,448.6330261230469
i1,2023-04-28 15:01:34.752,579.6029052734375
i1,2023-04-28 15:01:34.854,579.6029052734375
i1,2023-04-28 15:01:34.957,703.6431274414062
i1,2023-04-28 15:01:35.060,703.6431274414062
i1,2023-04-28 15:01:35.162,848.476806640625
i1,2023-04-28 15:01:35.262,848.476806640625
i1,2023-04-28 15:01:35.365,883.133056640625
i1,2023-04-28 15:01:35.467,883.133056640625
i1,2023-04-28 15:01:35.597,845.6463623046875
i1,2023-04-28 15:01:35.670,845.6463623046875
i1,2023-04-28 15:01:35.773,876.9237670898438
i1,2023-04-28 15:01:35.875,870.3098754882812
i1,2023-04-28 15:01:35.980,870.3098754882812
i1,2023-04-28 15:01:36.085,857.8258056640625
i1,2023-04-28 15:01:36.180,857.8258056640625
i1,2023-04-28 15:01:36.286,766.3778686523438
i1,2023-04-28 15:01:36.387,766.3778686523438
i1,2023-04-28 15:01:36.487,632.6948852539062
i1,2023-04-28 15:01:36.613,632.6948852539062
i1,2023-04-28 15:01:36.691,504.92315673828125
i1,2023-04-28 15:01:36.793,504.92315673828125
i1,2023-04-28 15:01:36.894,504.92315673828125
i1,2023-04-28 15:01:36.997,356.92620849609375
i1,2023-04-28 15:01:37.098,318.92279052734375
i1,2023-04-28 15:01:37.205,318.92279052734375
i1,2023-04-28 15:01:37.303,319.0611877441406
i1,2023-04-28 15:01:37.404,319.0611877441406
i1,2023-04-28 15:01:37.510,319.41790771484375
i1,2023-04-28 15:01:37.611,319.41790771484375
i1,2023-04-28 15:01:37.711,319.65289306640625
i1,2023-04-28 15:01:37.813,319.65289306640625
i1,2023-04-28 15:01:37.915,318.9195556640625
i1,2023-04-28 15:01:38.020,318.9195556640625
i1,2023-04-28 15:01:38.121,319.65301513671875
i1,2023-04-28 15:01:38.226,319.65301513671875
i1,2023-04-28 15:01:38.331,319.2890625
i1,2023-04-28 15:01:38.426,319.2890625
i1,2023-04-28 15:01:38.525,319.4212646484375
i1,2023-04-28 15:01:38.628,319.4212646484375
i1,2023-04-28 15:01:38.732,319.42095947265625
i1,2023-04-28 15:01:38.837,319.42095947265625
i1,2023-04-28 15:01:38.935,319.4208984375
i1,2023-04-28 15:01:39.037,319.4208984375
i1,2023-04-28 15:01:39.142,319.7857971191406
i1,2023-04-28 15:01:39.241,319.7857971191406
i1,2023-04-28 15:01:39.343,319.4207458496094
i1,2023-04-28 15:01:39.450,319.4207458496094
i1,2023-04-28 15:01:39.552,319.4876403808594
i1,2023-04-28 15:01:39.648,319.4876403808594
i1,2023-04-28 15:01:39.751,319.557373046875
i1,2023-04-28 15:01:39.854,319.557373046875
i1,2023-04-28 15:01:39.956,319.8488464355469
i1,2023-04-28 15:01:40.057,319.8488464355469
i1,2023-04-28 15:01:40.164,319.18365478515625
i1,2023-04-28 15:01:40.262,319.18365478515625
i1,2023-04-28 15:01:40.368,319.12078857421875
i1,2023-04-28 15:01:40.469,319.12078857421875
i1,2023-04-28 15:01:40.570,319.12078857421875
i1,2023-04-28 15:01:40.670,319.11016845703125
i1,2023-04-28 15:01:40.775,319.12115478515625
i1,2023-04-28 15:01:40.873,319.12115478515625
i1,2023-04-28 15:01:40.976,318.3924865722656
i1,2023-04-28 15:01:41.077,318.3924865722656
i1,2023-04-28 15:01:41.179,318.759033203125
i1,2023-04-28 15:01:41.282,318.759033203125
i1,2023-04-28 15:01:41.382,318.392578125
i1,2023-04-28 15:01:41.480,318.392578125
i1,2023-04-28 15:01:41.585,318.3924255371094
i1,2023-04-28 15:01:41.702,317.95465087890625
i1,2023-04-28 15:01:41.789,317.95465087890625
i1,2023-04-28 15:01:41.890,317.95465087890625
i1,2023-04-28 15:01:41.993,318.26708984375
i1,2023-04-28 15:01:42.098,317.9543762207031
i1,2023-04-28 15:01:42.200,317.9543762207031
i1,2023-04-28 15:01:42.302,317.8944091796875
i1,2023-04-28 15:01:42.401,317.8944091796875
i1,2023-04-28 15:01:42.504,318.31939697265625
i1,2023-04-28 15:01:42.621,318.31939697265625
i1,2023-04-28 15:01:42.709,318.98663330078125
i1,2023-04-28 15:01:42.818,318.98663330078125
i1,2023-04-28 15:01:42.914,318.92315673828125
i1,2023-04-28 15:01:43.017,318.92315673828125
i1,2023-04-28 15:01:43.114,319.3534240722656
i1,2023-04-28 15:01:43.217,319.3534240722656
i1,2023-04-28 15:01:43.319,320.0194396972656
i1,2023-04-28 15:01:43.424,320.0194396972656
i1,2023-04-28 15:01:43.523,320.0194396972656
i1,2023-04-28 15:01:43.626,320.0194396972656
i1,2023-04-28 15:01:43.728,320.5225524902344
i1,2023-04-28 15:01:43.829,320.5225524902344
i1,2023-04-28 15:01:43.932,321.1702880859375
i1,2023-04-28 15:01:44.033,321.1702880859375
i1,2023-04-28 15:01:44.134,320.8902282714844
i1,2023-04-28 15:01:44.236,320.8902282714844
i1,2023-04-28 15:01:44.344,321.1700439453125
i1,2023-04-28 15:01:44.441,321.1700439453125
i1,2023-04-28 15:01:44.544,320.9485778808594
i1,2023-04-28 15:01:44.650,320.9485778808594
i1,2023-04-28 15:01:44.751,321.6763916015625
i1,2023-04-28 15:01:44.854,321.6763916015625
i1,2023-04-28 15:01:44.956,321.314208984375
i1,2023-04-28 15:01:45.054,321.314208984375
i1,2023-04-28 15:01:45.160,321.6764831542969
i1,2023-04-28 15:01:45.261,321.6764831542969
i1,2023-04-28 15:01:45.359,321.5970153808594
i1,2023-04-28 15:01:45.461,321.5970153808594
i1,2023-04-28 15:01:45.565,321.5970153808594
i1,2023-04-28 15:01:45.666,321.927978515625
i1,2023-04-28 15:01:45.772,321.772216796875
i1,2023-04-28 15:01:45.869,321.772216796875
i1,2023-04-28 15:01:45.967,322.406005859375
i1,2023-04-28 15:01:46.068,322.406005859375
i1,2023-04-28 15:01:46.175,322.5130615234375
i1,2023-04-28 15:01:46.281,322.5130615234375
i1,2023-04-28 15:01:46.378,322.77142333984375
i1,2023-04-28 15:01:46.480,322.77142333984375
i1,2023-04-28 15:01:46.586,322.87957763671875
i1,2023-04-28 15:01:46.690,322.87957763671875
i1,2023-04-28 15:01:46.792,323.50299072265625
i1,2023-04-28 15:01:46.887,323.50299072265625
i1,2023-04-28 15:01:46.996,323.2505187988281
i1,2023-04-28 15:01:47.098,323.2505187988281
i1,2023-04-28 15:01:47.201,323.8653259277344
i1,2023-04-28 15:01:47.305,324.632080078125
i1,2023-04-28 15:01:47.400,324.632080078125
i1,2023-04-28 15:01:47.508,324.632080078125
i1,2023-04-28 15:01:47.606,324.59722900390625
i1,2023-04-28 15:01:47.722,325.3018798828125
i1,2023-04-28 15:01:47.809,325.3018798828125
i1,2023-04-28 15:01:47.910,325.3018798828125
i1,2023-04-28 15:01:48.012,325.5264892578125
i1,2023-04-28 15:01:48.116,326.0349426269531
i1,2023-04-28 15:01:48.215,326.0349426269531
i1,2023-04-28 15:01:48.323,326.25469970703125
i1,2023-04-28 15:01:48.422,326.25469970703125
i1,2023-04-28 15:01:48.520,326.7684631347656
i1,2023-04-28 15:01:48.642,326.7684631347656
i1,2023-04-28 15:01:48.723,327.32989501953125
i1,2023-04-28 15:01:48.825,327.32989501953125
i1,2023-04-28 15:01:48.927,328.0630187988281
i1,2023-04-28 15:01:49.029,328.0630187988281
i1,2023-04-28 15:01:49.131,328.42999267578125
i1,2023-04-28 15:01:49.235,328.42999267578125
i1,2023-04-28 15:01:49.334,329.5232849121094
i1,2023-04-28 15:01:49.436,329.5232849121094
i1,2023-04-28 15:01:49.538,330.4425048828125
i1,2023-04-28 15:01:49.641,330.4425048828125
i1,2023-04-28 15:01:49.741,331.19110107421875
i1,2023-04-28 15:01:49.842,331.19110107421875
i1,2023-04-28 15:01:49.944,332.8153076171875
i1,2023-04-28 15:01:50.047,332.8153076171875
i1,2023-04-28 15:01:50.150,332.8153076171875
i1,2023-04-28 15:01:50.250,334.6407165527344
i1,2023-04-28 15:01:50.352,336.46710205078125
i1,2023-04-28 15:01:50.455,336.46710205078125
i1,2023-04-28 15:01:50.562,336.46710205078125
i1,2023-04-28 15:01:50.663,340.32342529296875
i1,2023-04-28 15:01:50.765,342.562255859375
i1,2023-04-28 15:01:50.867,342.562255859375
i1,2023-04-28 15:01:50.969,346.2181396484375
i1,2023-04-28 15:01:51.071,346.2181396484375
i1,2023-04-28 15:01:51.173,439.15350341796875
i1,2023-04-28 15:01:51.271,439.15350341796875
i1,2023-04-28 15:01:51.369,566.2066650390625
i1,2023-04-28 15:01:51.469,566.2066650390625
i1,2023-04-28 15:01:51.570,688.6910400390625
i1,2023-04-28 15:01:51.677,688.6910400390625
i1,2023-04-28 15:01:51.782,826.95556640625
i1,2023-04-28 15:01:51.879,826.95556640625
i1,2023-04-28 15:01:51.983,965.5093383789062
i1,2023-04-28 15:01:52.087,965.5093383789062
i1,2023-04-28 15:01:52.187,983.83154296875
i1,2023-04-28 15:01:52.288,983.83154296875
i1,2023-04-28 15:01:52.390,1026.6429443359375
i1,2023-04-28 15:01:52.492,1026.6429443359375
i1,2023-04-28 15:01:52.595,1026.6429443359375
i1,2023-04-28 15:01:52.699,932.2779541015625
i1,2023-04-28 15:01:52.803,977.6893310546875
i1,2023-04-28 15:01:52.900,977.6893310546875
i1,2023-04-28 15:01:53.003,875.8436279296875
i1,2023-04-28 15:01:53.104,875.8436279296875
i1,2023-04-28 15:01:53.205,750.31640625
i1,2023-04-28 15:01:53.307,750.31640625
i1,2023-04-28 15:01:53.411,622.2914428710938
i1,2023-04-28 15:01:53.512,622.2914428710938
i1,2023-04-28 15:01:53.613,482.70721435546875
i1,2023-04-28 15:01:53.719,482.70721435546875
i1,2023-04-28 15:01:53.818,482.70721435546875
i1,2023-04-28 15:01:53.920,346.5831298828125
i1,2023-04-28 15:01:54.022,318.68865966796875
i1,2023-04-28 15:01:54.124,318.68865966796875
i1,2023-04-28 15:01:54.226,318.629150390625
i1,2023-04-28 15:01:54.334,317.884765625
i1,2023-04-28 15:01:54.434,317.884765625
i1,2023-04-28 15:01:54.533,317.884765625
i1,2023-04-28 15:01:54.655,318.1867370605469
i1,2023-04-28 15:01:54.741,318.19097900390625
i1,2023-04-28 15:01:54.840,318.19097900390625
i1,2023-04-28 15:01:54.939,317.8279113769531
i1,2023-04-28 15:01:55.042,317.8279113769531
i1,2023-04-28 15:01:55.143,317.8279724121094
i1,2023-04-28 15:01:55.248,317.8279724121094
i1,2023-04-28 15:01:55.350,318.1942443847656
i1,2023-04-28 15:01:55.448,318.1942443847656
i1,2023-04-28 15:01:55.556,318.1942443847656
i1,2023-04-28 15:01:55.654,318.57830810546875
i1,2023-04-28 15:01:55.758,317.8280334472656
i1,2023-04-28 15:01:55.856,317.8280334472656
i1,2023-04-28 15:01:55.960,318.24591064453125
i1,2023-04-28 15:01:56.062,318.24591064453125
i1,2023-04-28 15:01:56.159,318.9244079589844
i1,2023-04-28 15:01:56.265,318.9244079589844
i1,2023-04-28 15:01:56.369,318.3385925292969
i1,2023-04-28 15:01:56.470,318.3385925292969
i1,2023-04-28 15:01:56.573,319.7906188964844
i1,2023-04-28 15:01:56.678,319.7906188964844
i1,2023-04-28 15:01:56.780,319.7906188964844
i1,2023-04-28 15:01:56.881,320.083251953125
i1,2023-04-28 15:01:56.984,321.9942626953125
i1,2023-04-28 15:01:57.086,321.9942626953125
i1,2023-04-28 15:01:57.189,324.7424621582031
i1,2023-04-28 15:01:57.289,324.7424621582031
i1,2023-04-28 15:01:57.389,329.012451171875
i1,2023-04-28 15:01:57.491,329.012451171875
i1,2023-04-28 15:01:57.593,329.012451171875
i1,2023-04-28 15:01:57.697,339.5093994140625
i1,2023-04-28 15:01:57.795,386.2515869140625
i1,2023-04-28 15:01:57.897,386.2515869140625
i1,2023-04-28 15:01:58.000,513.93994140625
i1,2023-04-28 15:01:58.102,513.93994140625
i1,2023-04-28 15:01:58.203,632.8714599609375
i1,2023-04-28 15:01:58.309,632.8714599609375
i1,2023-04-28 15:01:58.414,766.7623291015625
i1,2023-04-28 15:01:58.511,766.7623291015625
i1,2023-04-28 15:01:58.611,897.5886840820312
i1,2023-04-28 15:01:58.716,897.5886840820312
i1,2023-04-28 15:01:58.816,1033.2554931640625
i1,2023-04-28 15:01:58.916,1033.2554931640625
i1,2023-04-28 15:01:59.020,1158.7689208984375
i1,2023-04-28 15:01:59.121,1158.7689208984375
i1,2023-04-28 15:01:59.223,1147.6337890625
i1,2023-04-28 15:01:59.325,1147.6337890625
i1,2023-04-28 15:01:59.427,1196.457275390625
i1,2023-04-28 15:01:59.530,1196.457275390625
i1,2023-04-28 15:01:59.665,1043.27783203125
i1,2023-04-28 15:01:59.733,1043.27783203125
i1,2023-04-28 15:01:59.844,965.802978515625
i1,2023-04-28 15:01:59.940,846.076416015625
i1,2023-04-28 15:02:00.038,846.076416015625
i1,2023-04-28 15:02:00.141,846.076416015625
i1,2023-04-28 15:02:00.242,709.8206176757812
i1,2023-04-28 15:02:00.343,709.8206176757812
i1,2023-04-28 15:02:00.447,581.4500732421875
i1,2023-04-28 15:02:00.552,439.2297668457031
i1,2023-04-28 15:02:00.681,439.2297668457031
i1,2023-04-28 15:02:00.754,320.01910400390625
i1,2023-04-28 15:02:00.851,320.01910400390625
i1,2023-04-28 15:02:00.955,320.01910400390625
i1,2023-04-28 15:02:01.055,317.46038818359375
i1,2023-04-28 15:02:01.160,317.46063232421875
i1,2023-04-28 15:02:01.262,317.46063232421875
i1,2023-04-28 15:02:01.365,317.8912353515625
i1,2023-04-28 15:02:01.466,317.8912353515625
i1,2023-04-28 15:02:01.568,318.31927490234375
i1,2023-04-28 15:02:01.679,318.31927490234375
i1,2023-04-28 15:02:01.768,318.9229431152344
i1,2023-04-28 15:02:01.874,318.9229431152344
i1,2023-04-28 15:02:01.974,320.0190124511719
i1,2023-04-28 15:02:02.075,320.0190124511719
i1,2023-04-28 15:02:02.178,320.8329162597656
i1,2023-04-28 15:02:02.278,320.8329162597656
i1,2023-04-28 15:02:02.383,321.11529541015625
i1,2023-04-28 15:02:02.484,321.11529541015625
i1,2023-04-28 15:02:02.587,322.361572265625
i1,2023-04-28 15:02:02.691,322.361572265625
i1,2023-04-28 15:02:02.789,323.0941467285156
i1,2023-04-28 15:02:02.901,323.0941467285156
i1,2023-04-28 15:02:02.993,323.46319580078125
i1,2023-04-28 15:02:03.094,323.46319580078125
i1,2023-04-28 15:02:03.200,324.1958312988281
i1,2023-04-28 15:02:03.298,324.1958312988281
i1,2023-04-28 15:02:03.399,324.1958312988281
i1,2023-04-28 15:02:03.503,324.8020324707031
i1,2023-04-28 15:02:03.604,325.6888122558594
i1,2023-04-28 15:02:03.707,325.6888122558594
i1,2023-04-28 15:02:03.809,326.7864685058594
i1,2023-04-28 15:02:03.912,326.7864685058594
i1,2023-04-28 15:02:04.011,327.15301513671875
i1,2023-04-28 15:02:04.114,327.15301513671875
i1,2023-04-28 15:02:04.220,328.2430725097656
i1,2023-04-28 15:02:04.321,328.2430725097656
i1,2023-04-28 15:02:04.422,328.9750061035156
i1,2023-04-28 15:02:04.527,328.9750061035156
i1,2023-04-28 15:02:04.623,328.9750061035156
i1,2023-04-28 15:02:04.725,330.8910827636719
i1,2023-04-28 15:02:04.825,331.52618408203125
i1,2023-04-28 15:02:04.932,331.52618408203125
i1,2023-04-28 15:02:05.032,333.3526306152344
i1,2023-04-28 15:02:05.142,333.3526306152344
i1,2023-04-28 15:02:05.242,335.0600891113281
i1,2023-04-28 15:02:05.337,335.0600891113281
i1,2023-04-28 15:02:05.443,335.90863037109375
i1,2023-04-28 15:02:05.542,335.90863037109375
i1,2023-04-28 15:02:05.644,338.01220703125
i1,2023-04-28 15:02:05.747,338.01220703125
i1,2023-04-28 15:02:05.852,340.72412109375
i1,2023-04-28 15:02:05.950,340.72412109375
i1,2023-04-28 15:02:06.054,345.8680725097656
i1,2023-04-28 15:02:06.160,351.7414855957031
i1,2023-04-28 15:02:06.256,351.7414855957031
i1,2023-04-28 15:02:06.357,351.7414855957031
i1,2023-04-28 15:02:06.460,379.46759033203125
i1,2023-04-28 15:02:06.566,491.3028869628906
i1,2023-04-28 15:02:06.690,491.3028869628906
i1,2023-04-28 15:02:06.767,491.3028869628906
i1,2023-04-28 15:02:06.874,630.2708740234375
i1,2023-04-28 15:02:06.975,756.7110595703125
i1,2023-04-28 15:02:07.077,756.7110595703125
i1,2023-04-28 15:02:07.178,877.6672973632812
i1,2023-04-28 15:02:07.282,877.6672973632812
i1,2023-04-28 15:02:07.382,875.1118774414062
i1,2023-04-28 15:02:07.483,875.1118774414062
i1,2023-04-28 15:02:07.583,875.1118774414062
i1,2023-04-28 15:02:07.693,835.216796875
i1,2023-04-28 15:02:07.798,864.877685546875
i1,2023-04-28 15:02:07.890,864.877685546875
i1,2023-04-28 15:02:07.994,857.9353637695312
i1,2023-04-28 15:02:08.097,857.9353637695312
i1,2023-04-28 15:02:08.195,830.1619873046875
i1,2023-04-28 15:02:08.297,830.1619873046875
i1,2023-04-28 15:02:08.399,715.4190673828125
i1,2023-04-28 15:02:08.501,715.4190673828125
i1,2023-04-28 15:02:08.603,715.4190673828125
i1,2023-04-28 15:02:08.705,560.23974609375
i1,2023-04-28 15:02:08.809,444.2950439453125
i1,2023-04-28 15:02:08.909,444.2950439453125
i1,2023-04-28 15:02:09.020,320.8921203613281
i1,2023-04-28 15:02:09.113,320.8921203613281
i1,2023-04-28 15:02:09.215,319.79034423828125
i1,2023-04-28 15:02:09.315,319.79034423828125
i1,2023-04-28 15:02:09.420,319.2046813964844
i1,2023-04-28 15:02:09.525,319.2046813964844
i1,2023-04-28 15:02:09.620,319.5585632324219
i1,2023-04-28 15:02:09.723,319.5585632324219
i1,2023-04-28 15:02:09.826,318.7594299316406
i1,2023-04-28 15:02:09.927,318.7594299316406
i1,2023-04-28 15:02:10.029,318.7594299316406
i1,2023-04-28 15:02:10.136,319.1261901855469
i1,2023-04-28 15:02:10.234,318.7599182128906
i1,2023-04-28 15:02:10.336,318.7599182128906
i1,2023-04-28 15:02:10.437,318.6896667480469
i1,2023-04-28 15:02:10.540,318.6896667480469
i1,2023-04-28 15:02:10.641,318.7599182128906
i1,2023-04-28 15:02:10.746,318.7599182128906
i1,2023-04-28 15:02:10.848,318.03118896484375
i1,2023-04-28 15:02:10.951,318.03118896484375
i1,2023-04-28 15:02:11.052,318.5835266113281
i1,2023-04-28 15:02:11.151,318.5835266113281
i1,2023-04-28 15:02:11.254,318.2213134765625
i1,2023-04-28 15:02:11.352,318.2213134765625
i1,2023-04-28 15:02:11.456,318.5833740234375
i1,2023-04-28 15:02:11.562,318.5833740234375
i1,2023-04-28 15:02:11.664,318.5833740234375
i1,2023-04-28 15:02:11.757,318.8262023925781
i1,2023-04-28 15:02:11.858,318.51397705078125
i1,2023-04-28 15:02:11.964,318.51397705078125
i1,2023-04-28 15:02:12.075,318.5137634277344
i1,2023-04-28 15:02:12.168,318.5137634277344
i1,2023-04-28 15:02:12.271,318.5142822265625
i1,2023-04-28 15:02:12.375,318.5142822265625
i1,2023-04-28 15:02:12.474,318.51409912109375
i1,2023-04-28 15:02:12.578,318.51409912109375
i1,2023-04-28 15:02:12.704,319.45208740234375
i1,2023-04-28 15:02:12.784,319.45208740234375
i1,2023-04-28 15:02:12.883,319.2934265136719
i1,2023-04-28 15:02:12.985,320.0998229980469
i1,2023-04-28 15:02:13.086,320.0998229980469
i1,2023-04-28 15:02:13.192,320.3894958496094
i1,2023-04-28 15:02:13.291,320.3894958496094
i1,2023-04-28 15:02:13.397,320.3894958496094
i1,2023-04-28 15:02:13.494,321.7978210449219
i1,2023-04-28 15:02:13.596,322.73077392578125
i1,2023-04-28 15:02:13.720,322.73077392578125
i1,2023-04-28 15:02:13.801,323.31243896484375
i1,2023-04-28 15:02:13.902,323.31243896484375
i1,2023-04-28 15:02:14.005,324.40899658203125
i1,2023-04-28 15:02:14.106,324.40899658203125
i1,2023-04-28 15:02:14.208,325.13934326171875
i1,2023-04-28 15:02:14.314,325.13934326171875
i1,2023-04-28 15:02:14.416,325.30999755859375
i1,2023-04-28 15:02:14.516,325.30999755859375
i1,2023-04-28 15:02:14.617,325.6712951660156
i1,2023-04-28 15:02:14.718,325.6712951660156
i1,2023-04-28 15:02:14.820,326.61993408203125
i1,2023-04-28 15:02:14.922,326.61993408203125
i1,2023-04-28 15:02:15.023,326.7731628417969
i1,2023-04-28 15:02:15.126,326.7731628417969
i1,2023-04-28 15:02:15.228,326.0389404296875
i1,2023-04-28 15:02:15.331,326.0389404296875
i1,2023-04-28 15:02:15.436,326.0391845703125
i1,2023-04-28 15:02:15.540,326.0391845703125
i1,2023-04-28 15:02:15.638,326.0391845703125
i1,2023-04-28 15:02:15.742,326.4118347167969
i1,2023-04-28 15:02:15.838,326.2051086425781
i1,2023-04-28 15:02:15.939,326.2051086425781
i1,2023-04-28 15:02:16.040,326.78985595703125
i1,2023-04-28 15:02:16.146,326.78985595703125
i1,2023-04-28 15:02:16.246,327.3123779296875
i1,2023-04-28 15:02:16.350,327.3123779296875
i1,2023-04-28 15:02:16.451,327.5185852050781
i1,2023-04-28 15:02:16.555,327.5185852050781
i1,2023-04-28 15:02:16.658,327.6819763183594
i1,2023-04-28 15:02:16.757,327.6819763183594
i1,2023-04-28 15:02:16.858,327.88409423828125
i1,2023-04-28 15:02:16.965,327.88409423828125
i1,2023-04-28 15:02:17.062,327.88409423828125
i1,2023-04-28 15:02:17.165,329.3410339355469
i1,2023-04-28 15:02:17.267,330.4360046386719
i1,2023-04-28 15:02:17.370,330.4360046386719
i1,2023-04-28 15:02:17.473,332.2481994628906
i1,2023-04-28 15:02:17.573,332.2481994628906
i1,2023-04-28 15:02:17.675,332.990966796875
i1,2023-04-28 15:02:17.776,332.990966796875
i1,2023-04-28 15:02:17.878,334.8135681152344
i1,2023-04-28 15:02:17.980,334.8135681152344
i1,2023-04-28 15:02:18.085,337.002197265625
i1,2023-04-28 15:02:18.187,337.002197265625
i1,2023-04-28 15:02:18.288,339.9237060546875
i1,2023-04-28 15:02:18.390,339.9237060546875
i1,2023-04-28 15:02:18.491,342.8418884277344
i1,2023-04-28 15:02:18.594,342.8418884277344
i1,2023-04-28 15:02:18.725,349.186279296875
i1,2023-04-28 15:02:18.796,349.186279296875
i1,2023-04-28 15:02:18.900,352.4822082519531
i1,2023-04-28 15:02:19.001,360.5596618652344
i1,2023-04-28 15:02:19.100,360.5596618652344
i1,2023-04-28 15:02:19.205,360.5596618652344
i1,2023-04-28 15:02:19.304,445.0320129394531
i1,2023-04-28 15:02:19.405,562.9231567382812
i1,2023-04-28 15:02:19.506,562.9231567382812
i1,2023-04-28 15:02:19.614,701.3834228515625
i1,2023-04-28 15:02:19.740,701.3834228515625
i1,2023-04-28 15:02:19.816,836.3816528320312
i1,2023-04-28 15:02:19.920,836.3816528320312
i1,2023-04-28 15:02:20.022,836.3816528320312
i1,2023-04-28 15:02:20.122,875.4808349609375
i1,2023-04-28 15:02:20.224,871.0955200195312
i1,2023-04-28 15:02:20.323,871.0955200195312
i1,2023-04-28 15:02:20.425,898.0845947265625
i1,2023-04-28 15:02:20.527,898.0845947265625
i1,2023-04-28 15:02:20.633,861.141845703125
i1,2023-04-28 15:02:20.736,861.141845703125
i1,2023-04-28 15:02:20.833,844.6443481445312
i1,2023-04-28 15:02:20.934,844.6443481445312
i1,2023-04-28 15:02:21.037,764.5498657226562
i1,2023-04-28 15:02:21.139,764.5498657226562
i1,2023-04-28 15:02:21.241,640.990234375
i1,2023-04-28 15:02:21.344,640.990234375
i1,2023-04-28 15:02:21.457,503.4270935058594
i1,2023-04-28 15:02:21.547,503.4270935058594
i1,2023-04-28 15:02:21.649,503.4270935058594
i1,2023-04-28 15:02:21.750,360.54473876953125
i1,2023-04-28 15:02:21.856,319.56158447265625
i1,2023-04-28 15:02:21.950,319.56158447265625
i1,2023-04-28 15:02:22.061,319.8542175292969
i1,2023-04-28 15:02:22.156,319.8542175292969
i1,2023-04-28 15:02:22.259,320.6689147949219
i1,2023-04-28 15:02:22.362,320.6689147949219
i1,2023-04-28 15:02:22.463,320.58612060546875
i1,2023-04-28 15:02:22.574,320.58612060546875
i1,2023-04-28 15:02:22.668,321.4056396484375
i1,2023-04-28 15:02:22.777,321.4056396484375
i1,2023-04-28 15:02:22.875,320.951904296875
i1,2023-04-28 15:02:22.977,320.951904296875
i1,2023-04-28 15:02:23.078,321.40673828125
i1,2023-04-28 15:02:23.178,321.40673828125
i1,2023-04-28 15:02:23.280,321.31463623046875
i1,2023-04-28 15:02:23.382,321.31463623046875
i1,2023-04-28 15:02:23.484,321.49664306640625
i1,2023-04-28 15:02:23.586,321.49664306640625
i1,2023-04-28 15:02:23.688,322.0433349609375
i1,2023-04-28 15:02:23.791,322.0433349609375
i1,2023-04-28 15:02:23.892,321.9980163574219
i1,2023-04-28 15:02:23.994,321.9980163574219
i1,2023-04-28 15:02:24.097,321.53546142578125
i1,2023-04-28 15:02:24.198,321.53546142578125
i1,2023-04-28 15:02:24.302,321.994140625
i1,2023-04-28 15:02:24.403,321.994140625
i1,2023-04-28 15:02:24.503,321.900146484375
i1,2023-04-28 15:02:24.605,321.900146484375
i1,2023-04-28 15:02:24.709,321.6288757324219
i1,2023-04-28 15:02:24.810,321.6288757324219
i1,2023-04-28 15:02:24.912,321.53533935546875
i1,2023-04-28 15:02:25.021,321.99774169921875
