id,timestamp,MaxxTurn45_Axes_Power_Active_B
i1,2023-04-28T15:00:12.768871,700.5239868164062
i1,2023-04-28T15:00:12.871204,704.6685180664062
i1,2023-04-28T15:00:12.973669,704.6685180664062
i1,2023-04-28T15:00:13.077936,704.1692504882812
i1,2023-04-28T15:00:13.182036,704.1692504882812
i1,2023-04-28T15:00:13.283955,704.1692504882812
i1,2023-04-28T15:00:13.381255,750.9951782226562
i1,2023-04-28T15:00:13.483466,761.9359741210938
i1,2023-04-28T15:00:13.588414,761.9359741210938
i1,2023-04-28T15:00:13.688543,745.8350830078125
i1,2023-04-28T15:00:13.790952,745.8350830078125
i1,2023-04-28T15:00:13.890354,748.017333984375
i1,2023-04-28T15:00:14.000510,748.017333984375
i1,2023-04-28T15:00:14.100054,761.0421142578125
i1,2023-04-28T15:00:14.199230,761.0421142578125
i1,2023-04-28T15:00:14.300033,879.8892211914062
i1,2023-04-28T15:00:14.405163,879.8892211914062
i1,2023-04-28T15:00:14.503426,1149.1646728515625
i1,2023-04-28T15:00:14.604483,1149.1646728515625
i1,2023-04-28T15:00:14.707664,1860.88037109375
i1,2023-04-28T15:00:14.809810,1860.88037109375
i1,2023-04-28T15:00:14.910320,2809.44580078125
i1,2023-04-28T15:00:15.012731,2809.44580078125
i1,2023-04-28T15:00:15.116853,3844.56982421875
i1,2023-04-28T15:00:15.220325,3844.56982421875
i1,2023-04-28T15:00:15.321976,4396.80615234375
i1,2023-04-28T15:00:15.422167,4396.80615234375
i1,2023-04-28T15:00:15.525637,5114.3525390625
i1,2023-04-28T15:00:15.623404,5114.3525390625
i1,2023-04-28T15:00:15.725708,5750.47900390625
i1,2023-04-28T15:00:15.822423,5750.47900390625
i1,2023-04-28T15:00:15.926717,6414.80908203125
i1,2023-04-28T15:00:16.025061,6414.80908203125
i1,2023-04-28T15:00:16.132963,6613.6640625
i1,2023-04-28T15:00:16.239214,6613.6640625
i1,2023-04-28T15:00:16.337092,6513.20556640625
i1,2023-04-28T15:00:16.451200,5885.93505859375
i1,2023-04-28T15:00:16.540583,5885.93505859375
i1,2023-04-28T15:00:16.653793,5029.9521484375
i1,2023-04-28T15:00:16.756778,5029.9521484375
i1,2023-04-28T15:00:16.850947,4259.7783203125
i1,2023-04-28T15:00:16.949073,4259.7783203125
i1,2023-04-28T15:00:17.057890,3583.0595703125
i1,2023-04-28T15:00:17.156195,3583.0595703125
i1,2023-04-28T15:00:17.256310,3020.059326171875
i1,2023-04-28T15:00:17.383267,3020.059326171875
i1,2023-04-28T15:00:17.461114,2432.025634765625
i1,2023-04-28T15:00:17.562724,2432.025634765625
i1,2023-04-28T15:00:17.666445,1534.0447998046875
i1,2023-04-28T15:00:17.768886,1534.0447998046875
i1,2023-04-28T15:00:17.872104,822.5092163085938
i1,2023-04-28T15:00:17.974478,822.5092163085938
i1,2023-04-28T15:00:18.073652,376.4391174316406
i1,2023-04-28T15:00:18.176972,376.4391174316406
i1,2023-04-28T15:00:18.275393,376.4391174316406
i1,2023-04-28T15:00:18.380867,-369.6548767089844
i1,2023-04-28T15:00:18.479069,-759.572509765625
i1,2023-04-28T15:00:18.584135,-759.572509765625
i1,2023-04-28T15:00:18.686345,-1395.651123046875
i1,2023-04-28T15:00:18.784662,-1395.651123046875
i1,2023-04-28T15:00:18.892598,-2185.41064453125
i1,2023-04-28T15:00:18.990436,-2185.41064453125
i1,2023-04-28T15:00:19.100967,-2736.542724609375
i1,2023-04-28T15:00:19.194849,-2736.542724609375
i1,2023-04-28T15:00:19.296792,-2879.796142578125
i1,2023-04-28T15:00:19.399999,-2879.796142578125
i1,2023-04-28T15:00:19.501134,-2533.6708984375
i1,2023-04-28T15:00:19.602240,-2533.6708984375
i1,2023-04-28T15:00:19.708388,-1755.38818359375
i1,2023-04-28T15:00:19.805875,-1755.38818359375
i1,2023-04-28T15:00:19.911179,-476.9273986816406
i1,2023-04-28T15:00:20.012806,-476.9273986816406
i1,2023-04-28T15:00:20.111818,1108.35400390625
i1,2023-04-28T15:00:20.228058,1108.35400390625
i1,2023-04-28T15:00:20.311366,1108.35400390625
i1,2023-04-28T15:00:20.414771,2549.79931640625
i1,2023-04-28T15:00:20.521189,3538.6123046875
i1,2023-04-28T15:00:20.625436,3538.6123046875
i1,2023-04-28T15:00:20.727351,4757.419921875
i1,2023-04-28T15:00:20.825954,4757.419921875
i1,2023-04-28T15:00:20.928021,5400.96044921875
i1,2023-04-28T15:00:21.029363,5400.96044921875
i1,2023-04-28T15:00:21.131697,5506.1552734375
i1,2023-04-28T15:00:21.234176,5506.1552734375
i1,2023-04-28T15:00:21.338330,5592.17724609375
i1,2023-04-28T15:00:21.441918,5592.17724609375
i1,2023-04-28T15:00:21.540940,5184.65283203125
i1,2023-04-28T15:00:21.649029,5184.65283203125
i1,2023-04-28T15:00:21.748650,4415.11572265625
i1,2023-04-28T15:00:21.846780,4415.11572265625
i1,2023-04-28T15:00:21.952146,3635.04638671875
i1,2023-04-28T15:00:22.052871,3635.04638671875
i1,2023-04-28T15:00:22.152920,2561.68017578125
i1,2023-04-28T15:00:22.254036,2561.68017578125
i1,2023-04-28T15:00:22.356717,2263.5791015625
i1,2023-04-28T15:00:22.465448,1755.328125
i1,2023-04-28T15:00:22.560131,1755.328125
i1,2023-04-28T15:00:22.669127,1755.328125
i1,2023-04-28T15:00:22.768608,1727.091796875
i1,2023-04-28T15:00:22.873011,1710.130615234375
i1,2023-04-28T15:00:22.974223,1710.130615234375
i1,2023-04-28T15:00:23.083410,1679.5360107421875
i1,2023-04-28T15:00:23.181103,1679.5360107421875
i1,2023-04-28T15:00:23.279306,1573.817138671875
i1,2023-04-28T15:00:23.403992,1573.817138671875
i1,2023-04-28T15:00:23.487059,1062.5909423828125
i1,2023-04-28T15:00:23.595102,1062.5909423828125
i1,2023-04-28T15:00:23.684464,500.4691467285156
i1,2023-04-28T15:00:23.791511,500.4691467285156
i1,2023-04-28T15:00:23.887964,-184.20074462890625
i1,2023-04-28T15:00:23.997266,-184.20074462890625
i1,2023-04-28T15:00:24.094581,440.2674560546875
i1,2023-04-28T15:00:24.195951,440.2674560546875
i1,2023-04-28T15:00:24.293969,1008.146240234375
i1,2023-04-28T15:00:24.393598,1008.146240234375
i1,2023-04-28T15:00:24.497649,1618.283935546875
i1,2023-04-28T15:00:24.600467,1618.283935546875
i1,2023-04-28T15:00:24.703318,2127.8271484375
i1,2023-04-28T15:00:24.803743,2127.8271484375
i1,2023-04-28T15:00:24.905929,2697.870361328125
i1,2023-04-28T15:00:25.007301,2697.870361328125
i1,2023-04-28T15:00:25.120709,3005.2978515625
i1,2023-04-28T15:00:25.210870,3005.2978515625
i1,2023-04-28T15:00:25.313349,3507.5986328125
i1,2023-04-28T15:00:25.416039,3507.5986328125
i1,2023-04-28T15:00:25.515995,4073.130859375
i1,2023-04-28T15:00:25.618062,4073.130859375
i1,2023-04-28T15:00:25.724509,4650.970703125
i1,2023-04-28T15:00:25.821918,4650.970703125
i1,2023-04-28T15:00:25.926223,4062.2666015625
i1,2023-04-28T15:00:26.029825,4062.2666015625
i1,2023-04-28T15:00:26.129446,3356.259765625
i1,2023-04-28T15:00:26.234338,3356.259765625
i1,2023-04-28T15:00:26.333082,3356.259765625
i1,2023-04-28T15:00:26.437914,2733.1982421875
i1,2023-04-28T15:00:26.536949,2448.947021484375
i1,2023-04-28T15:00:26.641224,2448.947021484375
i1,2023-04-28T15:00:26.740548,1711.07861328125
i1,2023-04-28T15:00:26.846847,1711.07861328125
i1,2023-04-28T15:00:26.949010,1009.5659790039062
i1,2023-04-28T15:00:27.052324,1009.5659790039062
i1,2023-04-28T15:00:27.155775,1164.373291015625
i1,2023-04-28T15:00:27.256941,1164.373291015625
i1,2023-04-28T15:00:27.357755,1402.9886474609375
i1,2023-04-28T15:00:27.462664,1402.9886474609375
i1,2023-04-28T15:00:27.560141,1659.10400390625
i1,2023-04-28T15:00:27.662946,1659.10400390625
i1,2023-04-28T15:00:27.762622,1140.816650390625
i1,2023-04-28T15:00:27.870881,820.3477172851562
i1,2023-04-28T15:00:27.969196,820.3477172851562
i1,2023-04-28T15:00:28.065157,820.3477172851562
i1,2023-04-28T15:00:28.174588,202.8592071533203
i1,2023-04-28T15:00:28.281379,557.6519165039062
i1,2023-04-28T15:00:28.409453,557.6519165039062
i1,2023-04-28T15:00:28.480766,557.6519165039062
i1,2023-04-28T15:00:28.582440,1284.53662109375
i1,2023-04-28T15:00:28.683356,1778.4766845703125
i1,2023-04-28T15:00:28.785666,1778.4766845703125
i1,2023-04-28T15:00:28.896170,1866.2412109375
i1,2023-04-28T15:00:28.991156,1866.2412109375
i1,2023-04-28T15:00:29.094310,2014.9312744140625
i1,2023-04-28T15:00:29.194549,2014.9312744140625
i1,2023-04-28T15:00:29.298216,2014.9312744140625
i1,2023-04-28T15:00:29.417827,1739.148681640625
i1,2023-04-28T15:00:29.501942,2239.26611328125
i1,2023-04-28T15:00:29.602004,2239.26611328125
i1,2023-04-28T15:00:29.701134,2709.064453125
i1,2023-04-28T15:00:29.803791,2709.064453125
i1,2023-04-28T15:00:29.904710,3201.22802734375
i1,2023-04-28T15:00:30.006068,3201.22802734375
i1,2023-04-28T15:00:30.108355,2569.09912109375
i1,2023-04-28T15:00:30.212522,2569.09912109375
i1,2023-04-28T15:00:30.316403,2569.09912109375
i1,2023-04-28T15:00:30.420107,1294.669677734375
i1,2023-04-28T15:00:30.513944,1018.5122680664062
i1,2023-04-28T15:00:30.616912,1018.5122680664062
i1,2023-04-28T15:00:30.718085,238.10279846191406
i1,2023-04-28T15:00:30.818248,238.10279846191406
i1,2023-04-28T15:00:30.916402,-694.6511840820312
i1,2023-04-28T15:00:31.016580,-694.6511840820312
i1,2023-04-28T15:00:31.129333,-1479.00146484375
i1,2023-04-28T15:00:31.226557,-1479.00146484375
i1,2023-04-28T15:00:31.328363,-2052.001708984375
i1,2023-04-28T15:00:31.434818,-2052.001708984375
i1,2023-04-28T15:00:31.536007,-2703.79150390625
i1,2023-04-28T15:00:31.634146,-2703.79150390625
i1,2023-04-28T15:00:31.744355,-2892.279296875
i1,2023-04-28T15:00:31.838414,-2892.279296875
i1,2023-04-28T15:00:31.943945,-2575.695068359375
i1,2023-04-28T15:00:32.045074,-2575.695068359375
i1,2023-04-28T15:00:32.145607,-1735.62744140625
i1,2023-04-28T15:00:32.245830,-1735.62744140625
i1,2023-04-28T15:00:32.347226,-499.36236572265625
i1,2023-04-28T15:00:32.450700,-499.36236572265625
i1,2023-04-28T15:00:32.551918,908.0382690429688
i1,2023-04-28T15:00:32.656035,908.0382690429688
i1,2023-04-28T15:00:32.756434,2102.8271484375
i1,2023-04-28T15:00:32.867656,2102.8271484375
i1,2023-04-28T15:00:32.959904,3281.684814453125
i1,2023-04-28T15:00:33.061181,3281.684814453125
i1,2023-04-28T15:00:33.163385,4533.2880859375
i1,2023-04-28T15:00:33.267803,4533.2880859375
i1,2023-04-28T15:00:33.367715,4533.2880859375
i1,2023-04-28T15:00:33.470708,4816.412109375
i1,2023-04-28T15:00:33.576793,5146.701171875
i1,2023-04-28T15:00:33.677009,5146.701171875
i1,2023-04-28T15:00:33.782467,5115.0986328125
i1,2023-04-28T15:00:33.881856,5115.0986328125
i1,2023-04-28T15:00:33.986371,4743.931640625
i1,2023-04-28T15:00:34.083048,4743.931640625
i1,2023-04-28T15:00:34.186493,3980.835205078125
i1,2023-04-28T15:00:34.289794,3980.835205078125
i1,2023-04-28T15:00:34.427965,3020.36083984375
i1,2023-04-28T15:00:34.492978,3020.36083984375
i1,2023-04-28T15:00:34.595788,2427.642333984375
i1,2023-04-28T15:00:34.699045,1834.664306640625
i1,2023-04-28T15:00:34.801350,1834.664306640625
i1,2023-04-28T15:00:34.906366,1326.6080322265625
i1,2023-04-28T15:00:35.003828,1326.6080322265625
i1,2023-04-28T15:00:35.105099,1518.77783203125
i1,2023-04-28T15:00:35.208366,1518.77783203125
i1,2023-04-28T15:00:35.312816,1519.87646484375
i1,2023-04-28T15:00:35.444822,1519.87646484375
i1,2023-04-28T15:00:35.513991,1518.8172607421875
i1,2023-04-28T15:00:35.613014,1518.8172607421875
i1,2023-04-28T15:00:35.715963,1517.3665771484375
i1,2023-04-28T15:00:35.818268,1517.3665771484375
i1,2023-04-28T15:00:35.923008,1515.19091796875
i1,2023-04-28T15:00:36.020894,1515.19091796875
i1,2023-04-28T15:00:36.124061,1513.0548095703125
i1,2023-04-28T15:00:36.226436,1513.0548095703125
i1,2023-04-28T15:00:36.326009,1512.5855712890625
i1,2023-04-28T15:00:36.432616,1512.5855712890625
i1,2023-04-28T15:00:36.532911,1512.3778076171875
i1,2023-04-28T15:00:36.631761,1512.3778076171875
i1,2023-04-28T15:00:36.735050,1512.585205078125
i1,2023-04-28T15:00:36.837319,1512.585205078125
i1,2023-04-28T15:00:36.938703,1513.8173828125
i1,2023-04-28T15:00:37.042898,1513.8173828125
i1,2023-04-28T15:00:37.148219,1516.9595947265625
i1,2023-04-28T15:00:37.249043,1516.9595947265625
i1,2023-04-28T15:00:37.351255,1516.9595947265625
i1,2023-04-28T15:00:37.452441,1517.8372802734375
i1,2023-04-28T15:00:37.556654,1518.7470703125
i1,2023-04-28T15:00:37.652788,1518.7470703125
i1,2023-04-28T15:00:37.760105,1521.3634033203125
i1,2023-04-28T15:00:37.859962,1521.3634033203125
i1,2023-04-28T15:00:37.958534,1521.6785888671875
i1,2023-04-28T15:00:38.061088,1521.6785888671875
i1,2023-04-28T15:00:38.164214,1521.36474609375
i1,2023-04-28T15:00:38.272678,1521.36474609375
i1,2023-04-28T15:00:38.367257,1520.21337890625
i1,2023-04-28T15:00:38.471611,1520.21337890625
i1,2023-04-28T15:00:38.570826,1516.294921875
i1,2023-04-28T15:00:38.672926,1516.294921875
i1,2023-04-28T15:00:38.775091,1513.619384765625
i1,2023-04-28T15:00:38.880437,1513.619384765625
i1,2023-04-28T15:00:38.983700,1510.5013427734375
i1,2023-04-28T15:00:39.085143,1510.5013427734375
i1,2023-04-28T15:00:39.187199,1508.41015625
i1,2023-04-28T15:00:39.285573,1508.41015625
i1,2023-04-28T15:00:39.392437,1508.328369140625
i1,2023-04-28T15:00:39.495775,1508.328369140625
i1,2023-04-28T15:00:39.596786,1107.2861328125
i1,2023-04-28T15:00:39.692557,1107.2861328125
i1,2023-04-28T15:00:39.798177,953.97265625
i1,2023-04-28T15:00:39.898247,953.97265625
i1,2023-04-28T15:00:40.000775,432.2711486816406
i1,2023-04-28T15:00:40.100561,432.2711486816406
i1,2023-04-28T15:00:40.203292,-142.66409301757812
i1,2023-04-28T15:00:40.304470,-142.66409301757812
i1,2023-04-28T15:00:40.406995,-848.5072021484375
i1,2023-04-28T15:00:40.512128,-848.5072021484375
i1,2023-04-28T15:00:40.606199,-1584.43115234375
i1,2023-04-28T15:00:40.715024,-1765.535400390625
i1,2023-04-28T15:00:40.814029,-1765.535400390625
i1,2023-04-28T15:00:40.931634,-1850.0946044921875
i1,2023-04-28T15:00:41.018769,-1850.0946044921875
i1,2023-04-28T15:00:41.123203,-1917.156982421875
i1,2023-04-28T15:00:41.228314,-1917.156982421875
i1,2023-04-28T15:00:41.325616,-1917.156982421875
i1,2023-04-28T15:00:41.448390,-1445.2640380859375
i1,2023-04-28T15:00:41.534519,-1530.08056640625
i1,2023-04-28T15:00:41.632693,-1530.08056640625
i1,2023-04-28T15:00:41.734887,-1021.9981689453125
i1,2023-04-28T15:00:41.841464,-1021.9981689453125
i1,2023-04-28T15:00:41.940528,16.76548194885254
i1,2023-04-28T15:00:42.042752,16.76548194885254
i1,2023-04-28T15:00:42.144092,1541.1983642578125
i1,2023-04-28T15:00:42.246392,1541.1983642578125
i1,2023-04-28T15:00:42.344578,3089.321044921875
i1,2023-04-28T15:00:42.449776,3089.321044921875
i1,2023-04-28T15:00:42.559459,3909.5576171875
i1,2023-04-28T15:00:42.650687,3909.5576171875
i1,2023-04-28T15:00:42.752875,4555.2587890625
i1,2023-04-28T15:00:42.857490,4555.2587890625
i1,2023-04-28T15:00:42.962591,4861.373046875
i1,2023-04-28T15:00:43.058954,4861.373046875
i1,2023-04-28T15:00:43.165962,5404.69580078125
i1,2023-04-28T15:00:43.267304,5404.69580078125
i1,2023-04-28T15:00:43.368169,5404.69580078125
i1,2023-04-28T15:00:43.468320,5166.67578125
i1,2023-04-28T15:00:43.569460,5446.0654296875
i1,2023-04-28T15:00:43.669892,5446.0654296875
i1,2023-04-28T15:00:43.781914,5158.59326171875
i1,2023-04-28T15:00:43.873468,5158.59326171875
i1,2023-04-28T15:00:43.976595,4444.1572265625
i1,2023-04-28T15:00:44.077726,4444.1572265625
i1,2023-04-28T15:00:44.183203,3666.921142578125
i1,2023-04-28T15:00:44.285527,3666.921142578125
i1,2023-04-28T15:00:44.382923,3008.92724609375
i1,2023-04-28T15:00:44.486415,3008.92724609375
i1,2023-04-28T15:00:44.587615,2489.57666015625
i1,2023-04-28T15:00:44.691078,2489.57666015625
i1,2023-04-28T15:00:44.794002,2244.057373046875
i1,2023-04-28T15:00:44.907682,2244.057373046875
i1,2023-04-28T15:00:44.996855,2145.54931640625
i1,2023-04-28T15:00:45.097703,2145.54931640625
i1,2023-04-28T15:00:45.200085,1986.5352783203125
i1,2023-04-28T15:00:45.303625,1986.5352783203125
i1,2023-04-28T15:00:45.405190,1855.9053955078125
i1,2023-04-28T15:00:45.506570,1855.9053955078125
i1,2023-04-28T15:00:45.611616,1297.545166015625
i1,2023-04-28T15:00:45.710652,1297.545166015625
i1,2023-04-28T15:00:45.814899,1015.9385986328125
i1,2023-04-28T15:00:45.907746,1015.9385986328125
i1,2023-04-28T15:00:46.020395,1280.05078125
i1,2023-04-28T15:00:46.116884,1280.05078125
i1,2023-04-28T15:00:46.220173,1781.13525390625
i1,2023-04-28T15:00:46.320394,1781.13525390625
i1,2023-04-28T15:00:46.422237,1886.13818359375
i1,2023-04-28T15:00:46.529132,1886.13818359375
i1,2023-04-28T15:00:46.627461,1993.9046630859375
i1,2023-04-28T15:00:46.728554,1993.9046630859375
i1,2023-04-28T15:00:46.838912,2049.755126953125
i1,2023-04-28T15:00:46.939245,2038.149169921875
i1,2023-04-28T15:00:47.036370,2038.149169921875
i1,2023-04-28T15:00:47.145205,2093.2724609375
i1,2023-04-28T15:00:47.244541,2093.2724609375
i1,2023-04-28T15:00:47.345507,2518.552490234375
i1,2023-04-28T15:00:47.474613,2518.552490234375
i1,2023-04-28T15:00:47.546320,2747.60009765625
i1,2023-04-28T15:00:47.647549,2747.60009765625
i1,2023-04-28T15:00:47.753813,2302.892578125
i1,2023-04-28T15:00:47.855039,2302.892578125
i1,2023-04-28T15:00:47.958248,1389.9461669921875
i1,2023-04-28T15:00:48.057551,1389.9461669921875
i1,2023-04-28T15:00:48.157987,1416.552001953125
i1,2023-04-28T15:00:48.262208,1416.552001953125
i1,2023-04-28T15:00:48.361705,1764.8084716796875
i1,2023-04-28T15:00:48.467089,1764.8084716796875
i1,2023-04-28T15:00:48.564367,1777.9317626953125
i1,2023-04-28T15:00:48.673691,1777.9317626953125
i1,2023-04-28T15:00:48.776974,1758.8017578125
i1,2023-04-28T15:00:48.870998,1758.8017578125
i1,2023-04-28T15:00:48.974359,1766.268798828125
i1,2023-04-28T15:00:49.077707,1766.268798828125
i1,2023-04-28T15:00:49.185015,1750.8763427734375
i1,2023-04-28T15:00:49.281392,1750.8763427734375
i1,2023-04-28T15:00:49.380670,1755.9791259765625
i1,2023-04-28T15:00:49.484260,1755.9791259765625
i1,2023-04-28T15:00:49.590494,1896.4578857421875
i1,2023-04-28T15:00:49.688656,1896.4578857421875
i1,2023-04-28T15:00:49.794666,2293.9951171875
i1,2023-04-28T15:00:49.897096,2293.9951171875
i1,2023-04-28T15:00:49.996301,2144.1044921875
i1,2023-04-28T15:00:50.093282,2144.1044921875
i1,2023-04-28T15:00:50.198968,1673.43115234375
i1,2023-04-28T15:00:50.305334,1673.43115234375
i1,2023-04-28T15:00:50.407170,1673.43115234375
i1,2023-04-28T15:00:50.510344,1578.748046875
i1,2023-04-28T15:00:50.610299,1594.21435546875
i1,2023-04-28T15:00:50.707533,1594.21435546875
i1,2023-04-28T15:00:50.803288,1578.5716552734375
i1,2023-04-28T15:00:50.907748,1578.5716552734375
i1,2023-04-28T15:00:51.009933,1584.6875
i1,2023-04-28T15:00:51.112570,1584.6875
i1,2023-04-28T15:00:51.211648,1461.26416015625
i1,2023-04-28T15:00:51.316226,1461.26416015625
i1,2023-04-28T15:00:51.420225,1107.7415771484375
i1,2023-04-28T15:00:51.525585,1107.7415771484375
i1,2023-04-28T15:00:51.626837,610.1378173828125
i1,2023-04-28T15:00:51.725663,610.1378173828125
i1,2023-04-28T15:00:51.826790,196.81842041015625
i1,2023-04-28T15:00:51.928099,196.81842041015625
i1,2023-04-28T15:00:52.033647,293.7698669433594
i1,2023-04-28T15:00:52.136590,293.7698669433594
i1,2023-04-28T15:00:52.238560,383.26611328125
i1,2023-04-28T15:00:52.341663,383.26611328125
i1,2023-04-28T15:00:52.475756,383.26611328125
i1,2023-04-28T15:00:52.546374,836.146728515625
i1,2023-04-28T15:00:52.644904,887.064453125
i1,2023-04-28T15:00:52.753953,938.5623168945312
i1,2023-04-28T15:00:52.849852,938.5623168945312
i1,2023-04-28T15:00:52.968846,1069.845703125
i1,2023-04-28T15:00:53.054379,1069.845703125
i1,2023-04-28T15:00:53.159779,1370.852783203125
i1,2023-04-28T15:00:53.257590,1370.852783203125
i1,2023-04-28T15:00:53.358414,1370.852783203125
i1,2023-04-28T15:00:53.487124,1258.28662109375
i1,2023-04-28T15:00:53.567520,1819.1011962890625
i1,2023-04-28T15:00:53.666355,1819.1011962890625
i1,2023-04-28T15:00:53.765575,2212.9482421875
i1,2023-04-28T15:00:53.870819,2212.9482421875
i1,2023-04-28T15:00:53.975249,2491.474853515625
i1,2023-04-28T15:00:54.075314,2491.474853515625
i1,2023-04-28T15:00:54.174652,2446.054443359375
i1,2023-04-28T15:00:54.281023,2446.054443359375
i1,2023-04-28T15:00:54.379484,2283.828125
i1,2023-04-28T15:00:54.482345,2283.828125
i1,2023-04-28T15:00:54.595995,1831.1455078125
i1,2023-04-28T15:00:54.686433,1831.1455078125
i1,2023-04-28T15:00:54.788474,2019.9442138671875
i1,2023-04-28T15:00:54.891987,2019.9442138671875
i1,2023-04-28T15:00:54.994220,2302.78125
i1,2023-04-28T15:00:55.093536,2302.78125
i1,2023-04-28T15:00:55.195914,3029.090576171875
i1,2023-04-28T15:00:55.297944,3029.090576171875
i1,2023-04-28T15:00:55.400639,3029.090576171875
i1,2023-04-28T15:00:55.503117,2653.13671875
i1,2023-04-28T15:00:55.605165,2223.756591796875
i1,2023-04-28T15:00:55.708508,2223.756591796875
i1,2023-04-28T15:00:55.810216,1475.0196533203125
i1,2023-04-28T15:00:55.910915,1475.0196533203125
i1,2023-04-28T15:00:56.014157,843.5936279296875
i1,2023-04-28T15:00:56.113399,843.5936279296875
i1,2023-04-28T15:00:56.215807,341.78204345703125
i1,2023-04-28T15:00:56.323481,341.78204345703125
i1,2023-04-28T15:00:56.421871,215.78573608398438
i1,2023-04-28T15:00:56.522062,215.78573608398438
i1,2023-04-28T15:00:56.623215,-593.0509643554688
i1,2023-04-28T15:00:56.728391,-593.0509643554688
i1,2023-04-28T15:00:56.830548,-1431.5751953125
i1,2023-04-28T15:00:56.936998,-1431.5751953125
i1,2023-04-28T15:00:57.035404,-2241.858642578125
i1,2023-04-28T15:00:57.133499,-2241.858642578125
i1,2023-04-28T15:00:57.235948,-3131.599365234375
i1,2023-04-28T15:00:57.340081,-3131.599365234375
i1,2023-04-28T15:00:57.444015,-3131.599365234375
i1,2023-04-28T15:00:57.542057,-2740.08203125
i1,2023-04-28T15:00:57.649360,-2764.2119140625
i1,2023-04-28T15:00:57.751436,-2764.2119140625
i1,2023-04-28T15:00:57.850630,-2437.638916015625
i1,2023-04-28T15:00:57.951941,-2437.638916015625
i1,2023-04-28T15:00:58.066658,-1932.4683837890625
i1,2023-04-28T15:00:58.160713,-1100.72705078125
i1,2023-04-28T15:00:58.257921,-1100.72705078125
i1,2023-04-28T15:00:58.361190,-1100.72705078125
i1,2023-04-28T15:00:58.462874,300.33001708984375
i1,2023-04-28T15:00:58.567848,300.33001708984375
i1,2023-04-28T15:00:58.670420,1716.830078125
i1,2023-04-28T15:00:58.771296,1716.830078125
i1,2023-04-28T15:00:58.877740,2934.642822265625
i1,2023-04-28T15:00:58.981003,3494.58984375
i1,2023-04-28T15:00:59.075463,3494.58984375
i1,2023-04-28T15:00:59.181808,3809.36865234375
i1,2023-04-28T15:00:59.278872,3809.36865234375
i1,2023-04-28T15:00:59.383194,3676.1376953125
i1,2023-04-28T15:00:59.513291,3676.1376953125
i1,2023-04-28T15:00:59.584134,3719.436279296875
i1,2023-04-28T15:00:59.686283,3719.436279296875
i1,2023-04-28T15:00:59.792378,3673.743896484375
i1,2023-04-28T15:00:59.890722,3673.743896484375
i1,2023-04-28T15:00:59.996957,3330.665283203125
i1,2023-04-28T15:01:00.095719,3330.665283203125
i1,2023-04-28T15:01:00.197518,2496.548095703125
i1,2023-04-28T15:01:00.297172,2496.548095703125
i1,2023-04-28T15:01:00.402442,1654.7362060546875
i1,2023-04-28T15:01:00.506987,1654.7362060546875
i1,2023-04-28T15:01:00.604081,1199.8658447265625
i1,2023-04-28T15:01:00.707751,1199.8658447265625
i1,2023-04-28T15:01:00.812532,1200.594482421875
i1,2023-04-28T15:01:00.904278,1200.594482421875
i1,2023-04-28T15:01:01.004530,1200.594970703125
i1,2023-04-28T15:01:01.108421,1200.594970703125
i1,2023-04-28T15:01:01.224668,1202.77978515625
i1,2023-04-28T15:01:01.315927,1202.77978515625
i1,2023-04-28T15:01:01.419505,1197.6845703125
i1,2023-04-28T15:01:01.520911,1197.6845703125
i1,2023-04-28T15:01:01.625353,1200.0528564453125
i1,2023-04-28T15:01:01.727313,1200.0528564453125
i1,2023-04-28T15:01:01.831327,1196.2366943359375
i1,2023-04-28T15:01:01.930963,1196.2366943359375
i1,2023-04-28T15:01:02.030974,1198.4697265625
i1,2023-04-28T15:01:02.131362,1198.4697265625
i1,2023-04-28T15:01:02.234512,1196.9620361328125
i1,2023-04-28T15:01:02.343070,1196.9620361328125
i1,2023-04-28T15:01:02.435659,1196.9620361328125
i1,2023-04-28T15:01:02.540053,1040.8641357421875
i1,2023-04-28T15:01:02.640026,942.7980346679688
i1,2023-04-28T15:01:02.741202,942.7980346679688
i1,2023-04-28T15:01:02.846406,1339.613525390625
i1,2023-04-28T15:01:02.949832,1339.613525390625
i1,2023-04-28T15:01:03.051150,1645.188720703125
i1,2023-04-28T15:01:03.151385,1645.188720703125
i1,2023-04-28T15:01:03.251921,1637.9476318359375
i1,2023-04-28T15:01:03.355942,1637.9476318359375
i1,2023-04-28T15:01:03.468839,1605.363037109375
i1,2023-04-28T15:01:03.560036,1605.363037109375
i1,2023-04-28T15:01:03.665682,2236.4462890625
i1,2023-04-28T15:01:03.766309,2236.4462890625
i1,2023-04-28T15:01:03.864596,2215.814697265625
i1,2023-04-28T15:01:03.967859,2215.814697265625
i1,2023-04-28T15:01:04.070114,2203.643310546875
i1,2023-04-28T15:01:04.173349,2203.643310546875
i1,2023-04-28T15:01:04.277428,3124.203369140625
i1,2023-04-28T15:01:04.378166,3124.203369140625
i1,2023-04-28T15:01:04.475671,3023.720458984375
i1,2023-04-28T15:01:04.583565,3013.991455078125
i1,2023-04-28T15:01:04.684566,3013.991455078125
i1,2023-04-28T15:01:04.787472,2955.678466796875
i1,2023-04-28T15:01:04.883512,2955.678466796875
i1,2023-04-28T15:01:05.003645,2477.692626953125
i1,2023-04-28T15:01:05.086827,2477.692626953125
i1,2023-04-28T15:01:05.196659,2042.5006103515625
i1,2023-04-28T15:01:05.290848,2042.5006103515625
i1,2023-04-28T15:01:05.392993,2042.5006103515625
i1,2023-04-28T15:01:05.526234,878.8355102539062
i1,2023-04-28T15:01:05.602526,918.254150390625
i1,2023-04-28T15:01:05.698239,918.254150390625
i1,2023-04-28T15:01:05.802261,1399.1412353515625
i1,2023-04-28T15:01:05.903649,1399.1412353515625
i1,2023-04-28T15:01:06.009790,1378.106689453125
i1,2023-04-28T15:01:06.109106,1378.106689453125
i1,2023-04-28T15:01:06.209829,1993.1761474609375
i1,2023-04-28T15:01:06.315912,1993.1761474609375
i1,2023-04-28T15:01:06.415306,1993.1761474609375
i1,2023-04-28T15:01:06.517874,932.4526977539062
i1,2023-04-28T15:01:06.632139,427.1688232421875
i1,2023-04-28T15:01:06.725075,427.1688232421875
i1,2023-04-28T15:01:06.824277,368.1231384277344
i1,2023-04-28T15:01:06.921778,368.1231384277344
i1,2023-04-28T15:01:07.028285,741.349853515625
i1,2023-04-28T15:01:07.128269,741.349853515625
i1,2023-04-28T15:01:07.231434,938.5579833984375
i1,2023-04-28T15:01:07.329858,938.5579833984375
i1,2023-04-28T15:01:07.432235,1404.45849609375
i1,2023-04-28T15:01:07.542350,1404.45849609375
i1,2023-04-28T15:01:07.642683,566.9813842773438
i1,2023-04-28T15:01:07.747447,566.9813842773438
i1,2023-04-28T15:01:07.841305,462.29144287109375
i1,2023-04-28T15:01:07.945578,462.29144287109375
i1,2023-04-28T15:01:08.049882,-74.58441925048828
i1,2023-04-28T15:01:08.151387,-74.58441925048828
i1,2023-04-28T15:01:08.251651,569.0274047851562
i1,2023-04-28T15:01:08.352217,569.0274047851562
i1,2023-04-28T15:01:08.454510,804.4912719726562
i1,2023-04-28T15:01:08.558778,804.4912719726562
i1,2023-04-28T15:01:08.661053,1337.4395751953125
i1,2023-04-28T15:01:08.766074,1337.4395751953125
i1,2023-04-28T15:01:08.866418,1414.9189453125
i1,2023-04-28T15:01:08.975649,1414.9189453125
i1,2023-04-28T15:01:09.066874,1752.3577880859375
i1,2023-04-28T15:01:09.172111,1752.3577880859375
i1,2023-04-28T15:01:09.274584,1253.4417724609375
i1,2023-04-28T15:01:09.377964,1253.4417724609375
i1,2023-04-28T15:01:09.479546,1253.4417724609375
i1,2023-04-28T15:01:09.577647,1584.143310546875
i1,2023-04-28T15:01:09.681880,1167.2496337890625
i1,2023-04-28T15:01:09.779663,1167.2496337890625
i1,2023-04-28T15:01:09.884394,1644.529296875
i1,2023-04-28T15:01:09.984569,1644.529296875
i1,2023-04-28T15:01:10.086741,2259.56689453125
i1,2023-04-28T15:01:10.192361,2259.56689453125
i1,2023-04-28T15:01:10.292484,2760.566162109375
i1,2023-04-28T15:01:10.395028,2760.566162109375
i1,2023-04-28T15:01:10.529670,2446.983154296875
i1,2023-04-28T15:01:10.597845,2446.983154296875
i1,2023-04-28T15:01:10.699963,2336.98095703125
i1,2023-04-28T15:01:10.803883,1882.3690185546875
i1,2023-04-28T15:01:10.908469,1882.3690185546875
i1,2023-04-28T15:01:11.000156,1882.3690185546875
i1,2023-04-28T15:01:11.100602,1312.828369140625
i1,2023-04-28T15:01:11.207073,1376.78662109375
i1,2023-04-28T15:01:11.309579,1376.78662109375
i1,2023-04-28T15:01:11.416228,1605.166259765625
i1,2023-04-28T15:01:11.542074,1605.166259765625
i1,2023-04-28T15:01:11.620809,1590.6263427734375
i1,2023-04-28T15:01:11.719985,1590.6263427734375
i1,2023-04-28T15:01:11.819868,1595.702880859375
i1,2023-04-28T15:01:11.914283,1595.702880859375
i1,2023-04-28T15:01:12.030112,1679.8387451171875
i1,2023-04-28T15:01:12.121251,1679.8387451171875
i1,2023-04-28T15:01:12.229212,2311.804931640625
i1,2023-04-28T15:01:12.327875,2311.804931640625
i1,2023-04-28T15:01:12.432241,2014.1116943359375
i1,2023-04-28T15:01:12.536192,2014.1116943359375
i1,2023-04-28T15:01:12.639255,1974.2344970703125
i1,2023-04-28T15:01:12.736031,1974.2344970703125
i1,2023-04-28T15:01:12.836999,2069.511962890625
i1,2023-04-28T15:01:12.942442,2069.511962890625
i1,2023-04-28T15:01:13.041057,1450.4146728515625
i1,2023-04-28T15:01:13.141944,1450.4146728515625
i1,2023-04-28T15:01:13.251319,1323.7882080078125
i1,2023-04-28T15:01:13.346603,1323.7882080078125
i1,2023-04-28T15:01:13.448362,1323.7882080078125
i1,2023-04-28T15:01:13.554485,1332.3890380859375
i1,2023-04-28T15:01:13.652801,941.4354248046875
i1,2023-04-28T15:01:13.753887,941.4354248046875
i1,2023-04-28T15:01:13.855134,1017.383056640625
i1,2023-04-28T15:01:13.957513,1017.383056640625
i1,2023-04-28T15:01:14.060712,1249.907470703125
i1,2023-04-28T15:01:14.161081,1249.907470703125
i1,2023-04-28T15:01:14.266251,2264.30908203125
i1,2023-04-28T15:01:14.377779,2264.30908203125
i1,2023-04-28T15:01:14.472326,2953.98046875
i1,2023-04-28T15:01:14.569590,2953.98046875
i1,2023-04-28T15:01:14.671846,3284.585205078125
i1,2023-04-28T15:01:14.776050,3284.585205078125
i1,2023-04-28T15:01:14.875070,3459.498046875
i1,2023-04-28T15:01:14.983500,3459.498046875
i1,2023-04-28T15:01:15.079773,2755.981201171875
i1,2023-04-28T15:01:15.185187,2755.981201171875
i1,2023-04-28T15:01:15.283252,1869.7537841796875
i1,2023-04-28T15:01:15.387699,1869.7537841796875
i1,2023-04-28T15:01:15.496599,1138.3082275390625
i1,2023-04-28T15:01:15.589733,1138.3082275390625
i1,2023-04-28T15:01:15.694663,-88.20445251464844
i1,2023-04-28T15:01:15.798876,-88.20445251464844
i1,2023-04-28T15:01:15.891963,-1364.7047119140625
i1,2023-04-28T15:01:15.990054,-1364.7047119140625
i1,2023-04-28T15:01:16.104890,-2652.6826171875
i1,2023-04-28T15:01:16.204117,-2652.6826171875
i1,2023-04-28T15:01:16.306370,-2926.050537109375
i1,2023-04-28T15:01:16.406793,-2926.050537109375
i1,2023-04-28T15:01:16.512725,-2891.780517578125
i1,2023-04-28T15:01:16.608590,-2891.780517578125
i1,2023-04-28T15:01:16.715117,-2491.475830078125
i1,2023-04-28T15:01:16.812078,-2491.475830078125
i1,2023-04-28T15:01:16.917280,-2022.1927490234375
i1,2023-04-28T15:01:17.021935,-1594.69580078125
i1,2023-04-28T15:01:17.122304,-1594.69580078125
i1,2023-04-28T15:01:17.221070,-1594.69580078125
i1,2023-04-28T15:01:17.322368,-656.4157104492188
i1,2023-04-28T15:01:17.429300,704.510498046875
i1,2023-04-28T15:01:17.559815,704.510498046875
i1,2023-04-28T15:01:17.628626,704.510498046875
i1,2023-04-28T15:01:17.729774,2382.678955078125
i1,2023-04-28T15:01:17.838030,3715.090087890625
i1,2023-04-28T15:01:17.934341,3715.090087890625
i1,2023-04-28T15:01:18.039618,4490.45849609375
i1,2023-04-28T15:01:18.143909,4490.45849609375
i1,2023-04-28T15:01:18.240125,5085.22265625
i1,2023-04-28T15:01:18.342393,5085.22265625
i1,2023-04-28T15:01:18.444063,5085.22265625
i1,2023-04-28T15:01:18.555516,5716.654296875
i1,2023-04-28T15:01:18.659978,6263.95458984375
i1,2023-04-28T15:01:18.754790,6263.95458984375
i1,2023-04-28T15:01:18.859399,6257.76025390625
i1,2023-04-28T15:01:18.958402,6257.76025390625
i1,2023-04-28T15:01:19.060556,5895.09814453125
i1,2023-04-28T15:01:19.163920,5895.09814453125
i1,2023-04-28T15:01:19.264203,5121.43310546875
i1,2023-04-28T15:01:19.363500,5121.43310546875
i1,2023-04-28T15:01:19.464911,4269.79638671875
i1,2023-04-28T15:01:19.567268,4269.79638671875
i1,2023-04-28T15:01:19.669293,3614.06298828125
i1,2023-04-28T15:01:19.775687,3614.06298828125
i1,2023-04-28T15:01:19.875005,3038.236083984375
i1,2023-04-28T15:01:19.974384,3038.236083984375
i1,2023-04-28T15:01:20.077864,2510.5078125
i1,2023-04-28T15:01:20.179038,2510.5078125
i1,2023-04-28T15:01:20.280217,1580.9788818359375
i1,2023-04-28T15:01:20.382543,1580.9788818359375
i1,2023-04-28T15:01:20.490428,1580.9788818359375
i1,2023-04-28T15:01:20.588611,912.2093505859375
i1,2023-04-28T15:01:20.687707,785.3829956054688
i1,2023-04-28T15:01:20.790652,785.3829956054688
i1,2023-04-28T15:01:20.894957,667.6339111328125
i1,2023-04-28T15:01:20.996358,667.6339111328125
i1,2023-04-28T15:01:21.098696,567.7905883789062
i1,2023-04-28T15:01:21.191375,567.7905883789062
i1,2023-04-28T15:01:21.298317,551.7749633789062
i1,2023-04-28T15:01:21.399407,551.7749633789062
i1,2023-04-28T15:01:21.502366,511.3778991699219
i1,2023-04-28T15:01:21.601097,511.3778991699219
i1,2023-04-28T15:01:21.705559,518.0560302734375
i1,2023-04-28T15:01:21.806745,518.0560302734375
i1,2023-04-28T15:01:21.908001,489.1310119628906
i1,2023-04-28T15:01:22.018484,489.1310119628906
i1,2023-04-28T15:01:22.120586,587.2266845703125
i1,2023-04-28T15:01:22.218213,587.2266845703125
i1,2023-04-28T15:01:22.326515,1030.5609130859375
i1,2023-04-28T15:01:22.420667,1030.5609130859375
i1,2023-04-28T15:01:22.522237,1030.5609130859375
i1,2023-04-28T15:01:22.628008,1115.9932861328125
i1,2023-04-28T15:01:22.726828,1224.3397216796875
i1,2023-04-28T15:01:22.826817,1224.3397216796875
i1,2023-04-28T15:01:22.931068,1285.9930419921875
i1,2023-04-28T15:01:23.032353,1285.9930419921875
i1,2023-04-28T15:01:23.142779,1302.67626953125
i1,2023-04-28T15:01:23.244311,1301.95068359375
i1,2023-04-28T15:01:23.337328,1301.95068359375
i1,2023-04-28T15:01:23.444734,1301.95068359375
i1,2023-04-28T15:01:23.573582,1296.79296875
i1,2023-04-28T15:01:23.654056,1293.2479248046875
i1,2023-04-28T15:01:23.749612,1293.2479248046875
i1,2023-04-28T15:01:23.846666,1297.478759765625
i1,2023-04-28T15:01:23.952278,1297.478759765625
i1,2023-04-28T15:01:24.057380,1352.7227783203125
i1,2023-04-28T15:01:24.153160,1352.7227783203125
i1,2023-04-28T15:01:24.261331,1467.3489990234375
i1,2023-04-28T15:01:24.362578,1467.3489990234375
i1,2023-04-28T15:01:24.463840,1556.3277587890625
i1,2023-04-28T15:01:24.573881,1556.3277587890625
i1,2023-04-28T15:01:24.680607,1667.294921875
i1,2023-04-28T15:01:24.767892,1667.294921875
i1,2023-04-28T15:01:24.870884,1769.912841796875
i1,2023-04-28T15:01:24.977368,1769.912841796875
i1,2023-04-28T15:01:25.079455,1879.84912109375
i1,2023-04-28T15:01:25.178630,1879.84912109375
i1,2023-04-28T15:01:25.276997,2043.80224609375
i1,2023-04-28T15:01:25.383340,2043.80224609375
i1,2023-04-28T15:01:25.482083,2043.80224609375
i1,2023-04-28T15:01:25.585641,2120.73486328125
i1,2023-04-28T15:01:25.683641,2183.208251953125
i1,2023-04-28T15:01:25.785722,2183.208251953125
i1,2023-04-28T15:01:25.892249,2139.759765625
i1,2023-04-28T15:01:25.990064,2139.759765625
i1,2023-04-28T15:01:26.094572,2056.50390625
i1,2023-04-28T15:01:26.192548,2056.50390625
i1,2023-04-28T15:01:26.296179,1968.146240234375
i1,2023-04-28T15:01:26.397342,1968.146240234375
i1,2023-04-28T15:01:26.498912,1877.7432861328125
i1,2023-04-28T15:01:26.604431,1877.7432861328125
i1,2023-04-28T15:01:26.705681,1790.7374267578125
i1,2023-04-28T15:01:26.806667,1790.7374267578125
i1,2023-04-28T15:01:26.906938,1684.326171875
i1,2023-04-28T15:01:27.011179,1684.326171875
i1,2023-04-28T15:01:27.110427,1588.7088623046875
i1,2023-04-28T15:01:27.214734,1588.7088623046875
i1,2023-04-28T15:01:27.315050,1426.8516845703125
i1,2023-04-28T15:01:27.419496,1426.8516845703125
i1,2023-04-28T15:01:27.522131,1419.990966796875
i1,2023-04-28T15:01:27.620812,1419.990966796875
i1,2023-04-28T15:01:27.724439,1417.8265380859375
i1,2023-04-28T15:01:27.824682,1417.8265380859375
i1,2023-04-28T15:01:27.931555,1423.7568359375
i1,2023-04-28T15:01:28.031006,1423.7568359375
i1,2023-04-28T15:01:28.135752,1406.890869140625
i1,2023-04-28T15:01:28.234804,1406.890869140625
i1,2023-04-28T15:01:28.340162,1408.6258544921875
i1,2023-04-28T15:01:28.438326,1408.6258544921875
i1,2023-04-28T15:01:28.534832,1390.8536376953125
i1,2023-04-28T15:01:28.641399,1390.8536376953125
i1,2023-04-28T15:01:28.744793,1406.3948974609375
i1,2023-04-28T15:01:28.842632,1406.3948974609375
i1,2023-04-28T15:01:28.945342,1388.986572265625
i1,2023-04-28T15:01:29.048114,1388.986572265625
i1,2023-04-28T15:01:29.150501,1403.49365234375
i1,2023-04-28T15:01:29.251832,1403.49365234375
i1,2023-04-28T15:01:29.355127,1381.7335205078125
i1,2023-04-28T15:01:29.464809,1398.1417236328125
i1,2023-04-28T15:01:29.589579,1398.1417236328125
i1,2023-04-28T15:01:29.666175,1376.0010986328125
i1,2023-04-28T15:01:29.763500,1376.0010986328125
i1,2023-04-28T15:01:29.870280,1400.591796875
i1,2023-04-28T15:01:29.967006,1400.591796875
i1,2023-04-28T15:01:30.078225,1380.4046630859375
i1,2023-04-28T15:01:30.173483,1380.4046630859375
i1,2023-04-28T15:01:30.276835,1408.5699462890625
i1,2023-04-28T15:01:30.376152,1408.5699462890625
i1,2023-04-28T15:01:30.478515,1383.5628662109375
i1,2023-04-28T15:01:30.579763,1383.5628662109375
i1,2023-04-28T15:01:30.688047,1406.8892822265625
i1,2023-04-28T15:01:30.781957,1406.8892822265625
i1,2023-04-28T15:01:30.882214,1384.8450927734375
i1,2023-04-28T15:01:30.984671,1384.8450927734375
i1,2023-04-28T15:01:31.085857,1411.2613525390625
i1,2023-04-28T15:01:31.189869,1411.2613525390625
i1,2023-04-28T15:01:31.284475,1391.330078125
i1,2023-04-28T15:01:31.388780,1391.330078125
i1,2023-04-28T15:01:31.493473,1414.1939697265625
i1,2023-04-28T15:01:31.596706,1414.1939697265625
i1,2023-04-28T15:01:31.700184,1387.4019775390625
i1,2023-04-28T15:01:31.803644,1387.4019775390625
i1,2023-04-28T15:01:31.902674,1409.1251220703125
i1,2023-04-28T15:01:32.003954,1409.1251220703125
i1,2023-04-28T15:01:32.108334,1388.8499755859375
i1,2023-04-28T15:01:32.207639,1388.8499755859375
i1,2023-04-28T15:01:32.310834,1409.8504638671875
i1,2023-04-28T15:01:32.423295,1409.8504638671875
i1,2023-04-28T15:01:32.518888,1409.8504638671875
i1,2023-04-28T15:01:32.620242,1353.5989990234375
i1,2023-04-28T15:01:32.720331,1323.869140625
i1,2023-04-28T15:01:32.824499,1323.869140625
i1,2023-04-28T15:01:32.925152,1196.96044921875
i1,2023-04-28T15:01:33.026927,1196.96044921875
i1,2023-04-28T15:01:33.125216,1095.285400390625
i1,2023-04-28T15:01:33.228951,1095.285400390625
i1,2023-04-28T15:01:33.329677,979.0027465820312
i1,2023-04-28T15:01:33.434221,979.0027465820312
i1,2023-04-28T15:01:33.540963,875.496337890625
i1,2023-04-28T15:01:33.639294,875.496337890625
i1,2023-04-28T15:01:33.737543,763.9476928710938
i1,2023-04-28T15:01:33.843489,763.9476928710938
i1,2023-04-28T15:01:33.942584,647.3145751953125
i1,2023-04-28T15:01:34.048076,647.3145751953125
i1,2023-04-28T15:01:34.152326,532.1385498046875
i1,2023-04-28T15:01:34.252801,532.1385498046875
i1,2023-04-28T15:01:34.353125,468.4361877441406
i1,2023-04-28T15:01:34.454428,468.4361877441406
i1,2023-04-28T15:01:34.559115,468.4361877441406
i1,2023-04-28T15:01:34.665719,595.6030883789062
i1,2023-04-28T15:01:34.761375,647.7109375
i1,2023-04-28T15:01:34.861453,647.7109375
i1,2023-04-28T15:01:34.966718,740.552001953125
i1,2023-04-28T15:01:35.066373,740.552001953125
i1,2023-04-28T15:01:35.168927,839.1948852539062
i1,2023-04-28T15:01:35.273850,935.6611938476562
i1,2023-04-28T15:01:35.373154,935.6611938476562
i1,2023-04-28T15:01:35.475525,935.6611938476562
i1,2023-04-28T15:01:35.612167,1038.06787109375
i1,2023-04-28T15:01:35.678220,1038.06787109375
i1,2023-04-28T15:01:35.781378,1124.9693603515625
i1,2023-04-28T15:01:35.886493,1217.809326171875
i1,2023-04-28T15:01:35.984084,1217.809326171875
i1,2023-04-28T15:01:36.092473,1259.8778076171875
i1,2023-04-28T15:01:36.191445,1259.8778076171875
i1,2023-04-28T15:01:36.289659,1261.46484375
i1,2023-04-28T15:01:36.392021,1261.46484375
i1,2023-04-28T15:01:36.499494,1264.7406005859375
i1,2023-04-28T15:01:36.607216,1264.7406005859375
i1,2023-04-28T15:01:36.702211,1271.302734375
i1,2023-04-28T15:01:36.807444,1271.302734375
i1,2023-04-28T15:01:36.905471,1269.114990234375
i1,2023-04-28T15:01:37.012130,1269.114990234375
i1,2023-04-28T15:01:37.110180,1269.115478515625
i1,2023-04-28T15:01:37.215516,1269.115478515625
i1,2023-04-28T15:01:37.314791,1273.4796142578125
i1,2023-04-28T15:01:37.414083,1273.4796142578125
i1,2023-04-28T15:01:37.518648,1273.4796142578125
i1,2023-04-28T15:01:37.616074,1299.537841796875
i1,2023-04-28T15:01:37.720206,1340.3363037109375
i1,2023-04-28T15:01:37.823202,1340.3363037109375
i1,2023-04-28T15:01:37.927451,1482.9859619140625
i1,2023-04-28T15:01:38.032021,1482.9859619140625
i1,2023-04-28T15:01:38.133483,1624.190185546875
i1,2023-04-28T15:01:38.230354,1624.190185546875
i1,2023-04-28T15:01:38.336807,1792.90869140625
i1,2023-04-28T15:01:38.435219,1792.90869140625
i1,2023-04-28T15:01:38.531366,1955.1103515625
i1,2023-04-28T15:01:38.641923,1955.1103515625
i1,2023-04-28T15:01:38.740458,2157.86279296875
i1,2023-04-28T15:01:38.845367,2157.86279296875
i1,2023-04-28T15:01:38.945685,2170.173583984375
i1,2023-04-28T15:01:39.049869,2170.173583984375
i1,2023-04-28T15:01:39.148249,2191.17431640625
i1,2023-04-28T15:01:39.253544,2191.17431640625
i1,2023-04-28T15:01:39.351849,2241.084716796875
i1,2023-04-28T15:01:39.456353,2241.084716796875
i1,2023-04-28T15:01:39.555992,2241.084716796875
i1,2023-04-28T15:01:39.659010,2115.82470703125
i1,2023-04-28T15:01:39.759269,2033.7965087890625
i1,2023-04-28T15:01:39.862259,2033.7965087890625
i1,2023-04-28T15:01:39.963628,1909.873046875
i1,2023-04-28T15:01:40.068982,1909.873046875
i1,2023-04-28T15:01:40.173276,1749.5008544921875
i1,2023-04-28T15:01:40.269422,1749.5008544921875
i1,2023-04-28T15:01:40.374765,1591.3165283203125
i1,2023-04-28T15:01:40.473002,1591.3165283203125
i1,2023-04-28T15:01:40.576178,1396.6856689453125
i1,2023-04-28T15:01:40.681296,1396.6856689453125
i1,2023-04-28T15:01:40.781810,1399.1422119140625
i1,2023-04-28T15:01:40.884965,1399.1422119140625
i1,2023-04-28T15:01:40.984156,1398.4171142578125
i1,2023-04-28T15:01:41.086231,1398.4171142578125
i1,2023-04-28T15:01:41.189307,1403.49365234375
i1,2023-04-28T15:01:41.294514,1403.49365234375
i1,2023-04-28T15:01:41.386560,1401.4940185546875
i1,2023-04-28T15:01:41.485648,1401.4940185546875
i1,2023-04-28T15:01:41.626391,1403.974365234375
i1,2023-04-28T15:01:41.705068,1270.035888671875
i1,2023-04-28T15:01:41.797700,1270.035888671875
i1,2023-04-28T15:01:41.909106,1089.430908203125
i1,2023-04-28T15:01:42.001709,1089.430908203125
i1,2023-04-28T15:01:42.114111,932.7618408203125
i1,2023-04-28T15:01:42.209422,932.7618408203125
i1,2023-04-28T15:01:42.312576,775.3670654296875
i1,2023-04-28T15:01:42.414860,775.3670654296875
i1,2023-04-28T15:01:42.513295,625.0985107421875
i1,2023-04-28T15:01:42.621369,625.0985107421875
i1,2023-04-28T15:01:42.718192,505.89752197265625
i1,2023-04-28T15:01:42.819322,505.89752197265625
i1,2023-04-28T15:01:42.919397,477.4676513671875
i1,2023-04-28T15:01:43.026706,477.4676513671875
i1,2023-04-28T15:01:43.127437,453.4122009277344
i1,2023-04-28T15:01:43.230293,453.4122009277344
i1,2023-04-28T15:01:43.342038,435.9169006347656
i1,2023-04-28T15:01:43.430985,435.9169006347656
i1,2023-04-28T15:01:43.536503,555.3959350585938
i1,2023-04-28T15:01:43.636278,555.3959350585938
i1,2023-04-28T15:01:43.738096,714.3187866210938
i1,2023-04-28T15:01:43.836181,714.3187866210938
i1,2023-04-28T15:01:43.939443,861.6973266601562
i1,2023-04-28T15:01:44.041629,861.6973266601562
i1,2023-04-28T15:01:44.145004,1011.5890502929688
i1,2023-04-28T15:01:44.244348,1011.5890502929688
i1,2023-04-28T15:01:44.349574,1299.0576171875
i1,2023-04-28T15:01:44.459978,1299.0576171875
i1,2023-04-28T15:01:44.551718,1299.0576171875
i1,2023-04-28T15:01:44.654030,1309.80419921875
i1,2023-04-28T15:01:44.758186,1124.5498046875
i1,2023-04-28T15:01:44.858201,1124.5498046875
i1,2023-04-28T15:01:44.959779,766.1134643554688
i1,2023-04-28T15:01:45.064841,766.1134643554688
i1,2023-04-28T15:01:45.163974,424.33123779296875
i1,2023-04-28T15:01:45.266465,424.33123779296875
i1,2023-04-28T15:01:45.368721,1014.4857788085938
i1,2023-04-28T15:01:45.473062,1014.4857788085938
i1,2023-04-28T15:01:45.581921,1532.228515625
i1,2023-04-28T15:01:45.678087,1532.228515625
i1,2023-04-28T15:01:45.776169,1798.34228515625
i1,2023-04-28T15:01:45.874951,1798.34228515625
i1,2023-04-28T15:01:45.973055,1804.1734619140625
i1,2023-04-28T15:01:46.074431,1804.1734619140625
i1,2023-04-28T15:01:46.184012,1390.8536376953125
i1,2023-04-28T15:01:46.288997,1390.8536376953125
i1,2023-04-28T15:01:46.389781,1399.1163330078125
i1,2023-04-28T15:01:46.485757,1399.1163330078125
i1,2023-04-28T15:01:46.588751,1564.345947265625
i1,2023-04-28T15:01:46.692905,1564.345947265625
i1,2023-04-28T15:01:46.798994,1928.6046142578125
i1,2023-04-28T15:01:46.895134,1928.6046142578125
i1,2023-04-28T15:01:47.000221,2268.801513671875
i1,2023-04-28T15:01:47.098898,2268.801513671875
i1,2023-04-28T15:01:47.202051,1678.39111328125
i1,2023-04-28T15:01:47.303365,1678.39111328125
i1,2023-04-28T15:01:47.408815,1167.7652587890625
i1,2023-04-28T15:01:47.512252,1167.7652587890625
i1,2023-04-28T15:01:47.650827,929.6554565429688
i1,2023-04-28T15:01:47.714018,929.6554565429688
i1,2023-04-28T15:01:47.817196,897.9462890625
i1,2023-04-28T15:01:47.924216,1148.9066162109375
i1,2023-04-28T15:01:48.018047,1148.9066162109375
i1,2023-04-28T15:01:48.122158,1233.0440673828125
i1,2023-04-28T15:01:48.221073,1233.0440673828125
i1,2023-04-28T15:01:48.325450,1260.6055908203125
i1,2023-04-28T15:01:48.425592,1260.6055908203125
i1,2023-04-28T15:01:48.527094,1260.6055908203125
i1,2023-04-28T15:01:48.635305,1263.47802734375
i1,2023-04-28T15:01:48.732045,1264.01416015625
i1,2023-04-28T15:01:48.833051,1264.01416015625
i1,2023-04-28T15:01:48.937156,1262.55517578125
i1,2023-04-28T15:01:49.038450,1262.55517578125
i1,2023-04-28T15:01:49.138872,1255.994873046875
i1,2023-04-28T15:01:49.240896,1255.994873046875
i1,2023-04-28T15:01:49.342449,1254.0076904296875
i1,2023-04-28T15:01:49.443800,1254.0076904296875
i1,2023-04-28T15:01:49.547346,1254.2982177734375
i1,2023-04-28T15:01:49.650841,1254.2982177734375
i1,2023-04-28T15:01:49.748964,1073.8623046875
i1,2023-04-28T15:01:49.850062,1073.8623046875
i1,2023-04-28T15:01:49.953520,816.8864135742188
i1,2023-04-28T15:01:50.054348,816.8864135742188
i1,2023-04-28T15:01:50.155847,322.954833984375
i1,2023-04-28T15:01:50.261119,322.954833984375
i1,2023-04-28T15:01:50.362431,-249.09603881835938
i1,2023-04-28T15:01:50.463780,-249.09603881835938
i1,2023-04-28T15:01:50.569458,-757.425048828125
i1,2023-04-28T15:01:50.666770,-757.425048828125
i1,2023-04-28T15:01:50.769025,-1585.09033203125
i1,2023-04-28T15:01:50.871262,-1585.09033203125
i1,2023-04-28T15:01:50.976228,-2147.00244140625
i1,2023-04-28T15:01:51.074651,-2147.00244140625
i1,2023-04-28T15:01:51.176941,-2253.451416015625
i1,2023-04-28T15:01:51.276890,-2253.451416015625
i1,2023-04-28T15:01:51.375159,-2291.6494140625
i1,2023-04-28T15:01:51.477508,-2291.6494140625
i1,2023-04-28T15:01:51.581399,-2291.6494140625
i1,2023-04-28T15:01:51.683359,-2000.094970703125
i1,2023-04-28T15:01:51.787911,-1964.874267578125
i1,2023-04-28T15:01:51.890901,-1964.874267578125
i1,2023-04-28T15:01:51.991065,-1555.599853515625
i1,2023-04-28T15:01:52.094689,-1555.599853515625
i1,2023-04-28T15:01:52.195101,-1093.7591552734375
i1,2023-04-28T15:01:52.296244,-1093.7591552734375
i1,2023-04-28T15:01:52.397476,-547.4498901367188
i1,2023-04-28T15:01:52.501721,-547.4498901367188
i1,2023-04-28T15:01:52.601622,-547.4498901367188
i1,2023-04-28T15:01:52.703885,241.82077026367188
i1,2023-04-28T15:01:52.807923,718.7920532226562
i1,2023-04-28T15:01:52.908021,718.7920532226562
i1,2023-04-28T15:01:53.012247,733.1331787109375
i1,2023-04-28T15:01:53.111469,733.1331787109375
i1,2023-04-28T15:01:53.215139,722.4190063476562
i1,2023-04-28T15:01:53.321450,765.667236328125
i1,2023-04-28T15:01:53.422611,765.667236328125
i1,2023-04-28T15:01:53.522775,765.667236328125
i1,2023-04-28T15:01:53.624578,772.6974487304688
i1,2023-04-28T15:01:53.730736,772.6974487304688
i1,2023-04-28T15:01:53.831051,778.2692260742188
i1,2023-04-28T15:01:53.932151,778.2692260742188
i1,2023-04-28T15:01:54.029425,755.0586547851562
i1,2023-04-28T15:01:54.153139,719.5179443359375
i1,2023-04-28T15:01:54.238187,719.5179443359375
i1,2023-04-28T15:01:54.336324,719.5179443359375
i1,2023-04-28T15:01:54.442639,720.5037231445312
i1,2023-04-28T15:01:54.548221,711.7969970703125
i1,2023-04-28T15:01:54.654838,711.7969970703125
i1,2023-04-28T15:01:54.754770,732.0543823242188
i1,2023-04-28T15:01:54.849050,732.0543823242188
i1,2023-04-28T15:01:54.949126,710.7359619140625
i1,2023-04-28T15:01:55.054497,710.7359619140625
i1,2023-04-28T15:01:55.155519,662.8839721679688
i1,2023-04-28T15:01:55.254904,662.8839721679688
i1,2023-04-28T15:01:55.362386,641.4850463867188
i1,2023-04-28T15:01:55.460077,641.4850463867188
i1,2023-04-28T15:01:55.564289,641.4850463867188
i1,2023-04-28T15:01:55.663817,622.7406005859375
i1,2023-04-28T15:01:55.764766,602.9594116210938
i1,2023-04-28T15:01:55.869300,602.9594116210938
i1,2023-04-28T15:01:55.967099,614.7750244140625
i1,2023-04-28T15:01:56.069363,614.7750244140625
i1,2023-04-28T15:01:56.165462,613.6044921875
i1,2023-04-28T15:01:56.273014,613.6044921875
i1,2023-04-28T15:01:56.375255,613.6658935546875
i1,2023-04-28T15:01:56.481709,613.6658935546875
i1,2023-04-28T15:01:56.581397,613.2157592773438
i1,2023-04-28T15:01:56.686661,613.2157592773438
i1,2023-04-28T15:01:56.788655,611.1537475585938
i1,2023-04-28T15:01:56.892191,611.1537475585938
i1,2023-04-28T15:01:56.992202,608.8197021484375
i1,2023-04-28T15:01:57.093329,608.8197021484375
i1,2023-04-28T15:01:57.196674,608.2579956054688
i1,2023-04-28T15:01:57.301111,608.2579956054688
i1,2023-04-28T15:01:57.398726,606.59521484375
i1,2023-04-28T15:01:57.504100,606.59521484375
i1,2023-04-28T15:01:57.612340,608.2576904296875
i1,2023-04-28T15:01:57.706576,608.2576904296875
i1,2023-04-28T15:01:57.804840,606.49462890625
i1,2023-04-28T15:01:57.908981,606.49462890625
i1,2023-04-28T15:01:58.009166,604.133056640625
i1,2023-04-28T15:01:58.111523,604.133056640625
i1,2023-04-28T15:01:58.213694,604.3072509765625
i1,2023-04-28T15:01:58.317237,604.3072509765625
i1,2023-04-28T15:01:58.426458,602.3594360351562
i1,2023-04-28T15:01:58.521640,602.3594360351562
i1,2023-04-28T15:01:58.621771,602.1209106445312
i1,2023-04-28T15:01:58.726005,602.1209106445312
i1,2023-04-28T15:01:58.827831,603.4673461914062
i1,2023-04-28T15:01:58.927945,603.4673461914062
i1,2023-04-28T15:01:59.031408,604.1923828125
i1,2023-04-28T15:01:59.133357,604.1923828125
i1,2023-04-28T15:01:59.236765,605.44140625
i1,2023-04-28T15:01:59.337142,605.44140625
i1,2023-04-28T15:01:59.440102,604.9176635742188
i1,2023-04-28T15:01:59.543886,607.22314453125
i1,2023-04-28T15:01:59.676190,607.22314453125
i1,2023-04-28T15:01:59.747814,607.22314453125
i1,2023-04-28T15:01:59.848029,609.2686767578125
i1,2023-04-28T15:01:59.956391,608.5436401367188
i1,2023-04-28T15:02:00.051335,608.5436401367188
i1,2023-04-28T15:02:00.154517,608.5436401367188
i1,2023-04-28T15:02:00.256794,610.7200317382812
i1,2023-04-28T15:02:00.363068,612.8958129882812
i1,2023-04-28T15:02:00.464546,612.8958129882812
i1,2023-04-28T15:02:00.565144,612.8958129882812
i1,2023-04-28T15:02:00.666169,612.8958129882812
i1,2023-04-28T15:02:00.779355,613.7839965820312
i1,2023-04-28T15:02:00.860177,613.7839965820312
i1,2023-04-28T15:02:00.967563,614.6072998046875
i1,2023-04-28T15:02:01.069175,614.6072998046875
i1,2023-04-28T15:02:01.172660,616.6986694335938
i1,2023-04-28T15:02:01.272764,616.6986694335938
i1,2023-04-28T15:02:01.376092,617.4899291992188
i1,2023-04-28T15:02:01.478329,617.4899291992188
i1,2023-04-28T15:02:01.582014,618.34326171875
i1,2023-04-28T15:02:01.679396,618.34326171875
i1,2023-04-28T15:02:01.777293,619.8427124023438
i1,2023-04-28T15:02:01.886723,619.8427124023438
i1,2023-04-28T15:02:01.983585,620.5413208007812
i1,2023-04-28T15:02:02.088110,620.5413208007812
i1,2023-04-28T15:02:02.188493,622.7380981445312
i1,2023-04-28T15:02:02.289999,622.7380981445312
i1,2023-04-28T15:02:02.395919,683.4358520507812
i1,2023-04-28T15:02:02.493439,683.4358520507812
i1,2023-04-28T15:02:02.595755,683.4358520507812
i1,2023-04-28T15:02:02.704133,1099.9471435546875
i1,2023-04-28T15:02:02.799676,1302.6241455078125
i1,2023-04-28T15:02:02.901869,1302.6241455078125
i1,2023-04-28T15:02:03.002767,2006.5225830078125
i1,2023-04-28T15:02:03.111758,2006.5225830078125
i1,2023-04-28T15:02:03.210538,2786.207275390625
i1,2023-04-28T15:02:03.309838,2786.207275390625
i1,2023-04-28T15:02:03.416293,3463.439453125
i1,2023-04-28T15:02:03.517580,3463.439453125
i1,2023-04-28T15:02:03.617259,4083.701416015625
i1,2023-04-28T15:02:03.719480,4083.701416015625
i1,2023-04-28T15:02:03.818546,4669.716796875
i1,2023-04-28T15:02:03.922791,4669.716796875
i1,2023-04-28T15:02:04.020991,5279.1142578125
i1,2023-04-28T15:02:04.126592,5279.1142578125
i1,2023-04-28T15:02:04.225523,5821.833984375
i1,2023-04-28T15:02:04.329800,5821.833984375
i1,2023-04-28T15:02:04.428191,6413.3125
i1,2023-04-28T15:02:04.538718,6413.3125
i1,2023-04-28T15:02:04.635215,6413.3125
i1,2023-04-28T15:02:04.736329,6392.3955078125
i1,2023-04-28T15:02:04.837587,6335.6640625
i1,2023-04-28T15:02:04.941960,6335.6640625
i1,2023-04-28T15:02:05.039966,6147.087890625
i1,2023-04-28T15:02:05.145427,6147.087890625
i1,2023-04-28T15:02:05.247737,6068.75048828125
i1,2023-04-28T15:02:05.345099,6068.75048828125
i1,2023-04-28T15:02:05.450533,6047.72021484375
i1,2023-04-28T15:02:05.550506,6047.72021484375
i1,2023-04-28T15:02:05.687819,6037.3076171875
i1,2023-04-28T15:02:05.759544,6037.3076171875
i1,2023-04-28T15:02:05.863860,6040.46337890625
i1,2023-04-28T15:02:05.965702,5763.794921875
i1,2023-04-28T15:02:06.070170,5763.794921875
i1,2023-04-28T15:02:06.169457,5316.59375
i1,2023-04-28T15:02:06.265701,5316.59375
i1,2023-04-28T15:02:06.369032,5316.59375
i1,2023-04-28T15:02:06.469248,4364.0810546875
i1,2023-04-28T15:02:06.576125,3685.618896484375
i1,2023-04-28T15:02:06.684467,3685.618896484375
i1,2023-04-28T15:02:06.774513,3685.618896484375
i1,2023-04-28T15:02:06.876812,2848.958251953125
i1,2023-04-28T15:02:06.983899,2025.0494384765625
i1,2023-04-28T15:02:07.080989,2025.0494384765625
i1,2023-04-28T15:02:07.187787,1194.6298828125
i1,2023-04-28T15:02:07.288060,1194.6298828125
i1,2023-04-28T15:02:07.386981,-43.618228912353516
i1,2023-04-28T15:02:07.488262,-43.618228912353516
i1,2023-04-28T15:02:07.590854,-43.618228912353516
i1,2023-04-28T15:02:07.697391,-600.841064453125
i1,2023-04-28T15:02:07.795638,-1110.0693359375
i1,2023-04-28T15:02:07.903563,-1110.0693359375
i1,2023-04-28T15:02:08.003944,-1616.225830078125
i1,2023-04-28T15:02:08.104143,-1616.225830078125
i1,2023-04-28T15:02:08.203452,-1736.3443603515625
i1,2023-04-28T15:02:08.307638,-1736.3443603515625
i1,2023-04-28T15:02:08.414065,-1860.2535400390625
i1,2023-04-28T15:02:08.510659,-1860.2535400390625
i1,2023-04-28T15:02:08.611848,-1997.8961181640625
i1,2023-04-28T15:02:08.713213,-1997.8961181640625
i1,2023-04-28T15:02:08.814467,-2175.968017578125
i1,2023-04-28T15:02:08.916509,-2175.968017578125
i1,2023-04-28T15:02:09.021822,-2414.763916015625
i1,2023-04-28T15:02:09.121395,-2414.763916015625
i1,2023-04-28T15:02:09.226448,-2350.47998046875
i1,2023-04-28T15:02:09.323691,-2350.47998046875
i1,2023-04-28T15:02:09.428923,-2045.701904296875
i1,2023-04-28T15:02:09.533528,-2045.701904296875
i1,2023-04-28T15:02:09.629861,-1670.537841796875
i1,2023-04-28T15:02:09.732401,-1670.537841796875
i1,2023-04-28T15:02:09.836552,-1302.653564453125
i1,2023-04-28T15:02:09.936726,-1302.653564453125
i1,2023-04-28T15:02:10.037876,-910.025634765625
i1,2023-04-28T15:02:10.142130,-910.025634765625
i1,2023-04-28T15:02:10.241394,-507.3568115234375
i1,2023-04-28T15:02:10.343700,-507.3568115234375
i1,2023-04-28T15:02:10.447945,-82.86101531982422
i1,2023-04-28T15:02:10.551359,-82.86101531982422
i1,2023-04-28T15:02:10.654149,410.4034118652344
i1,2023-04-28T15:02:10.755319,410.4034118652344
i1,2023-04-28T15:02:10.854451,945.81787109375
i1,2023-04-28T15:02:10.958644,945.81787109375
i1,2023-04-28T15:02:11.059882,1264.233642578125
i1,2023-04-28T15:02:11.156769,1264.233642578125
i1,2023-04-28T15:02:11.260352,1285.2679443359375
i1,2023-04-28T15:02:11.360850,1285.2679443359375
i1,2023-04-28T15:02:11.468098,1307.0281982421875
i1,2023-04-28T15:02:11.568244,1307.0281982421875
i1,2023-04-28T15:02:11.669215,1301.1922607421875
i1,2023-04-28T15:02:11.763858,1301.1922607421875
i1,2023-04-28T15:02:11.864202,949.1046142578125
i1,2023-04-28T15:02:11.971639,949.1046142578125
i1,2023-04-28T15:02:12.079113,800.396728515625
i1,2023-04-28T15:02:12.180152,800.396728515625
i1,2023-04-28T15:02:12.281565,839.0322265625
i1,2023-04-28T15:02:12.386331,784.3602905273438
i1,2023-04-28T15:02:12.483112,784.3602905273438
i1,2023-04-28T15:02:12.593420,749.4603271484375
i1,2023-04-28T15:02:12.685899,749.4603271484375
i1,2023-04-28T15:02:12.795364,674.0242919921875
i1,2023-04-28T15:02:12.895416,674.0242919921875
i1,2023-04-28T15:02:12.999907,651.7041625976562
i1,2023-04-28T15:02:13.099215,651.7041625976562
i1,2023-04-28T15:02:13.201313,592.7019653320312
i1,2023-04-28T15:02:13.302594,592.7019653320312
i1,2023-04-28T15:02:13.406680,392.4706726074219
i1,2023-04-28T15:02:13.506053,392.4706726074219
i1,2023-04-28T15:02:13.604529,392.4706726074219
i1,2023-04-28T15:02:13.712551,717.1773071289062
i1,2023-04-28T15:02:13.811302,949.3170166015625
i1,2023-04-28T15:02:13.910315,949.3170166015625
i1,2023-04-28T15:02:14.012699,1366.4072265625
i1,2023-04-28T15:02:14.117982,1366.4072265625
i1,2023-04-28T15:02:14.216301,2027.128173828125
i1,2023-04-28T15:02:14.320457,2027.128173828125
i1,2023-04-28T15:02:14.419921,2741.5048828125
i1,2023-04-28T15:02:14.522224,2741.5048828125
i1,2023-04-28T15:02:14.629088,3165.83935546875
i1,2023-04-28T15:02:14.731313,3165.83935546875
i1,2023-04-28T15:02:14.830534,3265.767578125
i1,2023-04-28T15:02:14.930777,3265.767578125
i1,2023-04-28T15:02:15.036829,3615.51513671875
i1,2023-04-28T15:02:15.137975,3615.51513671875
i1,2023-04-28T15:02:15.237192,4494.59228515625
i1,2023-04-28T15:02:15.338668,4494.59228515625
i1,2023-04-28T15:02:15.445102,5450.53515625
i1,2023-04-28T15:02:15.547145,5450.53515625
i1,2023-04-28T15:02:15.649904,5450.53515625
i1,2023-04-28T15:02:15.750365,5795.37548828125
i1,2023-04-28T15:02:15.845813,5932.27880859375
i1,2023-04-28T15:02:15.941959,5932.27880859375
i1,2023-04-28T15:02:16.043263,5932.673828125
i1,2023-04-28T15:02:16.149602,5932.673828125
i1,2023-04-28T15:02:16.254361,5930.81982421875
i1,2023-04-28T15:02:16.360559,5930.81982421875
i1,2023-04-28T15:02:16.465958,6046.7255859375
i1,2023-04-28T15:02:16.562139,6046.7255859375
i1,2023-04-28T15:02:16.660893,6017.5595703125
i1,2023-04-28T15:02:16.765054,6017.5595703125
i1,2023-04-28T15:02:16.864160,5738.7353515625
i1,2023-04-28T15:02:16.967630,5738.7353515625
i1,2023-04-28T15:02:17.068733,4896.63916015625
i1,2023-04-28T15:02:17.170036,4896.63916015625
i1,2023-04-28T15:02:17.272252,3854.353271484375
i1,2023-04-28T15:02:17.376569,3854.353271484375
i1,2023-04-28T15:02:17.477878,2381.53955078125
i1,2023-04-28T15:02:17.588442,2381.53955078125
i1,2023-04-28T15:02:17.683037,1573.8251953125
i1,2023-04-28T15:02:17.784483,1573.8251953125
i1,2023-04-28T15:02:17.886240,454.7765197753906
i1,2023-04-28T15:02:17.985651,454.7765197753906
i1,2023-04-28T15:02:18.091789,-784.0740356445312
i1,2023-04-28T15:02:18.189961,-784.0740356445312
i1,2023-04-28T15:02:18.294396,-1820.5582275390625
i1,2023-04-28T15:02:18.393672,-1820.5582275390625
i1,2023-04-28T15:02:18.497293,-2131.7265625
i1,2023-04-28T15:02:18.608570,-2088.475341796875
i1,2023-04-28T15:02:18.696698,-2088.475341796875
i1,2023-04-28T15:02:18.803936,-2088.475341796875
i1,2023-04-28T15:02:18.907107,-1750.9656982421875
i1,2023-04-28T15:02:19.013491,-771.2418212890625
i1,2023-04-28T15:02:19.109757,-771.2418212890625
i1,2023-04-28T15:02:19.218752,413.8182678222656
i1,2023-04-28T15:02:19.316523,413.8182678222656
i1,2023-04-28T15:02:19.414783,1492.1829833984375
i1,2023-04-28T15:02:19.516912,1492.1829833984375
i1,2023-04-28T15:02:19.624339,2675.578369140625
i1,2023-04-28T15:02:19.733337,2675.578369140625
i1,2023-04-28T15:02:19.825149,3874.206787109375
i1,2023-04-28T15:02:19.926542,3874.206787109375
i1,2023-04-28T15:02:20.030376,5052.26220703125
i1,2023-04-28T15:02:20.132810,5052.26220703125
i1,2023-04-28T15:02:20.234242,5972.7646484375
i1,2023-04-28T15:02:20.333573,5972.7646484375
i1,2023-04-28T15:02:20.434925,5948.94970703125
i1,2023-04-28T15:02:20.537232,5948.94970703125
i1,2023-04-28T15:02:20.637483,5948.94970703125
i1,2023-04-28T15:02:20.744007,5629.10205078125
i1,2023-04-28T15:02:20.841256,5377.22021484375
i1,2023-04-28T15:02:20.946279,5377.22021484375
i1,2023-04-28T15:02:21.047517,4449.7060546875
i1,2023-04-28T15:02:21.148029,4449.7060546875
i1,2023-04-28T15:02:21.256538,3406.536865234375
i1,2023-04-28T15:02:21.356298,3406.536865234375
i1,2023-04-28T15:02:21.465902,2217.24755859375
i1,2023-04-28T15:02:21.561100,2217.24755859375
i1,2023-04-28T15:02:21.661719,1139.760498046875
i1,2023-04-28T15:02:21.762996,1139.760498046875
i1,2023-04-28T15:02:21.865004,-48.840919494628906
i1,2023-04-28T15:02:21.955932,-48.840919494628906
i1,2023-04-28T15:02:22.070600,-1212.6484375
i1,2023-04-28T15:02:22.171214,-1212.6484375
i1,2023-04-28T15:02:22.268242,-1936.1231689453125
i1,2023-04-28T15:02:22.369453,-1936.1231689453125
i1,2023-04-28T15:02:22.475827,-2899.67578125
i1,2023-04-28T15:02:22.588323,-2899.67578125
i1,2023-04-28T15:02:22.679944,-3319.692626953125
i1,2023-04-28T15:02:22.778982,-3319.692626953125
i1,2023-04-28T15:02:22.879009,-3590.82958984375
i1,2023-04-28T15:02:22.985357,-3590.82958984375
i1,2023-04-28T15:02:23.083731,-3336.486572265625
i1,2023-04-28T15:02:23.186932,-3336.486572265625
i1,2023-04-28T15:02:23.293461,-2929.612060546875
i1,2023-04-28T15:02:23.390608,-2929.612060546875
i1,2023-04-28T15:02:23.492852,-2437.81201171875
i1,2023-04-28T15:02:23.599051,-2437.81201171875
i1,2023-04-28T15:02:23.705862,-2437.81201171875
i1,2023-04-28T15:02:23.802142,-1838.3145751953125
i1,2023-04-28T15:02:23.905151,-1516.651123046875
i1,2023-04-28T15:02:24.005378,-1516.651123046875
i1,2023-04-28T15:02:24.106680,-1050.99365234375
i1,2023-04-28T15:02:24.205890,-1050.99365234375
i1,2023-04-28T15:02:24.308200,-507.7266845703125
i1,2023-04-28T15:02:24.413548,-507.7266845703125
i1,2023-04-28T15:02:24.513757,50.77206802368164
i1,2023-04-28T15:02:24.614545,50.77206802368164
i1,2023-04-28T15:02:24.727888,50.77206802368164
i1,2023-04-28T15:02:24.827472,633.8430786132812
i1,2023-04-28T15:02:24.923264,633.8430786132812
i1,2023-04-28T15:02:25.021312,633.8430786132812
