id,timestamp,MaxxTurn45_Axes_Power_Active_A
i1,2023-04-28 17:00:12.764,447.68402099609375
i1,2023-04-28 17:00:12.867,452.6109313964844
i1,2023-04-28 17:00:12.969,452.6109313964844
i1,2023-04-28 17:00:13.073,452.06622314453125
i1,2023-04-28 17:00:13.178,452.06622314453125
i1,2023-04-28 17:00:13.280,452.06622314453125
i1,2023-04-28 17:00:13.377,499.11993408203125
i1,2023-04-28 17:00:13.479,508.6627197265625
i1,2023-04-28 17:00:13.584,508.6627197265625
i1,2023-04-28 17:00:13.684,489.6896057128906
i1,2023-04-28 17:00:13.786,489.6896057128906
i1,2023-04-28 17:00:13.886,488.8455505371094
i1,2023-04-28 17:00:13.994,488.8455505371094
i1,2023-04-28 17:00:14.095,502.0229797363281
i1,2023-04-28 17:00:14.195,502.0229797363281
i1,2023-04-28 17:00:14.296,620.9647827148438
i1,2023-04-28 17:00:14.401,620.9647827148438
i1,2023-04-28 17:00:14.499,884.3429565429688
i1,2023-04-28 17:00:14.600,884.3429565429688
i1,2023-04-28 17:00:14.703,1580.3035888671875
i1,2023-04-28 17:00:14.806,1580.3035888671875
i1,2023-04-28 17:00:14.906,2501.408447265625
i1,2023-04-28 17:00:15.008,2501.408447265625
i1,2023-04-28 17:00:15.109,3496.96630859375
i1,2023-04-28 17:00:15.216,3496.96630859375
i1,2023-04-28 17:00:15.317,4036.495849609375
i1,2023-04-28 17:00:15.417,4036.495849609375
i1,2023-04-28 17:00:15.518,4736.8525390625
i1,2023-04-28 17:00:15.619,4736.8525390625
i1,2023-04-28 17:00:15.721,5362.044921875
i1,2023-04-28 17:00:15.819,5362.044921875
i1,2023-04-28 17:00:15.922,6010.52978515625
i1,2023-04-28 17:00:16.022,6010.52978515625
i1,2023-04-28 17:00:16.129,6211.6865234375
i1,2023-04-28 17:00:16.231,6211.6865234375
i1,2023-04-28 17:00:16.333,6103.99853515625
i1,2023-04-28 17:00:16.447,5500.9111328125
i1,2023-04-28 17:00:16.536,5500.9111328125
i1,2023-04-28 17:00:16.643,5500.9111328125
i1,2023-04-28 17:00:16.749,4668.8720703125
i1,2023-04-28 17:00:16.847,3941.472412109375
i1,2023-04-28 17:00:16.945,3941.472412109375
i1,2023-04-28 17:00:17.053,3283.107666015625
i1,2023-04-28 17:00:17.149,3283.107666015625
i1,2023-04-28 17:00:17.251,2743.80712890625
i1,2023-04-28 17:00:17.378,2743.80712890625
i1,2023-04-28 17:00:17.455,2171.890625
i1,2023-04-28 17:00:17.557,2171.890625
i1,2023-04-28 17:00:17.662,1301.47265625
i1,2023-04-28 17:00:17.764,1301.47265625
i1,2023-04-28 17:00:17.868,604.5924072265625
i1,2023-04-28 17:00:17.970,604.5924072265625
i1,2023-04-28 17:00:18.069,187.4812774658203
i1,2023-04-28 17:00:18.170,187.4812774658203
i1,2023-04-28 17:00:18.271,187.4812774658203
i1,2023-04-28 17:00:18.376,-529.5369873046875
i1,2023-04-28 17:00:18.475,-896.1030883789062
i1,2023-04-28 17:00:18.580,-896.1030883789062
i1,2023-04-28 17:00:18.682,-1519.537109375
i1,2023-04-28 17:00:18.780,-1519.537109375
i1,2023-04-28 17:00:18.885,-2274.217041015625
i1,2023-04-28 17:00:18.986,-2274.217041015625
i1,2023-04-28 17:00:19.096,-2808.79736328125
i1,2023-04-28 17:00:19.190,-2808.79736328125
i1,2023-04-28 17:00:19.292,-2944.67333984375
i1,2023-04-28 17:00:19.395,-2944.67333984375
i1,2023-04-28 17:00:19.496,-2605.155029296875
i1,2023-04-28 17:00:19.598,-2605.155029296875
i1,2023-04-28 17:00:19.704,-1837.211181640625
i1,2023-04-28 17:00:19.801,-1837.211181640625
i1,2023-04-28 17:00:19.907,-588.3557739257812
i1,2023-04-28 17:00:20.008,-588.3557739257812
i1,2023-04-28 17:00:20.107,952.2312622070312
i1,2023-04-28 17:00:20.224,952.2312622070312
i1,2023-04-28 17:00:20.308,952.2312622070312
i1,2023-04-28 17:00:20.411,2350.94482421875
i1,2023-04-28 17:00:20.517,3315.490234375
i1,2023-04-28 17:00:20.621,3315.490234375
i1,2023-04-28 17:00:20.723,4497.17333984375
i1,2023-04-28 17:00:20.821,4497.17333984375
i1,2023-04-28 17:00:20.924,5121.869140625
i1,2023-04-28 17:00:21.025,5121.869140625
i1,2023-04-28 17:00:21.127,5217.56494140625
i1,2023-04-28 17:00:21.230,5217.56494140625
i1,2023-04-28 17:00:21.334,5298.02978515625
i1,2023-04-28 17:00:21.435,5298.02978515625
i1,2023-04-28 17:00:21.536,4888.93115234375
i1,2023-04-28 17:00:21.641,4888.93115234375
i1,2023-04-28 17:00:21.744,4130.9677734375
i1,2023-04-28 17:00:21.842,4130.9677734375
i1,2023-04-28 17:00:21.947,3369.07177734375
i1,2023-04-28 17:00:22.046,3369.07177734375
i1,2023-04-28 17:00:22.148,2319.222900390625
i1,2023-04-28 17:00:22.249,2319.222900390625
i1,2023-04-28 17:00:22.353,2027.68408203125
i1,2023-04-28 17:00:22.458,2027.68408203125
i1,2023-04-28 17:00:22.556,1532.212890625
i1,2023-04-28 17:00:22.661,1532.212890625
i1,2023-04-28 17:00:22.764,1503.6556396484375
i1,2023-04-28 17:00:22.869,1492.043212890625
i1,2023-04-28 17:00:22.970,1492.043212890625
i1,2023-04-28 17:00:23.079,1458.177001953125
i1,2023-04-28 17:00:23.177,1458.177001953125
i1,2023-04-28 17:00:23.274,1356.2049560546875
i1,2023-04-28 17:00:23.399,1356.2049560546875
i1,2023-04-28 17:00:23.482,858.9297485351562
i1,2023-04-28 17:00:23.586,858.9297485351562
i1,2023-04-28 17:00:23.680,309.56304931640625
i1,2023-04-28 17:00:23.787,309.56304931640625
i1,2023-04-28 17:00:23.883,-356.5914306640625
i1,2023-04-28 17:00:23.993,-356.5914306640625
i1,2023-04-28 17:00:24.090,253.60888671875
i1,2023-04-28 17:00:24.190,253.60888671875
i1,2023-04-28 17:00:24.290,801.8911743164062
i1,2023-04-28 17:00:24.390,801.8911743164062
i1,2023-04-28 17:00:24.494,1397.103271484375
i1,2023-04-28 17:00:24.597,1397.103271484375
i1,2023-04-28 17:00:24.697,1887.8809814453125
i1,2023-04-28 17:00:24.799,1887.8809814453125
i1,2023-04-28 17:00:24.901,2455.33935546875
i1,2023-04-28 17:00:25.003,2455.33935546875
i1,2023-04-28 17:00:25.116,2742.385009765625
i1,2023-04-28 17:00:25.206,2742.385009765625
i1,2023-04-28 17:00:25.309,3247.189453125
i1,2023-04-28 17:00:25.410,3247.189453125
i1,2023-04-28 17:00:25.511,3776.78125
i1,2023-04-28 17:00:25.614,3776.78125
i1,2023-04-28 17:00:25.720,4360.7802734375
i1,2023-04-28 17:00:25.817,4360.7802734375
i1,2023-04-28 17:00:25.921,3761.5439453125
i1,2023-04-28 17:00:26.022,3761.5439453125
i1,2023-04-28 17:00:26.125,3091.9404296875
i1,2023-04-28 17:00:26.227,3091.9404296875
i1,2023-04-28 17:00:26.328,3091.9404296875
i1,2023-04-28 17:00:26.434,2477.78173828125
i1,2023-04-28 17:00:26.532,2217.027099609375
i1,2023-04-28 17:00:26.635,2217.027099609375
i1,2023-04-28 17:00:26.736,1477.7774658203125
i1,2023-04-28 17:00:26.842,1477.7774658203125
i1,2023-04-28 17:00:26.945,814.0081787109375
i1,2023-04-28 17:00:27.048,814.0081787109375
i1,2023-04-28 17:00:27.151,951.813232421875
i1,2023-04-28 17:00:27.253,951.813232421875
i1,2023-04-28 17:00:27.353,1209.635009765625
i1,2023-04-28 17:00:27.454,1209.635009765625
i1,2023-04-28 17:00:27.556,1447.494140625
i1,2023-04-28 17:00:27.659,1447.494140625
i1,2023-04-28 17:00:27.757,964.7528076171875
i1,2023-04-28 17:00:27.863,964.7528076171875
i1,2023-04-28 17:00:27.965,639.7603759765625
i1,2023-04-28 17:00:28.061,639.7603759765625
i1,2023-04-28 17:00:28.170,51.97269821166992
i1,2023-04-28 17:00:28.276,393.6425476074219
i1,2023-04-28 17:00:28.404,393.6425476074219
i1,2023-04-28 17:00:28.476,393.6425476074219
i1,2023-04-28 17:00:28.577,1120.531494140625
i1,2023-04-28 17:00:28.672,1120.531494140625
i1,2023-04-28 17:00:28.781,1595.0489501953125
i1,2023-04-28 17:00:28.891,1678.6175537109375
i1,2023-04-28 17:00:28.987,1678.6175537109375
i1,2023-04-28 17:00:29.090,1824.67919921875
i1,2023-04-28 17:00:29.190,1824.67919921875
i1,2023-04-28 17:00:29.294,1824.67919921875
i1,2023-04-28 17:00:29.413,1551.0640869140625
i1,2023-04-28 17:00:29.498,2043.00439453125
i1,2023-04-28 17:00:29.597,2043.00439453125
i1,2023-04-28 17:00:29.697,2494.0205078125
i1,2023-04-28 17:00:29.798,2494.0205078125
i1,2023-04-28 17:00:29.900,2977.715576171875
i1,2023-04-28 17:00:30.001,2977.715576171875
i1,2023-04-28 17:00:30.104,2350.9404296875
i1,2023-04-28 17:00:30.208,2350.9404296875
i1,2023-04-28 17:00:30.312,2350.9404296875
i1,2023-04-28 17:00:30.414,1110.216796875
i1,2023-04-28 17:00:30.507,844.5087280273438
i1,2023-04-28 17:00:30.612,844.5087280273438
i1,2023-04-28 17:00:30.714,90.45817565917969
i1,2023-04-28 17:00:30.815,90.45817565917969
i1,2023-04-28 17:00:30.913,-825.8035888671875
i1,2023-04-28 17:00:31.013,-825.8035888671875
i1,2023-04-28 17:00:31.125,-1596.4110107421875
i1,2023-04-28 17:00:31.222,-1596.4110107421875
i1,2023-04-28 17:00:31.324,-2150.15869140625
i1,2023-04-28 17:00:31.430,-2150.15869140625
i1,2023-04-28 17:00:31.528,-2769.756591796875
i1,2023-04-28 17:00:31.629,-2769.756591796875
i1,2023-04-28 17:00:31.735,-2953.4443359375
i1,2023-04-28 17:00:31.834,-2953.4443359375
i1,2023-04-28 17:00:31.939,-2641.420166015625
i1,2023-04-28 17:00:32.041,-2641.420166015625
i1,2023-04-28 17:00:32.141,-1819.9344482421875
i1,2023-04-28 17:00:32.241,-1819.9344482421875
i1,2023-04-28 17:00:32.343,-614.8575439453125
i1,2023-04-28 17:00:32.446,-614.8575439453125
i1,2023-04-28 17:00:32.547,751.5848999023438
i1,2023-04-28 17:00:32.652,751.5848999023438
i1,2023-04-28 17:00:32.752,1911.6103515625
i1,2023-04-28 17:00:32.856,1911.6103515625
i1,2023-04-28 17:00:32.955,3065.83154296875
i1,2023-04-28 17:00:33.057,3065.83154296875
i1,2023-04-28 17:00:33.159,4273.0087890625
i1,2023-04-28 17:00:33.263,4273.0087890625
i1,2023-04-28 17:00:33.363,4273.0087890625
i1,2023-04-28 17:00:33.466,4539.966796875
i1,2023-04-28 17:00:33.572,4851.701171875
i1,2023-04-28 17:00:33.672,4851.701171875
i1,2023-04-28 17:00:33.778,4816.47314453125
i1,2023-04-28 17:00:33.877,4816.47314453125
i1,2023-04-28 17:00:33.982,4448.8994140625
i1,2023-04-28 17:00:34.079,4448.8994140625
i1,2023-04-28 17:00:34.182,3700.537109375
i1,2023-04-28 17:00:34.285,3700.537109375
i1,2023-04-28 17:00:34.423,2767.34375
i1,2023-04-28 17:00:34.488,2767.34375
i1,2023-04-28 17:00:34.591,2196.0146484375
i1,2023-04-28 17:00:34.695,1611.643310546875
i1,2023-04-28 17:00:34.797,1611.643310546875
i1,2023-04-28 17:00:34.899,1611.643310546875
i1,2023-04-28 17:00:35.000,1126.347412109375
i1,2023-04-28 17:00:35.101,1318.8363037109375
i1,2023-04-28 17:00:35.204,1318.8363037109375
i1,2023-04-28 17:00:35.309,1322.6119384765625
i1,2023-04-28 17:00:35.440,1322.6119384765625
i1,2023-04-28 17:00:35.509,1326.90966796875
i1,2023-04-28 17:00:35.608,1326.90966796875
i1,2023-04-28 17:00:35.712,1325.456298828125
i1,2023-04-28 17:00:35.813,1325.456298828125
i1,2023-04-28 17:00:35.918,1328.3634033203125
i1,2023-04-28 17:00:36.016,1328.3634033203125
i1,2023-04-28 17:00:36.120,1326.4873046875
i1,2023-04-28 17:00:36.222,1326.4873046875
i1,2023-04-28 17:00:36.321,1327.7230224609375
i1,2023-04-28 17:00:36.428,1327.7230224609375
i1,2023-04-28 17:00:36.526,1335.46142578125
i1,2023-04-28 17:00:36.627,1335.46142578125
i1,2023-04-28 17:00:36.731,1332.8350830078125
i1,2023-04-28 17:00:36.833,1332.8350830078125
i1,2023-04-28 17:00:36.934,1334.0164794921875
i1,2023-04-28 17:00:37.039,1334.0164794921875
i1,2023-04-28 17:00:37.144,1332.8355712890625
i1,2023-04-28 17:00:37.244,1332.8355712890625
i1,2023-04-28 17:00:37.347,1332.8355712890625
i1,2023-04-28 17:00:37.448,1329.392578125
i1,2023-04-28 17:00:37.552,1329.2796630859375
i1,2023-04-28 17:00:37.648,1329.2796630859375
i1,2023-04-28 17:00:37.755,1328.3331298828125
i1,2023-04-28 17:00:37.852,1328.3331298828125
i1,2023-04-28 17:00:37.954,1326.3446044921875
i1,2023-04-28 17:00:38.056,1326.3446044921875
i1,2023-04-28 17:00:38.160,1328.3343505859375
i1,2023-04-28 17:00:38.268,1328.3343505859375
i1,2023-04-28 17:00:38.363,1325.610595703125
i1,2023-04-28 17:00:38.465,1325.610595703125
i1,2023-04-28 17:00:38.566,1326.882568359375
i1,2023-04-28 17:00:38.668,1326.882568359375
i1,2023-04-28 17:00:38.771,1326.34423828125
i1,2023-04-28 17:00:38.876,1326.34423828125
i1,2023-04-28 17:00:38.979,1328.3328857421875
i1,2023-04-28 17:00:39.080,1328.3328857421875
i1,2023-04-28 17:00:39.180,1329.4530029296875
i1,2023-04-28 17:00:39.281,1329.4530029296875
i1,2023-04-28 17:00:39.388,1332.6851806640625
i1,2023-04-28 17:00:39.491,1332.6851806640625
i1,2023-04-28 17:00:39.590,944.3050537109375
i1,2023-04-28 17:00:39.689,944.3050537109375
i1,2023-04-28 17:00:39.794,803.4425048828125
i1,2023-04-28 17:00:39.894,803.4425048828125
i1,2023-04-28 17:00:39.996,301.6219787597656
i1,2023-04-28 17:00:40.095,301.6219787597656
i1,2023-04-28 17:00:40.199,-256.2650146484375
i1,2023-04-28 17:00:40.300,-256.2650146484375
i1,2023-04-28 17:00:40.403,-947.227783203125
i1,2023-04-28 17:00:40.508,-947.227783203125
i1,2023-04-28 17:00:40.603,-1661.02685546875
i1,2023-04-28 17:00:40.704,-1661.02685546875
i1,2023-04-28 17:00:40.810,-1832.377197265625
i1,2023-04-28 17:00:40.915,-1832.377197265625
i1,2023-04-28 17:00:41.014,-1911.9822998046875
i1,2023-04-28 17:00:41.119,-1978.439697265625
i1,2023-04-28 17:00:41.224,-1978.439697265625
i1,2023-04-28 17:00:41.321,-1978.439697265625
i1,2023-04-28 17:00:41.444,-1521.6287841796875
i1,2023-04-28 17:00:41.530,-1608.1666259765625
i1,2023-04-28 17:00:41.628,-1608.1666259765625
i1,2023-04-28 17:00:41.730,-1121.0433349609375
i1,2023-04-28 17:00:41.837,-1121.0433349609375
i1,2023-04-28 17:00:41.936,-109.548828125
i1,2023-04-28 17:00:42.038,-109.548828125
i1,2023-04-28 17:00:42.140,1372.9984130859375
i1,2023-04-28 17:00:42.242,1372.9984130859375
i1,2023-04-28 17:00:42.340,2877.4658203125
i1,2023-04-28 17:00:42.443,2877.4658203125
i1,2023-04-28 17:00:42.555,3682.2646484375
i1,2023-04-28 17:00:42.646,3682.2646484375
i1,2023-04-28 17:00:42.748,4314.7421875
i1,2023-04-28 17:00:42.853,4314.7421875
i1,2023-04-28 17:00:42.958,4612.7607421875
i1,2023-04-28 17:00:43.054,4612.7607421875
i1,2023-04-28 17:00:43.161,5146.36962890625
i1,2023-04-28 17:00:43.263,5146.36962890625
i1,2023-04-28 17:00:43.364,5146.36962890625
i1,2023-04-28 17:00:43.464,4913.7548828125
i1,2023-04-28 17:00:43.565,5187.83251953125
i1,2023-04-28 17:00:43.665,5187.83251953125
i1,2023-04-28 17:00:43.772,4901.998046875
i1,2023-04-28 17:00:43.869,4901.998046875
i1,2023-04-28 17:00:43.972,4196.30517578125
i1,2023-04-28 17:00:44.073,4196.30517578125
i1,2023-04-28 17:00:44.179,3434.376953125
i1,2023-04-28 17:00:44.281,3434.376953125
i1,2023-04-28 17:00:44.379,2781.877685546875
i1,2023-04-28 17:00:44.482,2781.877685546875
i1,2023-04-28 17:00:44.583,2267.0927734375
i1,2023-04-28 17:00:44.686,2267.0927734375
i1,2023-04-28 17:00:44.789,2027.3206787109375
i1,2023-04-28 17:00:44.903,2027.3206787109375
i1,2023-04-28 17:00:44.992,1924.6683349609375
i1,2023-04-28 17:00:45.093,1924.6683349609375
i1,2023-04-28 17:00:45.196,1765.646728515625
i1,2023-04-28 17:00:45.299,1765.646728515625
i1,2023-04-28 17:00:45.401,1630.12939453125
i1,2023-04-28 17:00:45.502,1630.12939453125
i1,2023-04-28 17:00:45.607,1081.6064453125
i1,2023-04-28 17:00:45.706,1081.6064453125
i1,2023-04-28 17:00:45.810,812.8275146484375
i1,2023-04-28 17:00:45.904,812.8275146484375
i1,2023-04-28 17:00:46.017,1068.461181640625
i1,2023-04-28 17:00:46.112,1068.461181640625
i1,2023-04-28 17:00:46.216,1551.3031005859375
i1,2023-04-28 17:00:46.316,1551.3031005859375
i1,2023-04-28 17:00:46.418,1649.0679931640625
i1,2023-04-28 17:00:46.521,1649.0679931640625
i1,2023-04-28 17:00:46.623,1749.8382568359375
i1,2023-04-28 17:00:46.724,1749.8382568359375
i1,2023-04-28 17:00:46.835,1802.8865966796875
i1,2023-04-28 17:00:46.935,1789.0789794921875
i1,2023-04-28 17:00:47.031,1789.0789794921875
i1,2023-04-28 17:00:47.134,1789.0789794921875
i1,2023-04-28 17:00:47.239,1842.8521728515625
i1,2023-04-28 17:00:47.341,2248.66357421875
i1,2023-04-28 17:00:47.470,2248.66357421875
i1,2023-04-28 17:00:47.542,2463.05615234375
i1,2023-04-28 17:00:47.643,2463.05615234375
i1,2023-04-28 17:00:47.749,2031.0638427734375
i1,2023-04-28 17:00:47.851,2031.0638427734375
i1,2023-04-28 17:00:47.954,1144.03515625
i1,2023-04-28 17:00:48.050,1144.03515625
i1,2023-04-28 17:00:48.154,1180.1251220703125
i1,2023-04-28 17:00:48.258,1180.1251220703125
i1,2023-04-28 17:00:48.357,1524.182861328125
i1,2023-04-28 17:00:48.463,1524.182861328125
i1,2023-04-28 17:00:48.560,1527.8360595703125
i1,2023-04-28 17:00:48.669,1527.8360595703125
i1,2023-04-28 17:00:48.773,1518.0992431640625
i1,2023-04-28 17:00:48.867,1518.0992431640625
i1,2023-04-28 17:00:48.970,1508.847900390625
i1,2023-04-28 17:00:49.073,1508.847900390625
i1,2023-04-28 17:00:49.180,1515.212158203125
i1,2023-04-28 17:00:49.277,1515.212158203125
i1,2023-04-28 17:00:49.377,1517.68310546875
i1,2023-04-28 17:00:49.480,1517.68310546875
i1,2023-04-28 17:00:49.586,1664.228271484375
i1,2023-04-28 17:00:49.684,1664.228271484375
i1,2023-04-28 17:00:49.790,2046.5494384765625
i1,2023-04-28 17:00:49.893,2046.5494384765625
i1,2023-04-28 17:00:49.992,1901.4564208984375
i1,2023-04-28 17:00:50.090,1901.4564208984375
i1,2023-04-28 17:00:50.195,1435.705810546875
i1,2023-04-28 17:00:50.301,1435.705810546875
i1,2023-04-28 17:00:50.403,1435.705810546875
i1,2023-04-28 17:00:50.506,1360.249755859375
i1,2023-04-28 17:00:50.606,1363.0489501953125
i1,2023-04-28 17:00:50.703,1363.0489501953125
i1,2023-04-28 17:00:50.800,1373.31494140625
i1,2023-04-28 17:00:50.904,1373.31494140625
i1,2023-04-28 17:00:51.006,1359.376953125
i1,2023-04-28 17:00:51.107,1359.376953125
i1,2023-04-28 17:00:51.208,1251.4354248046875
i1,2023-04-28 17:00:51.312,1251.4354248046875
i1,2023-04-28 17:00:51.416,901.3568725585938
i1,2023-04-28 17:00:51.520,901.3568725585938
i1,2023-04-28 17:00:51.619,425.7773132324219
i1,2023-04-28 17:00:51.721,425.7773132324219
i1,2023-04-28 17:00:51.822,23.36962127685547
i1,2023-04-28 17:00:51.923,23.36962127685547
i1,2023-04-28 17:00:52.029,130.72705078125
i1,2023-04-28 17:00:52.132,130.72705078125
i1,2023-04-28 17:00:52.232,223.4080352783203
i1,2023-04-28 17:00:52.334,223.4080352783203
i1,2023-04-28 17:00:52.437,223.4080352783203
i1,2023-04-28 17:00:52.541,673.0971069335938
i1,2023-04-28 17:00:52.640,720.1351928710938
i1,2023-04-28 17:00:52.743,720.1351928710938
i1,2023-04-28 17:00:52.845,783.3562622070312
i1,2023-04-28 17:00:52.951,783.3562622070312
i1,2023-04-28 17:00:53.050,909.7985229492188
i1,2023-04-28 17:00:53.155,1201.9219970703125
i1,2023-04-28 17:00:53.252,1201.9219970703125
i1,2023-04-28 17:00:53.354,1201.9219970703125
i1,2023-04-28 17:00:53.483,1089.568359375
i1,2023-04-28 17:00:53.563,1637.9288330078125
i1,2023-04-28 17:00:53.659,1637.9288330078125
i1,2023-04-28 17:00:53.761,2020.1595458984375
i1,2023-04-28 17:00:53.867,2020.1595458984375
i1,2023-04-28 17:00:53.971,2292.666748046875
i1,2023-04-28 17:00:54.071,2292.666748046875
i1,2023-04-28 17:00:54.170,2237.864501953125
i1,2023-04-28 17:00:54.277,2237.864501953125
i1,2023-04-28 17:00:54.375,2091.64453125
i1,2023-04-28 17:00:54.478,2091.64453125
i1,2023-04-28 17:00:54.583,1646.1480712890625
i1,2023-04-28 17:00:54.682,1646.1480712890625
i1,2023-04-28 17:00:54.784,1830.18798828125
i1,2023-04-28 17:00:54.887,1830.18798828125
i1,2023-04-28 17:00:54.989,2117.205810546875
i1,2023-04-28 17:00:55.089,2117.205810546875
i1,2023-04-28 17:00:55.191,2805.337158203125
i1,2023-04-28 17:00:55.294,2805.337158203125
i1,2023-04-28 17:00:55.396,2805.337158203125
i1,2023-04-28 17:00:55.499,2446.93359375
i1,2023-04-28 17:00:55.600,2019.70751953125
i1,2023-04-28 17:00:55.704,2019.70751953125
i1,2023-04-28 17:00:55.802,1283.3538818359375
i1,2023-04-28 17:00:55.906,1283.3538818359375
i1,2023-04-28 17:00:56.010,673.9609375
i1,2023-04-28 17:00:56.109,673.9609375
i1,2023-04-28 17:00:56.211,174.83767700195312
i1,2023-04-28 17:00:56.319,174.83767700195312
i1,2023-04-28 17:00:56.417,57.311405181884766
i1,2023-04-28 17:00:56.518,57.311405181884766
i1,2023-04-28 17:00:56.619,-726.921875
i1,2023-04-28 17:00:56.724,-726.921875
i1,2023-04-28 17:00:56.826,-1553.2310791015625
i1,2023-04-28 17:00:56.927,-1553.2310791015625
i1,2023-04-28 17:00:57.028,-2322.953125
i1,2023-04-28 17:00:57.129,-2322.953125
i1,2023-04-28 17:00:57.231,-3201.409423828125
i1,2023-04-28 17:00:57.336,-3201.409423828125
i1,2023-04-28 17:00:57.440,-3201.409423828125
i1,2023-04-28 17:00:57.538,-2817.6083984375
i1,2023-04-28 17:00:57.645,-2838.76513671875
i1,2023-04-28 17:00:57.747,-2838.76513671875
i1,2023-04-28 17:00:57.846,-2521.8056640625
i1,2023-04-28 17:00:57.947,-2521.8056640625
i1,2023-04-28 17:00:58.062,-2028.8353271484375
i1,2023-04-28 17:00:58.152,-2028.8353271484375
i1,2023-04-28 17:00:58.253,-1212.3350830078125
i1,2023-04-28 17:00:58.357,-1212.3350830078125
i1,2023-04-28 17:00:58.458,155.5577850341797
i1,2023-04-28 17:00:58.560,155.5577850341797
i1,2023-04-28 17:00:58.666,1528.9263916015625
i1,2023-04-28 17:00:58.767,1528.9263916015625
i1,2023-04-28 17:00:58.873,2712.683837890625
i1,2023-04-28 17:00:58.977,3254.05810546875
i1,2023-04-28 17:00:59.071,3254.05810546875
i1,2023-04-28 17:00:59.173,3254.05810546875
i1,2023-04-28 17:00:59.274,3549.714599609375
i1,2023-04-28 17:00:59.379,3418.63916015625
i1,2023-04-28 17:00:59.508,3418.63916015625
i1,2023-04-28 17:00:59.580,3452.438720703125
i1,2023-04-28 17:00:59.682,3452.438720703125
i1,2023-04-28 17:00:59.788,3399.3935546875
i1,2023-04-28 17:00:59.886,3399.3935546875
i1,2023-04-28 17:00:59.993,3051.313232421875
i1,2023-04-28 17:01:00.088,3051.313232421875
i1,2023-04-28 17:01:00.194,2227.26220703125
i1,2023-04-28 17:01:00.292,2227.26220703125
i1,2023-04-28 17:01:00.398,1408.7921142578125
i1,2023-04-28 17:01:00.503,1408.7921142578125
i1,2023-04-28 17:01:00.600,960.3739013671875
i1,2023-04-28 17:01:00.703,960.3739013671875
i1,2023-04-28 17:01:00.806,961.1039428710938
i1,2023-04-28 17:01:00.901,961.1039428710938
i1,2023-04-28 17:01:01.001,961.1043701171875
i1,2023-04-28 17:01:01.105,961.1043701171875
i1,2023-04-28 17:01:01.220,955.990478515625
i1,2023-04-28 17:01:01.311,955.990478515625
i1,2023-04-28 17:01:01.415,956.1677856445312
i1,2023-04-28 17:01:01.517,956.1677856445312
i1,2023-04-28 17:01:01.621,954.2047729492188
i1,2023-04-28 17:01:01.723,954.2047729492188
i1,2023-04-28 17:01:01.827,956.1680297851562
i1,2023-04-28 17:01:01.927,956.1680297851562
i1,2023-04-28 17:01:02.027,958.3446044921875
i1,2023-04-28 17:01:02.127,958.3446044921875
i1,2023-04-28 17:01:02.230,954.7180786132812
i1,2023-04-28 17:01:02.339,954.7180786132812
i1,2023-04-28 17:01:02.431,954.7180786132812
i1,2023-04-28 17:01:02.533,804.219482421875
i1,2023-04-28 17:01:02.636,708.0585327148438
i1,2023-04-28 17:01:02.737,708.0585327148438
i1,2023-04-28 17:01:02.842,1101.263671875
i1,2023-04-28 17:01:02.945,1101.263671875
i1,2023-04-28 17:01:03.047,1404.509033203125
i1,2023-04-28 17:01:03.146,1404.509033203125
i1,2023-04-28 17:01:03.246,1389.9996337890625
i1,2023-04-28 17:01:03.352,1389.9996337890625
i1,2023-04-28 17:01:03.464,1380.569091796875
i1,2023-04-28 17:01:03.554,1380.569091796875
i1,2023-04-28 17:01:03.659,1989.3995361328125
i1,2023-04-28 17:01:03.762,1989.3995361328125
i1,2023-04-28 17:01:03.860,1974.0645751953125
i1,2023-04-28 17:01:03.964,1974.0645751953125
i1,2023-04-28 17:01:04.066,1964.5687255859375
i1,2023-04-28 17:01:04.169,1964.5687255859375
i1,2023-04-28 17:01:04.272,2871.732421875
i1,2023-04-28 17:01:04.370,2871.732421875
i1,2023-04-28 17:01:04.471,2769.3828125
i1,2023-04-28 17:01:04.577,2759.355712890625
i1,2023-04-28 17:01:04.680,2759.355712890625
i1,2023-04-28 17:01:04.780,2759.355712890625
i1,2023-04-28 17:01:04.879,2698.87841796875
i1,2023-04-28 17:01:04.990,2698.87841796875
i1,2023-04-28 17:01:05.083,2235.25830078125
i1,2023-04-28 17:01:05.192,1793.4385986328125
i1,2023-04-28 17:01:05.286,1793.4385986328125
i1,2023-04-28 17:01:05.389,1793.4385986328125
i1,2023-04-28 17:01:05.521,670.7122192382812
i1,2023-04-28 17:01:05.591,670.7122192382812
i1,2023-04-28 17:01:05.694,700.5157470703125
i1,2023-04-28 17:01:05.798,1162.6822509765625
i1,2023-04-28 17:01:05.899,1162.6822509765625
i1,2023-04-28 17:01:06.006,1148.1484375
i1,2023-04-28 17:01:06.105,1148.1484375
i1,2023-04-28 17:01:06.205,1755.6490478515625
i1,2023-04-28 17:01:06.309,1755.6490478515625
i1,2023-04-28 17:01:06.411,1755.6490478515625
i1,2023-04-28 17:01:06.513,724.7021484375
i1,2023-04-28 17:01:06.624,238.08421325683594
i1,2023-04-28 17:01:06.721,238.08421325683594
i1,2023-04-28 17:01:06.820,176.7371368408203
i1,2023-04-28 17:01:06.917,176.7371368408203
i1,2023-04-28 17:01:07.022,544.8195190429688
i1,2023-04-28 17:01:07.124,544.8195190429688
i1,2023-04-28 17:01:07.227,733.5227661132812
i1,2023-04-28 17:01:07.326,733.5227661132812
i1,2023-04-28 17:01:07.428,1198.62890625
i1,2023-04-28 17:01:07.538,1198.62890625
i1,2023-04-28 17:01:07.636,393.203857421875
i1,2023-04-28 17:01:07.740,393.203857421875
i1,2023-04-28 17:01:07.837,286.9951171875
i1,2023-04-28 17:01:07.941,286.9951171875
i1,2023-04-28 17:01:08.046,-230.70030212402344
i1,2023-04-28 17:01:08.147,-230.70030212402344
i1,2023-04-28 17:01:08.247,388.3797607421875
i1,2023-04-28 17:01:08.347,388.3797607421875
i1,2023-04-28 17:01:08.450,627.53076171875
i1,2023-04-28 17:01:08.554,627.53076171875
i1,2023-04-28 17:01:08.656,1154.2215576171875
i1,2023-04-28 17:01:08.762,1154.2215576171875
i1,2023-04-28 17:01:08.862,1231.8460693359375
i1,2023-04-28 17:01:08.965,1231.8460693359375
i1,2023-04-28 17:01:09.062,1559.759521484375
i1,2023-04-28 17:01:09.168,1559.759521484375
i1,2023-04-28 17:01:09.270,1062.0865478515625
i1,2023-04-28 17:01:09.374,1062.0865478515625
i1,2023-04-28 17:01:09.475,1062.0865478515625
i1,2023-04-28 17:01:09.573,1383.8974609375
i1,2023-04-28 17:01:09.677,975.9715576171875
i1,2023-04-28 17:01:09.776,975.9715576171875
i1,2023-04-28 17:01:09.878,1438.734130859375
i1,2023-04-28 17:01:09.980,1438.734130859375
i1,2023-04-28 17:01:10.082,2054.451171875
i1,2023-04-28 17:01:10.188,2054.451171875
i1,2023-04-28 17:01:10.288,2535.6796875
i1,2023-04-28 17:01:10.391,2535.6796875
i1,2023-04-28 17:01:10.524,2237.226806640625
i1,2023-04-28 17:01:10.593,2237.226806640625
i1,2023-04-28 17:01:10.695,2129.163818359375
i1,2023-04-28 17:01:10.801,1691.0521240234375
i1,2023-04-28 17:01:10.904,1691.0521240234375
i1,2023-04-28 17:01:10.997,1691.0521240234375
i1,2023-04-28 17:01:11.097,1154.6890869140625
i1,2023-04-28 17:01:11.204,1223.008544921875
i1,2023-04-28 17:01:11.305,1223.008544921875
i1,2023-04-28 17:01:11.412,1442.38623046875
i1,2023-04-28 17:01:11.507,1442.38623046875
i1,2023-04-28 17:01:11.616,1428.6466064453125
i1,2023-04-28 17:01:11.716,1428.6466064453125
i1,2023-04-28 17:01:11.815,1435.9127197265625
i1,2023-04-28 17:01:11.910,1435.9127197265625
i1,2023-04-28 17:01:12.025,1520.206298828125
i1,2023-04-28 17:01:12.116,1520.206298828125
i1,2023-04-28 17:01:12.225,2138.669921875
i1,2023-04-28 17:01:12.324,2138.669921875
i1,2023-04-28 17:01:12.428,1847.71484375
i1,2023-04-28 17:01:12.529,1847.71484375
i1,2023-04-28 17:01:12.632,1805.40087890625
i1,2023-04-28 17:01:12.732,1805.40087890625
i1,2023-04-28 17:01:12.833,1897.37646484375
i1,2023-04-28 17:01:12.938,1897.37646484375
i1,2023-04-28 17:01:13.036,1282.7664794921875
i1,2023-04-28 17:01:13.137,1282.7664794921875
i1,2023-04-28 17:01:13.245,1160.4818115234375
i1,2023-04-28 17:01:13.342,1160.4818115234375
i1,2023-04-28 17:01:13.444,1160.4818115234375
i1,2023-04-28 17:01:13.550,1175.8204345703125
i1,2023-04-28 17:01:13.648,788.3215942382812
i1,2023-04-28 17:01:13.749,788.3215942382812
i1,2023-04-28 17:01:13.851,859.6828002929688
i1,2023-04-28 17:01:13.953,859.6828002929688
i1,2023-04-28 17:01:14.056,1088.5301513671875
i1,2023-04-28 17:01:14.157,1088.5301513671875
i1,2023-04-28 17:01:14.262,2078.472412109375
i1,2023-04-28 17:01:14.368,2078.472412109375
i1,2023-04-28 17:01:14.468,2754.719970703125
i1,2023-04-28 17:01:14.565,2754.719970703125
i1,2023-04-28 17:01:14.667,3064.38427734375
i1,2023-04-28 17:01:14.772,3064.38427734375
i1,2023-04-28 17:01:14.871,3243.5673828125
i1,2023-04-28 17:01:14.979,3243.5673828125
i1,2023-04-28 17:01:15.075,2550.75146484375
i1,2023-04-28 17:01:15.179,2550.75146484375
i1,2023-04-28 17:01:15.279,1668.3651123046875
i1,2023-04-28 17:01:15.383,1668.3651123046875
i1,2023-04-28 17:01:15.492,957.6195678710938
i1,2023-04-28 17:01:15.585,957.6195678710938
i1,2023-04-28 17:01:15.690,-232.9734649658203
i1,2023-04-28 17:01:15.795,-232.9734649658203
i1,2023-04-28 17:01:15.885,-1475.5078125
i1,2023-04-28 17:01:15.987,-1475.5078125
i1,2023-04-28 17:01:16.100,-2729.9482421875
i1,2023-04-28 17:01:16.200,-2729.9482421875
i1,2023-04-28 17:01:16.302,-3002.269287109375
i1,2023-04-28 17:01:16.402,-3002.269287109375
i1,2023-04-28 17:01:16.508,-2960.7294921875
i1,2023-04-28 17:01:16.604,-2960.7294921875
i1,2023-04-28 17:01:16.710,-2571.71240234375
i1,2023-04-28 17:01:16.808,-2571.71240234375
i1,2023-04-28 17:01:16.913,-2108.09130859375
i1,2023-04-28 17:01:17.015,-1687.3792724609375
i1,2023-04-28 17:01:17.117,-1687.3792724609375
i1,2023-04-28 17:01:17.217,-1687.3792724609375
i1,2023-04-28 17:01:17.318,-771.005859375
i1,2023-04-28 17:01:17.424,552.8540649414062
i1,2023-04-28 17:01:17.555,552.8540649414062
i1,2023-04-28 17:01:17.624,552.8540649414062
i1,2023-04-28 17:01:17.726,2185.84716796875
i1,2023-04-28 17:01:17.834,3468.430908203125
i1,2023-04-28 17:01:17.930,3468.430908203125
i1,2023-04-28 17:01:18.035,3468.430908203125
i1,2023-04-28 17:01:18.137,4225.6298828125
i1,2023-04-28 17:01:18.235,4796.07275390625
i1,2023-04-28 17:01:18.338,4796.07275390625
i1,2023-04-28 17:01:18.439,4796.07275390625
i1,2023-04-28 17:01:18.551,5418.224609375
i1,2023-04-28 17:01:18.655,5955.79248046875
i1,2023-04-28 17:01:18.747,5955.79248046875
i1,2023-04-28 17:01:18.852,5925.857421875
i1,2023-04-28 17:01:18.954,5925.857421875
i1,2023-04-28 17:01:19.056,5587.70703125
i1,2023-04-28 17:01:19.159,5587.70703125
i1,2023-04-28 17:01:19.260,4812.00830078125
i1,2023-04-28 17:01:19.359,4812.00830078125
i1,2023-04-28 17:01:19.461,4004.0009765625
i1,2023-04-28 17:01:19.563,4004.0009765625
i1,2023-04-28 17:01:19.665,3356.75390625
i1,2023-04-28 17:01:19.772,3356.75390625
i1,2023-04-28 17:01:19.871,2814.177001953125
i1,2023-04-28 17:01:19.970,2814.177001953125
i1,2023-04-28 17:01:20.072,2291.034912109375
i1,2023-04-28 17:01:20.174,2291.034912109375
i1,2023-04-28 17:01:20.276,1389.74658203125
i1,2023-04-28 17:01:20.378,1389.74658203125
i1,2023-04-28 17:01:20.486,1389.74658203125
i1,2023-04-28 17:01:20.583,727.4303588867188
i1,2023-04-28 17:01:20.683,627.5733032226562
i1,2023-04-28 17:01:20.786,627.5733032226562
i1,2023-04-28 17:01:20.887,494.04461669921875
i1,2023-04-28 17:01:20.992,494.04461669921875
i1,2023-04-28 17:01:21.094,410.3078308105469
i1,2023-04-28 17:01:21.188,410.3078308105469
i1,2023-04-28 17:01:21.294,374.3416748046875
i1,2023-04-28 17:01:21.395,374.3416748046875
i1,2023-04-28 17:01:21.498,357.4595947265625
i1,2023-04-28 17:01:21.597,357.4595947265625
i1,2023-04-28 17:01:21.701,345.7759094238281
i1,2023-04-28 17:01:21.802,345.7759094238281
i1,2023-04-28 17:01:21.903,329.3749694824219
i1,2023-04-28 17:01:22.010,329.3749694824219
i1,2023-04-28 17:01:22.116,416.5196533203125
i1,2023-04-28 17:01:22.213,416.5196533203125
i1,2023-04-28 17:01:22.322,856.3995361328125
i1,2023-04-28 17:01:22.416,856.3995361328125
i1,2023-04-28 17:01:22.518,856.3995361328125
i1,2023-04-28 17:01:22.620,942.0657958984375
i1,2023-04-28 17:01:22.722,1050.0477294921875
i1,2023-04-28 17:01:22.822,1050.0477294921875
i1,2023-04-28 17:01:22.927,1115.44970703125
i1,2023-04-28 17:01:23.028,1115.44970703125
i1,2023-04-28 17:01:23.135,1133.617431640625
i1,2023-04-28 17:01:23.240,1132.163818359375
i1,2023-04-28 17:01:23.333,1132.163818359375
i1,2023-04-28 17:01:23.440,1132.163818359375
i1,2023-04-28 17:01:23.569,1133.8140869140625
i1,2023-04-28 17:01:23.649,1136.52490234375
i1,2023-04-28 17:01:23.745,1136.52490234375
i1,2023-04-28 17:01:23.843,1138.1531982421875
i1,2023-04-28 17:01:23.948,1138.1531982421875
i1,2023-04-28 17:01:24.053,1195.3846435546875
i1,2023-04-28 17:01:24.148,1195.3846435546875
i1,2023-04-28 17:01:24.257,1314.078857421875
i1,2023-04-28 17:01:24.355,1314.078857421875
i1,2023-04-28 17:01:24.459,1400.0291748046875
i1,2023-04-28 17:01:24.566,1400.0291748046875
i1,2023-04-28 17:01:24.665,1511.6024169921875
i1,2023-04-28 17:01:24.763,1511.6024169921875
i1,2023-04-28 17:01:24.866,1618.3958740234375
i1,2023-04-28 17:01:24.973,1618.3958740234375
i1,2023-04-28 17:01:25.072,1729.607421875
i1,2023-04-28 17:01:25.174,1729.607421875
i1,2023-04-28 17:01:25.273,1887.655517578125
i1,2023-04-28 17:01:25.379,1887.655517578125
i1,2023-04-28 17:01:25.478,1887.655517578125
i1,2023-04-28 17:01:25.578,1964.9556884765625
i1,2023-04-28 17:01:25.679,2027.6895751953125
i1,2023-04-28 17:01:25.781,2027.6895751953125
i1,2023-04-28 17:01:25.887,1987.787353515625
i1,2023-04-28 17:01:25.986,1987.787353515625
i1,2023-04-28 17:01:26.090,1902.540771484375
i1,2023-04-28 17:01:26.189,1902.540771484375
i1,2023-04-28 17:01:26.292,1817.303466796875
i1,2023-04-28 17:01:26.393,1817.303466796875
i1,2023-04-28 17:01:26.494,1721.9774169921875
i1,2023-04-28 17:01:26.600,1721.9774169921875
i1,2023-04-28 17:01:26.701,1627.229736328125
i1,2023-04-28 17:01:26.799,1627.229736328125
i1,2023-04-28 17:01:26.903,1523.79443359375
i1,2023-04-28 17:01:27.007,1523.79443359375
i1,2023-04-28 17:01:27.106,1430.626953125
i1,2023-04-28 17:01:27.210,1430.626953125
i1,2023-04-28 17:01:27.311,1271.205322265625
i1,2023-04-28 17:01:27.414,1271.205322265625
i1,2023-04-28 17:01:27.518,1268.847900390625
i1,2023-04-28 17:01:27.618,1268.847900390625
i1,2023-04-28 17:01:27.720,1266.380859375
i1,2023-04-28 17:01:27.819,1266.380859375
i1,2023-04-28 17:01:27.923,1273.383544921875
i1,2023-04-28 17:01:28.027,1273.383544921875
i1,2023-04-28 17:01:28.128,1261.2674560546875
i1,2023-04-28 17:01:28.230,1261.2674560546875
i1,2023-04-28 17:01:28.336,1266.1649169921875
i1,2023-04-28 17:01:28.434,1266.1649169921875
i1,2023-04-28 17:01:28.531,1260.537109375
i1,2023-04-28 17:01:28.637,1260.537109375
i1,2023-04-28 17:01:28.741,1265.8709716796875
i1,2023-04-28 17:01:28.838,1265.8709716796875
i1,2023-04-28 17:01:28.940,1267.32373046875
i1,2023-04-28 17:01:29.044,1267.32373046875
i1,2023-04-28 17:01:29.146,1268.777587890625
i1,2023-04-28 17:01:29.247,1268.777587890625
i1,2023-04-28 17:01:29.351,1257.876953125
i1,2023-04-28 17:01:29.459,1256.15380859375
i1,2023-04-28 17:01:29.555,1256.15380859375
i1,2023-04-28 17:01:29.662,1253.584716796875
i1,2023-04-28 17:01:29.759,1253.584716796875
i1,2023-04-28 17:01:29.863,1249.8834228515625
i1,2023-04-28 17:01:29.963,1249.8834228515625
i1,2023-04-28 17:01:30.074,1257.26123046875
i1,2023-04-28 17:01:30.169,1257.26123046875
i1,2023-04-28 17:01:30.273,1252.7899169921875
i1,2023-04-28 17:01:30.372,1252.7899169921875
i1,2023-04-28 17:01:30.474,1264.1876220703125
i1,2023-04-28 17:01:30.576,1264.1876220703125
i1,2023-04-28 17:01:30.681,1245.92919921875
i1,2023-04-28 17:01:30.778,1245.92919921875
i1,2023-04-28 17:01:30.879,1258.9429931640625
i1,2023-04-28 17:01:30.981,1258.9429931640625
i1,2023-04-28 17:01:31.082,1247.3885498046875
i1,2023-04-28 17:01:31.184,1247.3885498046875
i1,2023-04-28 17:01:31.281,1261.10888671875
i1,2023-04-28 17:01:31.386,1261.10888671875
i1,2023-04-28 17:01:31.489,1241.2763671875
i1,2023-04-28 17:01:31.592,1241.2763671875
i1,2023-04-28 17:01:31.694,1260.1387939453125
i1,2023-04-28 17:01:31.799,1260.1387939453125
i1,2023-04-28 17:01:31.898,1236.923583984375
i1,2023-04-28 17:01:32.000,1236.923583984375
i1,2023-04-28 17:01:32.104,1255.060302734375
i1,2023-04-28 17:01:32.204,1255.060302734375
i1,2023-04-28 17:01:32.306,1233.29736328125
i1,2023-04-28 17:01:32.418,1233.29736328125
i1,2023-04-28 17:01:32.515,1233.29736328125
i1,2023-04-28 17:01:32.616,1214.2108154296875
i1,2023-04-28 17:01:32.716,1150.1849365234375
i1,2023-04-28 17:01:32.820,1150.1849365234375
i1,2023-04-28 17:01:32.920,1060.6353759765625
i1,2023-04-28 17:01:33.022,1060.6353759765625
i1,2023-04-28 17:01:33.121,946.8638916015625
i1,2023-04-28 17:01:33.224,946.8638916015625
i1,2023-04-28 17:01:33.325,853.1517333984375
i1,2023-04-28 17:01:33.430,853.1517333984375
i1,2023-04-28 17:01:33.537,736.9395141601562
i1,2023-04-28 17:01:33.635,736.9395141601562
i1,2023-04-28 17:01:33.733,639.03125
i1,2023-04-28 17:01:33.839,639.03125
i1,2023-04-28 17:01:33.938,514.8765258789062
i1,2023-04-28 17:01:34.044,514.8765258789062
i1,2023-04-28 17:01:34.147,416.2825622558594
i1,2023-04-28 17:01:34.248,416.2825622558594
i1,2023-04-28 17:01:34.349,345.9723205566406
i1,2023-04-28 17:01:34.450,345.9723205566406
i1,2023-04-28 17:01:34.555,345.9723205566406
i1,2023-04-28 17:01:34.658,482.9190673828125
i1,2023-04-28 17:01:34.757,525.387451171875
i1,2023-04-28 17:01:34.857,525.387451171875
i1,2023-04-28 17:01:34.963,608.228759765625
i1,2023-04-28 17:01:35.062,608.228759765625
i1,2023-04-28 17:01:35.164,705.6029663085938
i1,2023-04-28 17:01:35.266,705.6029663085938
i1,2023-04-28 17:01:35.369,791.349853515625
i1,2023-04-28 17:01:35.471,791.349853515625
i1,2023-04-28 17:01:35.608,902.2017822265625
i1,2023-04-28 17:01:35.674,902.2017822265625
i1,2023-04-28 17:01:35.777,981.7388916015625
i1,2023-04-28 17:01:35.882,1072.5726318359375
i1,2023-04-28 17:01:35.980,1072.5726318359375
i1,2023-04-28 17:01:36.088,1109.633056640625
i1,2023-04-28 17:01:36.184,1109.633056640625
i1,2023-04-28 17:01:36.285,1113.0386962890625
i1,2023-04-28 17:01:36.388,1113.0386962890625
i1,2023-04-28 17:01:36.495,1118.121337890625
i1,2023-04-28 17:01:36.603,1118.121337890625
i1,2023-04-28 17:01:36.698,1122.5045166015625
i1,2023-04-28 17:01:36.803,1122.5045166015625
i1,2023-04-28 17:01:36.901,1121.0430908203125
i1,2023-04-28 17:01:37.004,1121.0430908203125
i1,2023-04-28 17:01:37.106,1121.77392578125
i1,2023-04-28 17:01:37.211,1121.77392578125
i1,2023-04-28 17:01:37.310,1129.157470703125
i1,2023-04-28 17:01:37.409,1129.157470703125
i1,2023-04-28 17:01:37.514,1129.157470703125
i1,2023-04-28 17:01:37.612,1156.6202392578125
i1,2023-04-28 17:01:37.716,1198.4755859375
i1,2023-04-28 17:01:37.819,1198.4755859375
i1,2023-04-28 17:01:37.923,1339.2158203125
i1,2023-04-28 17:01:38.028,1339.2158203125
i1,2023-04-28 17:01:38.129,1476.3311767578125
i1,2023-04-28 17:01:38.226,1476.3311767578125
i1,2023-04-28 17:01:38.332,1647.5418701171875
i1,2023-04-28 17:01:38.431,1647.5418701171875
i1,2023-04-28 17:01:38.528,1810.7725830078125
i1,2023-04-28 17:01:38.638,1810.7725830078125
i1,2023-04-28 17:01:38.736,2008.8258056640625
i1,2023-04-28 17:01:38.839,2008.8258056640625
i1,2023-04-28 17:01:38.941,2028.4144287109375
i1,2023-04-28 17:01:39.045,2028.4144287109375
i1,2023-04-28 17:01:39.144,2033.494140625
i1,2023-04-28 17:01:39.249,2033.494140625
i1,2023-04-28 17:01:39.347,2092.421142578125
i1,2023-04-28 17:01:39.450,2092.421142578125
i1,2023-04-28 17:01:39.552,2092.421142578125
i1,2023-04-28 17:01:39.654,1954.3828125
i1,2023-04-28 17:01:39.755,1882.0430908203125
i1,2023-04-28 17:01:39.858,1882.0430908203125
i1,2023-04-28 17:01:39.959,1745.47216796875
i1,2023-04-28 17:01:40.064,1745.47216796875
i1,2023-04-28 17:01:40.166,1597.21533203125
i1,2023-04-28 17:01:40.265,1597.21533203125
i1,2023-04-28 17:01:40.370,1430.701416015625
i1,2023-04-28 17:01:40.469,1430.701416015625
i1,2023-04-28 17:01:40.572,1258.346435546875
i1,2023-04-28 17:01:40.677,1258.346435546875
i1,2023-04-28 17:01:40.776,1238.984130859375
i1,2023-04-28 17:01:40.877,1238.984130859375
i1,2023-04-28 17:01:40.979,1256.4246826171875
i1,2023-04-28 17:01:41.082,1256.4246826171875
i1,2023-04-28 17:01:41.185,1238.98388671875
i1,2023-04-28 17:01:41.290,1238.98388671875
i1,2023-04-28 17:01:41.383,1248.9156494140625
i1,2023-04-28 17:01:41.482,1248.9156494140625
i1,2023-04-28 17:01:41.591,1234.975341796875
i1,2023-04-28 17:01:41.701,1115.44970703125
i1,2023-04-28 17:01:41.793,1115.44970703125
i1,2023-04-28 17:01:41.902,1115.44970703125
i1,2023-04-28 17:01:41.997,922.1532592773438
i1,2023-04-28 17:01:42.107,778.271240234375
i1,2023-04-28 17:01:42.205,778.271240234375
i1,2023-04-28 17:01:42.309,605.32177734375
i1,2023-04-28 17:01:42.410,605.32177734375
i1,2023-04-28 17:01:42.509,466.6761169433594
i1,2023-04-28 17:01:42.613,466.6761169433594
i1,2023-04-28 17:01:42.714,347.63336181640625
i1,2023-04-28 17:01:42.815,347.63336181640625
i1,2023-04-28 17:01:42.915,327.1839904785156
i1,2023-04-28 17:01:43.022,327.1839904785156
i1,2023-04-28 17:01:43.122,297.9712219238281
i1,2023-04-28 17:01:43.225,297.9712219238281
i1,2023-04-28 17:01:43.337,287.7464904785156
i1,2023-04-28 17:01:43.426,287.7464904785156
i1,2023-04-28 17:01:43.532,394.6550598144531
i1,2023-04-28 17:01:43.632,394.6550598144531
i1,2023-04-28 17:01:43.732,546.0997314453125
i1,2023-04-28 17:01:43.832,546.0997314453125
i1,2023-04-28 17:01:43.935,684.1181640625
i1,2023-04-28 17:01:44.037,684.1181640625
i1,2023-04-28 17:01:44.141,826.310302734375
i1,2023-04-28 17:01:44.240,826.310302734375
i1,2023-04-28 17:01:44.344,1109.2432861328125
i1,2023-04-28 17:01:44.456,1109.2432861328125
i1,2023-04-28 17:01:44.547,1109.2432861328125
i1,2023-04-28 17:01:44.650,1104.5152587890625
i1,2023-04-28 17:01:44.754,922.7968139648438
i1,2023-04-28 17:01:44.854,922.7968139648438
i1,2023-04-28 17:01:44.955,574.5717163085938
i1,2023-04-28 17:01:45.058,574.5717163085938
i1,2023-04-28 17:01:45.160,232.14987182617188
i1,2023-04-28 17:01:45.262,232.14987182617188
i1,2023-04-28 17:01:45.364,817.6047973632812
i1,2023-04-28 17:01:45.469,817.6047973632812
i1,2023-04-28 17:01:45.577,1328.3360595703125
i1,2023-04-28 17:01:45.674,1328.3360595703125
i1,2023-04-28 17:01:45.772,1597.2164306640625
i1,2023-04-28 17:01:45.869,1597.2164306640625
i1,2023-04-28 17:01:45.969,1602.328369140625
i1,2023-04-28 17:01:46.071,1602.328369140625
i1,2023-04-28 17:01:46.179,1196.9990234375
i1,2023-04-28 17:01:46.284,1196.9990234375
i1,2023-04-28 17:01:46.385,1217.111572265625
i1,2023-04-28 17:01:46.482,1217.111572265625
i1,2023-04-28 17:01:46.584,1380.3101806640625
i1,2023-04-28 17:01:46.689,1380.3101806640625
i1,2023-04-28 17:01:46.794,1737.3741455078125
i1,2023-04-28 17:01:46.891,1737.3741455078125
i1,2023-04-28 17:01:46.993,2073.210205078125
i1,2023-04-28 17:01:47.094,2073.210205078125
i1,2023-04-28 17:01:47.198,1493.3218994140625
i1,2023-04-28 17:01:47.299,1493.3218994140625
i1,2023-04-28 17:01:47.404,986.1007080078125
i1,2023-04-28 17:01:47.507,986.1007080078125
i1,2023-04-28 17:01:47.646,751.8865356445312
i1,2023-04-28 17:01:47.710,751.8865356445312
i1,2023-04-28 17:01:47.813,723.0435180664062
i1,2023-04-28 17:01:47.920,965.7534790039062
i1,2023-04-28 17:01:48.013,965.7534790039062
i1,2023-04-28 17:01:48.114,965.7534790039062
i1,2023-04-28 17:01:48.217,1041.328125
i1,2023-04-28 17:01:48.321,1063.8546142578125
i1,2023-04-28 17:01:48.421,1063.8546142578125
i1,2023-04-28 17:01:48.523,1063.8546142578125
i1,2023-04-28 17:01:48.630,1063.170654296875
i1,2023-04-28 17:01:48.726,1058.237060546875
i1,2023-04-28 17:01:48.829,1058.237060546875
i1,2023-04-28 17:01:48.933,1056.7755126953125
i1,2023-04-28 17:01:49.034,1056.7755126953125
i1,2023-04-28 17:01:49.135,1058.9666748046875
i1,2023-04-28 17:01:49.234,1058.9666748046875
i1,2023-04-28 17:01:49.338,1054.39697265625
i1,2023-04-28 17:01:49.440,1054.39697265625
i1,2023-04-28 17:01:49.542,1054.02978515625
i1,2023-04-28 17:01:49.646,1054.02978515625
i1,2023-04-28 17:01:49.744,877.0925903320312
i1,2023-04-28 17:01:49.846,877.0925903320312
i1,2023-04-28 17:01:49.948,625.3713989257812
i1,2023-04-28 17:01:50.050,625.3713989257812
i1,2023-04-28 17:01:50.151,150.8970489501953
i1,2023-04-28 17:01:50.257,150.8970489501953
i1,2023-04-28 17:01:50.358,-404.7584228515625
i1,2023-04-28 17:01:50.459,-404.7584228515625
i1,2023-04-28 17:01:50.565,-897.4071655273438
i1,2023-04-28 17:01:50.662,-897.4071655273438
i1,2023-04-28 17:01:50.765,-1704.1317138671875
i1,2023-04-28 17:01:50.867,-1704.1317138671875
i1,2023-04-28 17:01:50.972,-2255.487548828125
i1,2023-04-28 17:01:51.070,-2255.487548828125
i1,2023-04-28 17:01:51.173,-2365.037841796875
i1,2023-04-28 17:01:51.273,-2365.037841796875
i1,2023-04-28 17:01:51.372,-2400.5849609375
i1,2023-04-28 17:01:51.474,-2400.5849609375
i1,2023-04-28 17:01:51.577,-2400.5849609375
i1,2023-04-28 17:01:51.680,-2116.794189453125
i1,2023-04-28 17:01:51.783,-2078.27587890625
i1,2023-04-28 17:01:51.886,-2078.27587890625
i1,2023-04-28 17:01:51.987,-1688.5084228515625
i1,2023-04-28 17:01:52.089,-1688.5084228515625
i1,2023-04-28 17:01:52.190,-1239.4588623046875
i1,2023-04-28 17:01:52.292,-1239.4588623046875
i1,2023-04-28 17:01:52.393,-708.4154663085938
i1,2023-04-28 17:01:52.497,-708.4154663085938
i1,2023-04-28 17:01:52.597,-708.4154663085938
i1,2023-04-28 17:01:52.699,55.62098693847656
i1,2023-04-28 17:01:52.803,516.6670532226562
i1,2023-04-28 17:01:52.904,516.6670532226562
i1,2023-04-28 17:01:53.008,528.6373901367188
i1,2023-04-28 17:01:53.107,528.6373901367188
i1,2023-04-28 17:01:53.210,513.7606201171875
i1,2023-04-28 17:01:53.314,513.7606201171875
i1,2023-04-28 17:01:53.418,549.0584716796875
i1,2023-04-28 17:01:53.518,549.0584716796875
i1,2023-04-28 17:01:53.620,551.3941650390625
i1,2023-04-28 17:01:53.722,551.3941650390625
i1,2023-04-28 17:01:53.827,556.635009765625
i1,2023-04-28 17:01:53.928,556.635009765625
i1,2023-04-28 17:01:54.025,529.7476196289062
i1,2023-04-28 17:01:54.149,490.50701904296875
i1,2023-04-28 17:01:54.234,490.50701904296875
i1,2023-04-28 17:01:54.332,490.50701904296875
i1,2023-04-28 17:01:54.438,486.37939453125
i1,2023-04-28 17:01:54.543,477.63140869140625
i1,2023-04-28 17:01:54.650,477.63140869140625
i1,2023-04-28 17:01:54.751,497.3708801269531
i1,2023-04-28 17:01:54.842,497.3708801269531
i1,2023-04-28 17:01:54.945,477.63153076171875
i1,2023-04-28 17:01:55.050,477.63153076171875
i1,2023-04-28 17:01:55.151,429.5148010253906
i1,2023-04-28 17:01:55.250,429.5148010253906
i1,2023-04-28 17:01:55.354,410.4418640136719
i1,2023-04-28 17:01:55.452,410.4418640136719
i1,2023-04-28 17:01:55.560,410.4418640136719
i1,2023-04-28 17:01:55.659,390.7977600097656
i1,2023-04-28 17:01:55.760,373.6091003417969
i1,2023-04-28 17:01:55.864,373.6091003417969
i1,2023-04-28 17:01:55.963,385.2250061035156
i1,2023-04-28 17:01:56.065,385.2250061035156
i1,2023-04-28 17:01:56.162,386.0867919921875
i1,2023-04-28 17:01:56.269,386.0867919921875
i1,2023-04-28 17:01:56.371,385.9500427246094
i1,2023-04-28 17:01:56.475,385.9500427246094
i1,2023-04-28 17:01:56.577,383.1508483886719
i1,2023-04-28 17:01:56.682,383.1508483886719
i1,2023-04-28 17:01:56.783,381.59722900390625
i1,2023-04-28 17:01:56.884,381.59722900390625
i1,2023-04-28 17:01:56.988,380.21466064453125
i1,2023-04-28 17:01:57.089,380.21466064453125
i1,2023-04-28 17:01:57.192,378.69573974609375
i1,2023-04-28 17:01:57.297,378.69573974609375
i1,2023-04-28 17:01:57.394,378.9644470214844
i1,2023-04-28 17:01:57.496,378.9644470214844
i1,2023-04-28 17:01:57.608,379.42108154296875
i1,2023-04-28 17:01:57.702,379.42108154296875
i1,2023-04-28 17:01:57.800,381.2286682128906
i1,2023-04-28 17:01:57.903,381.2286682128906
i1,2023-04-28 17:01:58.005,382.59259033203125
i1,2023-04-28 17:01:58.107,382.59259033203125
i1,2023-04-28 17:01:58.209,384.14959716796875
i1,2023-04-28 17:01:58.312,384.14959716796875
i1,2023-04-28 17:01:58.422,389.8114929199219
i1,2023-04-28 17:01:58.517,389.8114929199219
i1,2023-04-28 17:01:58.617,392.18353271484375
i1,2023-04-28 17:01:58.722,392.18353271484375
i1,2023-04-28 17:01:58.821,396.0393981933594
i1,2023-04-28 17:01:58.923,396.0393981933594
i1,2023-04-28 17:01:59.027,398.2192687988281
i1,2023-04-28 17:01:59.129,398.2192687988281
i1,2023-04-28 17:01:59.232,402.1767578125
i1,2023-04-28 17:01:59.333,402.1767578125
i1,2023-04-28 17:01:59.434,404.7593688964844
i1,2023-04-28 17:01:59.536,404.7593688964844
i1,2023-04-28 17:01:59.640,406.7897644042969
i1,2023-04-28 17:01:59.744,406.7897644042969
i1,2023-04-28 17:01:59.843,407.6654357910156
i1,2023-04-28 17:01:59.949,407.6654357910156
i1,2023-04-28 17:02:00.047,409.1189880371094
i1,2023-04-28 17:02:00.150,409.1189880371094
i1,2023-04-28 17:02:00.252,408.3926086425781
i1,2023-04-28 17:02:00.359,409.8458251953125
i1,2023-04-28 17:02:00.460,409.8458251953125
i1,2023-04-28 17:02:00.560,409.8458251953125
i1,2023-04-28 17:02:00.662,409.8458251953125
i1,2023-04-28 17:02:00.768,405.3292236328125
i1,2023-04-28 17:02:00.857,405.3292236328125
i1,2023-04-28 17:02:00.962,401.3607482910156
i1,2023-04-28 17:02:01.063,401.3607482910156
i1,2023-04-28 17:02:01.168,396.5645751953125
i1,2023-04-28 17:02:01.268,396.5645751953125
i1,2023-04-28 17:02:01.372,391.9767761230469
i1,2023-04-28 17:02:01.474,391.9767761230469
i1,2023-04-28 17:02:01.577,389.0223083496094
i1,2023-04-28 17:02:01.673,389.0223083496094
i1,2023-04-28 17:02:01.774,385.94976806640625
i1,2023-04-28 17:02:01.879,385.94976806640625
i1,2023-04-28 17:02:01.980,383.15032958984375
i1,2023-04-28 17:02:02.084,383.15032958984375
i1,2023-04-28 17:02:02.184,378.69439697265625
i1,2023-04-28 17:02:02.285,378.69439697265625
i1,2023-04-28 17:02:02.388,431.9937438964844
i1,2023-04-28 17:02:02.489,431.9937438964844
i1,2023-04-28 17:02:02.591,431.9937438964844
i1,2023-04-28 17:02:02.700,842.270751953125
i1,2023-04-28 17:02:02.795,1040.0853271484375
i1,2023-04-28 17:02:02.897,1040.0853271484375
i1,2023-04-28 17:02:02.998,1723.716064453125
i1,2023-04-28 17:02:03.104,1723.716064453125
i1,2023-04-28 17:02:03.206,2486.07421875
i1,2023-04-28 17:02:03.306,2486.07421875
i1,2023-04-28 17:02:03.412,3149.987548828125
i1,2023-04-28 17:02:03.513,3149.987548828125
i1,2023-04-28 17:02:03.613,3759.572021484375
i1,2023-04-28 17:02:03.715,3759.572021484375
i1,2023-04-28 17:02:03.814,4331.2333984375
i1,2023-04-28 17:02:03.918,4331.2333984375
i1,2023-04-28 17:02:04.016,4931.1337890625
i1,2023-04-28 17:02:04.122,4931.1337890625
i1,2023-04-28 17:02:04.221,5460.2412109375
i1,2023-04-28 17:02:04.325,5460.2412109375
i1,2023-04-28 17:02:04.424,6031.78173828125
i1,2023-04-28 17:02:04.534,6031.78173828125
i1,2023-04-28 17:02:04.631,6031.78173828125
i1,2023-04-28 17:02:04.732,6013.0546875
i1,2023-04-28 17:02:04.832,5955.84033203125
i1,2023-04-28 17:02:04.937,5955.84033203125
i1,2023-04-28 17:02:05.036,5764.73046875
i1,2023-04-28 17:02:05.141,5764.73046875
i1,2023-04-28 17:02:05.243,5682.61376953125
i1,2023-04-28 17:02:05.341,5682.61376953125
i1,2023-04-28 17:02:05.446,5660.09033203125
i1,2023-04-28 17:02:05.546,5660.09033203125
i1,2023-04-28 17:02:05.650,5660.09033203125
i1,2023-04-28 17:02:05.755,5647.10205078125
i1,2023-04-28 17:02:05.859,5644.099609375
i1,2023-04-28 17:02:05.958,5644.099609375
i1,2023-04-28 17:02:06.066,5381.96142578125
i1,2023-04-28 17:02:06.162,5381.96142578125
i1,2023-04-28 17:02:06.261,4938.49658203125
i1,2023-04-28 17:02:06.365,4938.49658203125
i1,2023-04-28 17:02:06.464,3999.63720703125
i1,2023-04-28 17:02:06.569,3343.420166015625
i1,2023-04-28 17:02:06.668,3343.420166015625
i1,2023-04-28 17:02:06.770,3343.420166015625
i1,2023-04-28 17:02:06.873,2528.001953125
i1,2023-04-28 17:02:06.980,1716.260009765625
i1,2023-04-28 17:02:07.077,1716.260009765625
i1,2023-04-28 17:02:07.183,900.1751708984375
i1,2023-04-28 17:02:07.280,900.1751708984375
i1,2023-04-28 17:02:07.382,-313.69940185546875
i1,2023-04-28 17:02:07.484,-313.69940185546875
i1,2023-04-28 17:02:07.586,-313.69940185546875
i1,2023-04-28 17:02:07.693,-859.7545166015625
i1,2023-04-28 17:02:07.790,-1366.78662109375
i1,2023-04-28 17:02:07.899,-1366.78662109375
i1,2023-04-28 17:02:07.998,-1843.4205322265625
i1,2023-04-28 17:02:08.100,-1843.4205322265625
i1,2023-04-28 17:02:08.199,-1956.1248779296875
i1,2023-04-28 17:02:08.303,-1956.1248779296875
i1,2023-04-28 17:02:08.409,-2080.650146484375
i1,2023-04-28 17:02:08.505,-2080.650146484375
i1,2023-04-28 17:02:08.608,-2211.560302734375
i1,2023-04-28 17:02:08.709,-2211.560302734375
i1,2023-04-28 17:02:08.810,-2378.818603515625
i1,2023-04-28 17:02:08.912,-2378.818603515625
i1,2023-04-28 17:02:09.018,-2612.32568359375
i1,2023-04-28 17:02:09.117,-2612.32568359375
i1,2023-04-28 17:02:09.219,-2543.50048828125
i1,2023-04-28 17:02:09.319,-2543.50048828125
i1,2023-04-28 17:02:09.425,-2237.481201171875
i1,2023-04-28 17:02:09.529,-2237.481201171875
i1,2023-04-28 17:02:09.626,-1868.815673828125
i1,2023-04-28 17:02:09.728,-1868.815673828125
i1,2023-04-28 17:02:09.832,-1518.345947265625
i1,2023-04-28 17:02:09.933,-1518.345947265625
i1,2023-04-28 17:02:10.033,-1135.509765625
i1,2023-04-28 17:02:10.137,-1135.509765625
i1,2023-04-28 17:02:10.237,-736.8978271484375
i1,2023-04-28 17:02:10.339,-736.8978271484375
i1,2023-04-28 17:02:10.444,-321.2347106933594
i1,2023-04-28 17:02:10.547,-321.2347106933594
i1,2023-04-28 17:02:10.650,162.13099670410156
i1,2023-04-28 17:02:10.751,162.13099670410156
i1,2023-04-28 17:02:10.850,688.8900146484375
i1,2023-04-28 17:02:10.954,688.8900146484375
i1,2023-04-28 17:02:11.055,996.2747802734375
i1,2023-04-28 17:02:11.153,996.2747802734375
i1,2023-04-28 17:02:11.257,1013.715087890625
i1,2023-04-28 17:02:11.356,1013.715087890625
i1,2023-04-28 17:02:11.464,1033.3358154296875
i1,2023-04-28 17:02:11.564,1033.3358154296875
i1,2023-04-28 17:02:11.665,1026.1038818359375
i1,2023-04-28 17:02:11.760,1026.1038818359375
i1,2023-04-28 17:02:11.861,683.5819702148438
i1,2023-04-28 17:02:11.967,683.5819702148438
i1,2023-04-28 17:02:12.074,541.1687622070312
i1,2023-04-28 17:02:12.176,541.1687622070312
i1,2023-04-28 17:02:12.278,582.7977294921875
i1,2023-04-28 17:02:12.379,533.1356811523438
i1,2023-04-28 17:02:12.479,533.1356811523438
i1,2023-04-28 17:02:12.585,533.1356811523438
i1,2023-04-28 17:02:12.682,507.8294677734375
i1,2023-04-28 17:02:12.791,442.6051940917969
i1,2023-04-28 17:02:12.891,442.6051940917969
i1,2023-04-28 17:02:12.995,430.2037048339844
i1,2023-04-28 17:02:13.094,430.2037048339844
i1,2023-04-28 17:02:13.197,380.2148132324219
i1,2023-04-28 17:02:13.298,380.2148132324219
i1,2023-04-28 17:02:13.402,192.2492218017578
i1,2023-04-28 17:02:13.502,192.2492218017578
i1,2023-04-28 17:02:13.600,192.2492218017578
i1,2023-04-28 17:02:13.702,192.2492218017578
i1,2023-04-28 17:02:13.807,758.843017578125
i1,2023-04-28 17:02:13.906,758.843017578125
i1,2023-04-28 17:02:14.008,1177.4393310546875
i1,2023-04-28 17:02:14.113,1177.4393310546875
i1,2023-04-28 17:02:14.212,1833.26611328125
i1,2023-04-28 17:02:14.314,1833.26611328125
i1,2023-04-28 17:02:14.415,2534.0712890625
i1,2023-04-28 17:02:14.518,2534.0712890625
i1,2023-04-28 17:02:14.624,2950.49365234375
i1,2023-04-28 17:02:14.727,2950.49365234375
i1,2023-04-28 17:02:14.826,3054.9619140625
i1,2023-04-28 17:02:14.926,3054.9619140625
i1,2023-04-28 17:02:15.029,3403.1875
i1,2023-04-28 17:02:15.133,3403.1875
i1,2023-04-28 17:02:15.233,4270.85107421875
i1,2023-04-28 17:02:15.334,4270.85107421875
i1,2023-04-28 17:02:15.440,5207.27197265625
i1,2023-04-28 17:02:15.543,5207.27197265625
i1,2023-04-28 17:02:15.641,5207.27197265625
i1,2023-04-28 17:02:15.746,5551.8173828125
i1,2023-04-28 17:02:15.839,5688.4951171875
i1,2023-04-28 17:02:15.938,5688.4951171875
i1,2023-04-28 17:02:16.040,5689.9599609375
i1,2023-04-28 17:02:16.146,5689.9599609375
i1,2023-04-28 17:02:16.250,5696.52783203125
i1,2023-04-28 17:02:16.356,5696.52783203125
i1,2023-04-28 17:02:16.462,5811.18994140625
i1,2023-04-28 17:02:16.555,5811.18994140625
i1,2023-04-28 17:02:16.656,5787.08154296875
i1,2023-04-28 17:02:16.761,5787.08154296875
i1,2023-04-28 17:02:16.860,5513.302734375
i1,2023-04-28 17:02:16.962,5513.302734375
i1,2023-04-28 17:02:17.064,4681.2578125
i1,2023-04-28 17:02:17.166,4681.2578125
i1,2023-04-28 17:02:17.268,3655.91552734375
i1,2023-04-28 17:02:17.372,3655.91552734375
i1,2023-04-28 17:02:17.473,2205.14404296875
i1,2023-04-28 17:02:17.584,2205.14404296875
i1,2023-04-28 17:02:17.679,1413.1771240234375
i1,2023-04-28 17:02:17.780,1413.1771240234375
i1,2023-04-28 17:02:17.879,313.1981201171875
i1,2023-04-28 17:02:17.981,313.1981201171875
i1,2023-04-28 17:02:18.087,-908.3502197265625
i1,2023-04-28 17:02:18.186,-908.3502197265625
i1,2023-04-28 17:02:18.290,-1916.979736328125
i1,2023-04-28 17:02:18.389,-1916.979736328125
i1,2023-04-28 17:02:18.493,-2217.830322265625
i1,2023-04-28 17:02:18.604,-2175.640380859375
i1,2023-04-28 17:02:18.693,-2175.640380859375
i1,2023-04-28 17:02:18.800,-2175.640380859375
i1,2023-04-28 17:02:18.903,-1836.0384521484375
i1,2023-04-28 17:02:19.009,-876.3912963867188
i1,2023-04-28 17:02:19.106,-876.3912963867188
i1,2023-04-28 17:02:19.212,286.1269226074219
i1,2023-04-28 17:02:19.310,286.1269226074219
i1,2023-04-28 17:02:19.410,1342.3369140625
i1,2023-04-28 17:02:19.512,1342.3369140625
i1,2023-04-28 17:02:19.620,2500.0419921875
i1,2023-04-28 17:02:19.729,2500.0419921875
i1,2023-04-28 17:02:19.818,3678.983154296875
i1,2023-04-28 17:02:19.921,3678.983154296875
i1,2023-04-28 17:02:20.026,4831.14306640625
i1,2023-04-28 17:02:20.128,4831.14306640625
i1,2023-04-28 17:02:20.230,5723.51416015625
i1,2023-04-28 17:02:20.329,5723.51416015625
i1,2023-04-28 17:02:20.430,5704.85595703125
i1,2023-04-28 17:02:20.532,5704.85595703125
i1,2023-04-28 17:02:20.633,5704.85595703125
i1,2023-04-28 17:02:20.740,5390.2021484375
i1,2023-04-28 17:02:20.837,5146.55810546875
i1,2023-04-28 17:02:20.942,5146.55810546875
i1,2023-04-28 17:02:21.042,4229.5078125
i1,2023-04-28 17:02:21.143,4229.5078125
i1,2023-04-28 17:02:21.249,3202.639892578125
i1,2023-04-28 17:02:21.352,3202.639892578125
i1,2023-04-28 17:02:21.461,2038.576904296875
i1,2023-04-28 17:02:21.557,2038.576904296875
i1,2023-04-28 17:02:21.657,983.0145263671875
i1,2023-04-28 17:02:21.759,983.0145263671875
i1,2023-04-28 17:02:21.861,-177.46974182128906
i1,2023-04-28 17:02:21.952,-177.46974182128906
i1,2023-04-28 17:02:22.066,-1309.4832763671875
i1,2023-04-28 17:02:22.163,-1309.4832763671875
i1,2023-04-28 17:02:22.264,-2019.3514404296875
i1,2023-04-28 17:02:22.365,-2019.3514404296875
i1,2023-04-28 17:02:22.471,-2964.8330078125
i1,2023-04-28 17:02:22.584,-2964.8330078125
i1,2023-04-28 17:02:22.675,-3369.723876953125
i1,2023-04-28 17:02:22.774,-3369.723876953125
i1,2023-04-28 17:02:22.875,-3624.017578125
i1,2023-04-28 17:02:22.981,-3624.017578125
i1,2023-04-28 17:02:23.079,-3371.0703125
i1,2023-04-28 17:02:23.183,-3371.0703125
i1,2023-04-28 17:02:23.288,-2971.856201171875
i1,2023-04-28 17:02:23.386,-2971.856201171875
i1,2023-04-28 17:02:23.488,-2496.14794921875
i1,2023-04-28 17:02:23.595,-2496.14794921875
i1,2023-04-28 17:02:23.701,-2496.14794921875
i1,2023-04-28 17:02:23.798,-1916.064453125
i1,2023-04-28 17:02:23.901,-1605.2374267578125
i1,2023-04-28 17:02:24.001,-1605.2374267578125
i1,2023-04-28 17:02:24.100,-1149.60888671875
i1,2023-04-28 17:02:24.201,-1149.60888671875
i1,2023-04-28 17:02:24.304,-615.4989013671875
i1,2023-04-28 17:02:24.409,-615.4989013671875
i1,2023-04-28 17:02:24.510,-77.7554702758789
i1,2023-04-28 17:02:24.610,-77.7554702758789
i1,2023-04-28 17:02:24.723,-77.7554702758789
i1,2023-04-28 17:02:24.821,332.15411376953125
i1,2023-04-28 17:02:24.919,483.9356689453125
i1,2023-04-28 17:02:25.017,483.9356689453125
