id,timestamp,MaxxTurn45_Coolant_Power_Active_C
i1,2023-04-28 15:00:12.775,287.7684020996094
i1,2023-04-28 15:00:12.874,285.5717468261719
i1,2023-04-28 15:00:12.976,285.5717468261719
i1,2023-04-28 15:00:13.080,283.7412414550781
i1,2023-04-28 15:00:13.181,283.7412414550781
i1,2023-04-28 15:00:13.282,283.7412414550781
i1,2023-04-28 15:00:13.385,269.3138122558594
i1,2023-04-28 15:00:13.489,277.5170593261719
i1,2023-04-28 15:00:13.590,277.5170593261719
i1,2023-04-28 15:00:13.691,259.30242919921875
i1,2023-04-28 15:00:13.794,259.30242919921875
i1,2023-04-28 15:00:13.893,217.4739532470703
i1,2023-04-28 15:00:13.996,217.4739532470703
i1,2023-04-28 15:00:14.098,148.8018798828125
i1,2023-04-28 15:00:14.202,148.8018798828125
i1,2023-04-28 15:00:14.303,125.10450744628906
i1,2023-04-28 15:00:14.407,125.10450744628906
i1,2023-04-28 15:00:14.509,99.34767150878906
i1,2023-04-28 15:00:14.611,99.34767150878906
i1,2023-04-28 15:00:14.710,99.34757995605469
i1,2023-04-28 15:00:14.822,99.34757995605469
i1,2023-04-28 15:00:14.916,98.92559051513672
i1,2023-04-28 15:00:15.015,98.92559051513672
i1,2023-04-28 15:00:15.121,99.01649475097656
i1,2023-04-28 15:00:15.219,99.01649475097656
i1,2023-04-28 15:00:15.321,99.01649475097656
i1,2023-04-28 15:00:15.426,99.13743591308594
i1,2023-04-28 15:00:15.532,99.05305480957031
i1,2023-04-28 15:00:15.634,99.05305480957031
i1,2023-04-28 15:00:15.734,99.05301666259766
i1,2023-04-28 15:00:15.826,99.05301666259766
i1,2023-04-28 15:00:15.929,98.68757629394531
i1,2023-04-28 15:00:16.028,98.68757629394531
i1,2023-04-28 15:00:16.139,99.0531234741211
i1,2023-04-28 15:00:16.248,99.05316925048828
i1,2023-04-28 15:00:16.352,99.05316925048828
i1,2023-04-28 15:00:16.454,99.41876983642578
i1,2023-04-28 15:00:16.543,99.41876983642578
i1,2023-04-28 15:00:16.651,99.47886657714844
i1,2023-04-28 15:00:16.749,99.47886657714844
i1,2023-04-28 15:00:16.861,99.41874694824219
i1,2023-04-28 15:00:16.961,99.41874694824219
i1,2023-04-28 15:00:17.060,99.40945434570312
i1,2023-04-28 15:00:17.157,99.40945434570312
i1,2023-04-28 15:00:17.265,99.40945434570312
i1,2023-04-28 15:00:17.375,99.36038208007812
i1,2023-04-28 15:00:17.472,99.71575927734375
i1,2023-04-28 15:00:17.568,99.71575927734375
i1,2023-04-28 15:00:17.669,99.7156982421875
i1,2023-04-28 15:00:17.774,99.7156982421875
i1,2023-04-28 15:00:17.872,99.71573638916016
i1,2023-04-28 15:00:17.976,99.71573638916016
i1,2023-04-28 15:00:18.081,99.71582794189453
i1,2023-04-28 15:00:18.180,99.71582794189453
i1,2023-04-28 15:00:18.281,99.71575927734375
i1,2023-04-28 15:00:18.391,99.71575927734375
i1,2023-04-28 15:00:18.488,99.95024108886719
i1,2023-04-28 15:00:18.590,99.95024108886719
i1,2023-04-28 15:00:18.694,99.95033264160156
i1,2023-04-28 15:00:18.794,99.95033264160156
i1,2023-04-28 15:00:18.899,100.31629943847656
i1,2023-04-28 15:00:19.000,100.31629943847656
i1,2023-04-28 15:00:19.102,100.44317626953125
i1,2023-04-28 15:00:19.203,100.44317626953125
i1,2023-04-28 15:00:19.314,100.45166778564453
i1,2023-04-28 15:00:19.409,100.45166778564453
i1,2023-04-28 15:00:19.506,101.04859924316406
i1,2023-04-28 15:00:19.612,101.04859924316406
i1,2023-04-28 15:00:19.710,101.04859924316406
i1,2023-04-28 15:00:19.814,101.04859924316406
i1,2023-04-28 15:00:19.917,101.04859924316406
i1,2023-04-28 15:00:20.020,101.04859924316406
i1,2023-04-28 15:00:20.126,101.04862213134766
i1,2023-04-28 15:00:20.221,101.04862213134766
i1,2023-04-28 15:00:20.313,101.1876449584961
i1,2023-04-28 15:00:20.418,101.1876449584961
i1,2023-04-28 15:00:20.525,101.18757629394531
i1,2023-04-28 15:00:20.630,101.18757629394531
i1,2023-04-28 15:00:20.736,101.18755340576172
i1,2023-04-28 15:00:20.834,101.18755340576172
i1,2023-04-28 15:00:20.938,101.18755340576172
i1,2023-04-28 15:00:21.035,101.18755340576172
i1,2023-04-28 15:00:21.141,101.18750762939453
i1,2023-04-28 15:00:21.238,101.18750762939453
i1,2023-04-28 15:00:21.340,101.24630737304688
i1,2023-04-28 15:00:21.449,101.24630737304688
i1,2023-04-28 15:00:21.549,101.24637603759766
i1,2023-04-28 15:00:21.645,101.24637603759766
i1,2023-04-28 15:00:21.750,101.24626159667969
i1,2023-04-28 15:00:21.852,101.24626159667969
i1,2023-04-28 15:00:21.952,101.24628448486328
i1,2023-04-28 15:00:22.063,101.24628448486328
i1,2023-04-28 15:00:22.160,101.24628448486328
i1,2023-04-28 15:00:22.257,101.24628448486328
i1,2023-04-28 15:00:22.377,101.55560302734375
i1,2023-04-28 15:00:22.470,101.61183166503906
i1,2023-04-28 15:00:22.566,101.61183166503906
i1,2023-04-28 15:00:22.670,104.17037963867188
i1,2023-04-28 15:00:22.776,104.17037963867188
i1,2023-04-28 15:00:22.872,142.18348693847656
i1,2023-04-28 15:00:22.973,142.18348693847656
i1,2023-04-28 15:00:23.081,187.50672912597656
i1,2023-04-28 15:00:23.180,187.50672912597656
i1,2023-04-28 15:00:23.282,231.50135803222656
i1,2023-04-28 15:00:23.403,231.50135803222656
i1,2023-04-28 15:00:23.490,277.80615234375
i1,2023-04-28 15:00:23.589,277.80615234375
i1,2023-04-28 15:00:23.688,288.8448181152344
i1,2023-04-28 15:00:23.791,288.8448181152344
i1,2023-04-28 15:00:23.893,288.8448181152344
i1,2023-04-28 15:00:23.994,288.8448181152344
i1,2023-04-28 15:00:24.096,299.7666931152344
i1,2023-04-28 15:00:24.198,299.7666931152344
i1,2023-04-28 15:00:24.296,288.1091613769531
i1,2023-04-28 15:00:24.399,288.1091613769531
i1,2023-04-28 15:00:24.501,284.4742126464844
i1,2023-04-28 15:00:24.600,284.4742126464844
i1,2023-04-28 15:00:24.707,246.03175354003906
i1,2023-04-28 15:00:24.807,246.03175354003906
i1,2023-04-28 15:00:24.909,200.26690673828125
i1,2023-04-28 15:00:25.011,200.26690673828125
i1,2023-04-28 15:00:25.116,157.43081665039062
i1,2023-04-28 15:00:25.220,157.43081665039062
i1,2023-04-28 15:00:25.331,157.43081665039062
i1,2023-04-28 15:00:25.421,109.84732818603516
i1,2023-04-28 15:00:25.521,99.58406066894531
i1,2023-04-28 15:00:25.625,99.58406066894531
i1,2023-04-28 15:00:25.728,99.58406066894531
i1,2023-04-28 15:00:25.826,99.58406066894531
i1,2023-04-28 15:00:25.929,99.5840835571289
i1,2023-04-28 15:00:26.034,99.5840835571289
i1,2023-04-28 15:00:26.136,99.5840835571289
i1,2023-04-28 15:00:26.237,99.5840835571289
i1,2023-04-28 15:00:26.337,99.5840835571289
i1,2023-04-28 15:00:26.442,99.76403045654297
i1,2023-04-28 15:00:26.541,99.71573638916016
i1,2023-04-28 15:00:26.645,99.71573638916016
i1,2023-04-28 15:00:26.745,99.71578216552734
i1,2023-04-28 15:00:26.850,99.71578216552734
i1,2023-04-28 15:00:26.955,100.08377838134766
i1,2023-04-28 15:00:27.055,100.08377838134766
i1,2023-04-28 15:00:27.160,100.1954345703125
i1,2023-04-28 15:00:27.267,99.84873962402344
i1,2023-04-28 15:00:27.375,99.84873962402344
i1,2023-04-28 15:00:27.463,99.84873962402344
i1,2023-04-28 15:00:27.565,99.7842788696289
i1,2023-04-28 15:00:27.671,100.21855163574219
i1,2023-04-28 15:00:27.765,100.21855163574219
i1,2023-04-28 15:00:27.875,100.14981079101562
i1,2023-04-28 15:00:27.981,100.14981079101562
i1,2023-04-28 15:00:28.071,100.14981079101562
i1,2023-04-28 15:00:28.176,100.12271118164062
i1,2023-04-28 15:00:28.285,100.51535034179688
i1,2023-04-28 15:00:28.392,100.51535034179688
i1,2023-04-28 15:00:28.489,100.14974975585938
i1,2023-04-28 15:00:28.585,100.14974975585938
i1,2023-04-28 15:00:28.686,100.14983367919922
i1,2023-04-28 15:00:28.792,100.14983367919922
i1,2023-04-28 15:00:28.895,100.14981079101562
i1,2023-04-28 15:00:28.992,100.14981079101562
i1,2023-04-28 15:00:29.091,100.5152359008789
i1,2023-04-28 15:00:29.195,100.5152359008789
i1,2023-04-28 15:00:29.297,100.5152359008789
i1,2023-04-28 15:00:29.415,100.39189910888672
i1,2023-04-28 15:00:29.513,100.38048553466797
i1,2023-04-28 15:00:29.603,100.38048553466797
i1,2023-04-28 15:00:29.703,100.45159912109375
i1,2023-04-28 15:00:29.808,100.45159912109375
i1,2023-04-28 15:00:29.907,100.45175170898438
i1,2023-04-28 15:00:30.010,100.45175170898438
i1,2023-04-28 15:00:30.113,100.45169067382812
i1,2023-04-28 15:00:30.214,100.45169067382812
i1,2023-04-28 15:00:30.320,100.45169067382812
i1,2023-04-28 15:00:30.425,101.02326965332031
i1,2023-04-28 15:00:30.515,100.68251037597656
i1,2023-04-28 15:00:30.626,100.68251037597656
i1,2023-04-28 15:00:30.723,100.75760650634766
i1,2023-04-28 15:00:30.819,100.75760650634766
i1,2023-04-28 15:00:30.917,101.04871368408203
i1,2023-04-28 15:00:31.020,101.04871368408203
i1,2023-04-28 15:00:31.132,101.22489166259766
i1,2023-04-28 15:00:31.233,101.22489166259766
i1,2023-04-28 15:00:31.331,101.55567169189453
i1,2023-04-28 15:00:31.434,101.55567169189453
i1,2023-04-28 15:00:31.537,101.78102111816406
i1,2023-04-28 15:00:31.638,101.78102111816406
i1,2023-04-28 15:00:31.739,102.14710998535156
i1,2023-04-28 15:00:31.844,102.14710998535156
i1,2023-04-28 15:00:31.943,102.5132827758789
i1,2023-04-28 15:00:32.045,102.5132827758789
i1,2023-04-28 15:00:32.158,102.78829193115234
i1,2023-04-28 15:00:32.252,102.78829193115234
i1,2023-04-28 15:00:32.350,103.39547729492188
i1,2023-04-28 15:00:32.456,103.39547729492188
i1,2023-04-28 15:00:32.562,103.654052734375
i1,2023-04-28 15:00:32.661,103.654052734375
i1,2023-04-28 15:00:32.759,103.76347351074219
i1,2023-04-28 15:00:32.864,103.76347351074219
i1,2023-04-28 15:00:32.965,104.13156127929688
i1,2023-04-28 15:00:33.065,104.13156127929688
i1,2023-04-28 15:00:33.168,104.1314926147461
i1,2023-04-28 15:00:33.276,104.1314926147461
i1,2023-04-28 15:00:33.386,104.1314926147461
i1,2023-04-28 15:00:33.486,104.28672790527344
i1,2023-04-28 15:00:33.581,104.28672790527344
i1,2023-04-28 15:00:33.678,104.28672790527344
i1,2023-04-28 15:00:33.783,104.17052459716797
i1,2023-04-28 15:00:33.887,104.28665161132812
i1,2023-04-28 15:00:33.984,104.28665161132812
i1,2023-04-28 15:00:34.086,104.28665161132812
i1,2023-04-28 15:00:34.191,104.17050170898438
i1,2023-04-28 15:00:34.295,104.28662872314453
i1,2023-04-28 15:00:34.390,104.28662872314453
i1,2023-04-28 15:00:34.500,104.53605651855469
i1,2023-04-28 15:00:34.596,104.53605651855469
i1,2023-04-28 15:00:34.702,104.53605651855469
i1,2023-04-28 15:00:34.800,104.53605651855469
i1,2023-04-28 15:00:34.906,104.53596496582031
i1,2023-04-28 15:00:35.004,104.53596496582031
i1,2023-04-28 15:00:35.109,104.77969360351562
i1,2023-04-28 15:00:35.210,104.77969360351562
i1,2023-04-28 15:00:35.311,105.26703643798828
i1,2023-04-28 15:00:35.440,105.26703643798828
i1,2023-04-28 15:00:35.519,105.60317993164062
i1,2023-04-28 15:00:35.623,105.60317993164062
i1,2023-04-28 15:00:35.716,105.83616638183594
i1,2023-04-28 15:00:35.822,105.83616638183594
i1,2023-04-28 15:00:35.925,106.33911895751953
i1,2023-04-28 15:00:36.030,106.33911895751953
i1,2023-04-28 15:00:36.124,106.92736053466797
i1,2023-04-28 15:00:36.226,106.92736053466797
i1,2023-04-28 15:00:36.336,107.44308471679688
i1,2023-04-28 15:00:36.440,107.44308471679688
i1,2023-04-28 15:00:36.538,108.5371322631836
i1,2023-04-28 15:00:36.636,108.5371322631836
i1,2023-04-28 15:00:36.738,109.83588409423828
i1,2023-04-28 15:00:36.840,109.83588409423828
i1,2023-04-28 15:00:36.948,111.13008117675781
i1,2023-04-28 15:00:37.049,111.13008117675781
i1,2023-04-28 15:00:37.149,112.76472473144531
i1,2023-04-28 15:00:37.251,112.76472473144531
i1,2023-04-28 15:00:37.350,116.64188385009766
i1,2023-04-28 15:00:37.454,116.64188385009766
i1,2023-04-28 15:00:37.555,153.40379333496094
i1,2023-04-28 15:00:37.659,153.40379333496094
i1,2023-04-28 15:00:37.762,192.9446563720703
i1,2023-04-28 15:00:37.860,192.9446563720703
i1,2023-04-28 15:00:37.962,239.4417724609375
i1,2023-04-28 15:00:38.067,239.4417724609375
i1,2023-04-28 15:00:38.166,283.00994873046875
i1,2023-04-28 15:00:38.280,283.00994873046875
i1,2023-04-28 15:00:38.370,283.00994873046875
i1,2023-04-28 15:00:38.478,277.7975158691406
i1,2023-04-28 15:00:38.579,288.4775695800781
i1,2023-04-28 15:00:38.683,288.4775695800781
i1,2023-04-28 15:00:38.786,284.412353515625
i1,2023-04-28 15:00:38.884,284.412353515625
i1,2023-04-28 15:00:38.991,284.0621643066406
i1,2023-04-28 15:00:39.088,284.0621643066406
i1,2023-04-28 15:00:39.189,277.502197265625
i1,2023-04-28 15:00:39.294,277.502197265625
i1,2023-04-28 15:00:39.395,242.59605407714844
i1,2023-04-28 15:00:39.518,200.6656494140625
i1,2023-04-28 15:00:39.602,200.6656494140625
i1,2023-04-28 15:00:39.694,200.6656494140625
i1,2023-04-28 15:00:39.800,153.84146118164062
i1,2023-04-28 15:00:39.899,153.84146118164062
i1,2023-04-28 15:00:40.006,108.55665588378906
i1,2023-04-28 15:00:40.110,100.58858489990234
i1,2023-04-28 15:00:40.207,100.58858489990234
i1,2023-04-28 15:00:40.317,100.88095092773438
i1,2023-04-28 15:00:40.427,100.88095092773438
i1,2023-04-28 15:00:40.521,100.9583511352539
i1,2023-04-28 15:00:40.617,100.9583511352539
i1,2023-04-28 15:00:40.718,100.88106536865234
i1,2023-04-28 15:00:40.820,100.88106536865234
i1,2023-04-28 15:00:40.922,100.9583740234375
i1,2023-04-28 15:00:41.022,100.9583740234375
i1,2023-04-28 15:00:41.128,100.51537322998047
i1,2023-04-28 15:00:41.232,100.51537322998047
i1,2023-04-28 15:00:41.330,100.51537322998047
i1,2023-04-28 15:00:41.454,100.73572540283203
i1,2023-04-28 15:00:41.539,100.74425506591797
i1,2023-04-28 15:00:41.641,100.74425506591797
i1,2023-04-28 15:00:41.736,100.81967163085938
i1,2023-04-28 15:00:41.843,100.81967163085938
i1,2023-04-28 15:00:41.941,101.10794830322266
i1,2023-04-28 15:00:42.042,101.10794830322266
i1,2023-04-28 15:00:42.144,100.8198013305664
i1,2023-04-28 15:00:42.247,100.8198013305664
i1,2023-04-28 15:00:42.347,100.8198013305664
i1,2023-04-28 15:00:42.451,100.60807800292969
i1,2023-04-28 15:00:42.566,100.68266296386719
i1,2023-04-28 15:00:42.654,100.68266296386719
i1,2023-04-28 15:00:42.758,100.31656646728516
i1,2023-04-28 15:00:42.859,100.31656646728516
i1,2023-04-28 15:00:42.968,100.68268585205078
i1,2023-04-28 15:00:43.070,100.68268585205078
i1,2023-04-28 15:00:43.168,100.52072143554688
i1,2023-04-28 15:00:43.267,100.52072143554688
i1,2023-04-28 15:00:43.368,100.45198059082031
i1,2023-04-28 15:00:43.479,100.45198059082031
i1,2023-04-28 15:00:43.577,100.68277740478516
i1,2023-04-28 15:00:43.680,100.68277740478516
i1,2023-04-28 15:00:43.779,100.68270874023438
i1,2023-04-28 15:00:43.883,100.68270874023438
i1,2023-04-28 15:00:43.984,100.68277740478516
i1,2023-04-28 15:00:44.086,100.68277740478516
i1,2023-04-28 15:00:44.192,100.83441162109375
i1,2023-04-28 15:00:44.294,100.83441162109375
i1,2023-04-28 15:00:44.400,100.82003021240234
i1,2023-04-28 15:00:44.494,100.82003021240234
i1,2023-04-28 15:00:44.599,101.47205352783203
i1,2023-04-28 15:00:44.695,101.47205352783203
i1,2023-04-28 15:00:44.806,101.55601501464844
i1,2023-04-28 15:00:44.901,101.55601501464844
i1,2023-04-28 15:00:45.004,101.47198486328125
i1,2023-04-28 15:00:45.102,101.47198486328125
i1,2023-04-28 15:00:45.206,101.9238510131836
i1,2023-04-28 15:00:45.306,101.9238510131836
i1,2023-04-28 15:00:45.408,101.9238510131836
i1,2023-04-28 15:00:45.512,101.55592346191406
i1,2023-04-28 15:00:45.619,101.69808959960938
i1,2023-04-28 15:00:45.719,101.69808959960938
i1,2023-04-28 15:00:45.820,101.97761535644531
i1,2023-04-28 15:00:45.922,102.06794738769531
i1,2023-04-28 15:00:46.015,102.06794738769531
i1,2023-04-28 15:00:46.121,102.06794738769531
i1,2023-04-28 15:00:46.224,101.97770690917969
i1,2023-04-28 15:00:46.330,101.69815826416016
i1,2023-04-28 15:00:46.438,101.69815826416016
i1,2023-04-28 15:00:46.536,101.97772979736328
i1,2023-04-28 15:00:46.632,101.97772979736328
i1,2023-04-28 15:00:46.737,102.06808471679688
i1,2023-04-28 15:00:46.834,102.06808471679688
i1,2023-04-28 15:00:46.943,101.9776840209961
i1,2023-04-28 15:00:47.046,101.9776840209961
i1,2023-04-28 15:00:47.142,102.16049194335938
i1,2023-04-28 15:00:47.243,102.16049194335938
i1,2023-04-28 15:00:47.349,102.34317779541016
i1,2023-04-28 15:00:47.448,102.34317779541016
i1,2023-04-28 15:00:47.552,102.06803894042969
i1,2023-04-28 15:00:47.654,102.06803894042969
i1,2023-04-28 15:00:47.754,102.34319305419922
i1,2023-04-28 15:00:47.860,102.34319305419922
i1,2023-04-28 15:00:47.958,102.70873260498047
i1,2023-04-28 15:00:48.062,102.70873260498047
i1,2023-04-28 15:00:48.164,102.70870971679688
i1,2023-04-28 15:00:48.268,102.70870971679688
i1,2023-04-28 15:00:48.367,102.70870971679688
i1,2023-04-28 15:00:48.472,102.79896545410156
i1,2023-04-28 15:00:48.573,102.92689514160156
i1,2023-04-28 15:00:48.673,102.92689514160156
i1,2023-04-28 15:00:48.778,103.02790069580078
i1,2023-04-28 15:00:48.876,103.02790069580078
i1,2023-04-28 15:00:48.983,103.2906265258789
i1,2023-04-28 15:00:49.084,103.2906265258789
i1,2023-04-28 15:00:49.187,103.395751953125
i1,2023-04-28 15:00:49.289,103.395751953125
i1,2023-04-28 15:00:49.386,103.395751953125
i1,2023-04-28 15:00:49.492,104.0303955078125
i1,2023-04-28 15:00:49.592,103.97794342041016
i1,2023-04-28 15:00:49.695,103.97794342041016
i1,2023-04-28 15:00:49.797,104.09199523925781
i1,2023-04-28 15:00:49.900,104.09199523925781
i1,2023-04-28 15:00:50.004,104.71031951904297
i1,2023-04-28 15:00:50.097,104.71031951904297
i1,2023-04-28 15:00:50.202,105.26996612548828
i1,2023-04-28 15:00:50.307,105.26996612548828
i1,2023-04-28 15:00:50.422,105.97144317626953
i1,2023-04-28 15:00:50.516,105.97144317626953
i1,2023-04-28 15:00:50.616,106.3394546508789
i1,2023-04-28 15:00:50.710,106.3394546508789
i1,2023-04-28 15:00:50.806,107.44327545166016
i1,2023-04-28 15:00:50.910,107.44327545166016
i1,2023-04-28 15:00:51.016,108.38232421875
i1,2023-04-28 15:00:51.115,108.38232421875
i1,2023-04-28 15:00:51.214,110.01897430419922
i1,2023-04-28 15:00:51.323,110.01897430419922
i1,2023-04-28 15:00:51.422,110.01897430419922
i1,2023-04-28 15:00:51.527,112.95496368408203
i1,2023-04-28 15:00:51.631,115.13603210449219
i1,2023-04-28 15:00:51.731,115.13603210449219
i1,2023-04-28 15:00:51.831,145.8390350341797
i1,2023-04-28 15:00:51.936,145.8390350341797
i1,2023-04-28 15:00:52.041,184.9488983154297
i1,2023-04-28 15:00:52.141,184.9488983154297
i1,2023-04-28 15:00:52.239,230.63784790039062
i1,2023-04-28 15:00:52.351,274.49932861328125
i1,2023-04-28 15:00:52.458,274.49932861328125
i1,2023-04-28 15:00:52.557,289.4847106933594
i1,2023-04-28 15:00:52.650,289.4847106933594
i1,2023-04-28 15:00:52.758,290.3018798828125
i1,2023-04-28 15:00:52.851,290.3018798828125
i1,2023-04-28 15:00:52.961,286.1954650878906
i1,2023-04-28 15:00:53.060,286.1954650878906
i1,2023-04-28 15:00:53.162,295.4793701171875
i1,2023-04-28 15:00:53.266,295.4793701171875
i1,2023-04-28 15:00:53.366,295.4793701171875
i1,2023-04-28 15:00:53.483,269.54608154296875
i1,2023-04-28 15:00:53.571,249.84226989746094
i1,2023-04-28 15:00:53.668,249.84226989746094
i1,2023-04-28 15:00:53.769,209.73487854003906
i1,2023-04-28 15:00:53.877,209.73487854003906
i1,2023-04-28 15:00:53.978,162.63661193847656
i1,2023-04-28 15:00:54.084,162.63661193847656
i1,2023-04-28 15:00:54.179,117.74604034423828
i1,2023-04-28 15:00:54.282,117.74604034423828
i1,2023-04-28 15:00:54.383,101.18793487548828
i1,2023-04-28 15:00:54.499,101.18793487548828
i1,2023-04-28 15:00:54.596,101.04902648925781
i1,2023-04-28 15:00:54.693,101.04902648925781
i1,2023-04-28 15:00:54.796,101.04893493652344
i1,2023-04-28 15:00:54.896,101.04893493652344
i1,2023-04-28 15:00:54.998,101.04895782470703
i1,2023-04-28 15:00:55.097,101.04895782470703
i1,2023-04-28 15:00:55.200,100.83438873291016
i1,2023-04-28 15:00:55.301,100.83438873291016
i1,2023-04-28 15:00:55.404,100.81998443603516
i1,2023-04-28 15:00:55.509,100.81998443603516
i1,2023-04-28 15:00:55.607,100.68289184570312
i1,2023-04-28 15:00:55.713,100.68289184570312
i1,2023-04-28 15:00:55.815,101.04895782470703
i1,2023-04-28 15:00:55.917,101.04895782470703
i1,2023-04-28 15:00:56.019,101.04898071289062
i1,2023-04-28 15:00:56.124,101.04898071289062
i1,2023-04-28 15:00:56.225,101.04893493652344
i1,2023-04-28 15:00:56.322,101.04893493652344
i1,2023-04-28 15:00:56.435,101.18795776367188
i1,2023-04-28 15:00:56.528,101.18795776367188
i1,2023-04-28 15:00:56.627,101.1878890991211
i1,2023-04-28 15:00:56.733,101.1878890991211
i1,2023-04-28 15:00:56.844,101.18795776367188
i1,2023-04-28 15:00:56.938,101.18795776367188
i1,2023-04-28 15:00:57.039,101.55585479736328
i1,2023-04-28 15:00:57.138,101.55585479736328
i1,2023-04-28 15:00:57.244,101.55583190917969
i1,2023-04-28 15:00:57.345,101.55583190917969
i1,2023-04-28 15:00:57.448,101.61209869384766
i1,2023-04-28 15:00:57.553,101.61209869384766
i1,2023-04-28 15:00:57.652,101.61209869384766
i1,2023-04-28 15:00:57.754,101.61209869384766
i1,2023-04-28 15:00:57.858,101.61219024658203
i1,2023-04-28 15:00:57.958,101.61219024658203
i1,2023-04-28 15:00:58.056,101.9776840209961
i1,2023-04-28 15:00:58.165,101.97754669189453
i1,2023-04-28 15:00:58.261,101.97754669189453
i1,2023-04-28 15:00:58.366,101.97754669189453
i1,2023-04-28 15:00:58.483,102.24678039550781
i1,2023-04-28 15:00:58.573,102.34319305419922
i1,2023-04-28 15:00:58.674,102.34319305419922
i1,2023-04-28 15:00:58.776,101.97759246826172
i1,2023-04-28 15:00:58.873,101.97759246826172
i1,2023-04-28 15:00:58.978,102.34319305419922
i1,2023-04-28 15:00:59.079,102.34319305419922
i1,2023-04-28 15:00:59.189,102.34326171875
i1,2023-04-28 15:00:59.288,102.34326171875
i1,2023-04-28 15:00:59.388,102.06810760498047
i1,2023-04-28 15:00:59.509,102.06810760498047
i1,2023-04-28 15:00:59.591,102.29198455810547
i1,2023-04-28 15:00:59.692,102.29198455810547
i1,2023-04-28 15:00:59.793,102.29198455810547
i1,2023-04-28 15:00:59.893,102.29198455810547
i1,2023-04-28 15:00:59.996,102.2918472290039
i1,2023-04-28 15:01:00.100,102.2918472290039
i1,2023-04-28 15:01:00.201,102.39765930175781
i1,2023-04-28 15:01:00.303,102.39765930175781
i1,2023-04-28 15:01:00.405,102.29171752929688
i1,2023-04-28 15:01:00.511,102.29171752929688
i1,2023-04-28 15:01:00.623,102.87956237792969
i1,2023-04-28 15:01:00.712,102.87956237792969
i1,2023-04-28 15:01:00.814,102.51339721679688
i1,2023-04-28 15:01:00.907,102.51339721679688
i1,2023-04-28 15:01:01.010,102.87956237792969
i1,2023-04-28 15:01:01.112,102.87956237792969
i1,2023-04-28 15:01:01.225,102.8795166015625
i1,2023-04-28 15:01:01.319,102.8795166015625
i1,2023-04-28 15:01:01.423,102.8795166015625
i1,2023-04-28 15:01:01.527,103.00366973876953
i1,2023-04-28 15:01:01.625,103.24574279785156
i1,2023-04-28 15:01:01.728,103.24574279785156
i1,2023-04-28 15:01:01.825,103.2456283569336
i1,2023-04-28 15:01:01.929,103.2456283569336
i1,2023-04-28 15:01:02.034,103.61180114746094
i1,2023-04-28 15:01:02.139,103.61180114746094
i1,2023-04-28 15:01:02.236,103.61180114746094
i1,2023-04-28 15:01:02.343,103.61180114746094
i1,2023-04-28 15:01:02.439,103.61180114746094
i1,2023-04-28 15:01:02.542,103.93576049804688
i1,2023-04-28 15:01:02.643,104.13168334960938
i1,2023-04-28 15:01:02.747,104.13168334960938
i1,2023-04-28 15:01:02.850,104.13170623779297
i1,2023-04-28 15:01:02.962,104.13170623779297
i1,2023-04-28 15:01:03.060,104.8675765991211
i1,2023-04-28 15:01:03.154,104.8675765991211
i1,2023-04-28 15:01:03.256,104.91091918945312
i1,2023-04-28 15:01:03.358,104.91091918945312
i1,2023-04-28 15:01:03.460,105.0264892578125
i1,2023-04-28 15:01:03.564,105.0264892578125
i1,2023-04-28 15:01:03.667,105.63275909423828
i1,2023-04-28 15:01:03.768,105.76611328125
i1,2023-04-28 15:01:03.868,105.76611328125
i1,2023-04-28 15:01:03.969,105.76611328125
i1,2023-04-28 15:01:04.071,106.72931671142578
i1,2023-04-28 15:01:04.178,106.72931671142578
i1,2023-04-28 15:01:04.275,107.10838317871094
i1,2023-04-28 15:01:04.379,107.8259506225586
i1,2023-04-28 15:01:04.479,107.8259506225586
i1,2023-04-28 15:01:04.584,107.8259506225586
i1,2023-04-28 15:01:04.684,108.92247772216797
i1,2023-04-28 15:01:04.789,110.01907348632812
i1,2023-04-28 15:01:04.893,110.01907348632812
i1,2023-04-28 15:01:04.997,112.21202087402344
i1,2023-04-28 15:01:05.089,112.21202087402344
i1,2023-04-28 15:01:05.196,114.77052307128906
i1,2023-04-28 15:01:05.296,114.77052307128906
i1,2023-04-28 15:01:05.398,114.77052307128906
i1,2023-04-28 15:01:05.522,160.55880737304688
i1,2023-04-28 15:01:05.617,180.7582244873047
i1,2023-04-28 15:01:05.705,180.7582244873047
i1,2023-04-28 15:01:05.804,222.61355590820312
i1,2023-04-28 15:01:05.908,222.61355590820312
i1,2023-04-28 15:01:06.010,271.1838073730469
i1,2023-04-28 15:01:06.110,271.1838073730469
i1,2023-04-28 15:01:06.213,291.4214782714844
i1,2023-04-28 15:01:06.323,291.4214782714844
i1,2023-04-28 15:01:06.422,291.4214782714844
i1,2023-04-28 15:01:06.527,278.85308837890625
i1,2023-04-28 15:01:06.624,287.03778076171875
i1,2023-04-28 15:01:06.733,287.03778076171875
i1,2023-04-28 15:01:06.831,286.7160949707031
i1,2023-04-28 15:01:06.933,286.7160949707031
i1,2023-04-28 15:01:07.033,281.5460510253906
i1,2023-04-28 15:01:07.137,281.5460510253906
i1,2023-04-28 15:01:07.238,239.97036743164062
i1,2023-04-28 15:01:07.339,239.97036743164062
i1,2023-04-28 15:01:07.442,213.7826385498047
i1,2023-04-28 15:01:07.544,213.7826385498047
i1,2023-04-28 15:01:07.645,171.71017456054688
i1,2023-04-28 15:01:07.745,171.71017456054688
i1,2023-04-28 15:01:07.845,122.283935546875
i1,2023-04-28 15:01:07.952,122.283935546875
i1,2023-04-28 15:01:08.054,101.04879760742188
i1,2023-04-28 15:01:08.158,101.04879760742188
i1,2023-04-28 15:01:08.268,100.834228515625
i1,2023-04-28 15:01:08.360,100.834228515625
i1,2023-04-28 15:01:08.461,101.18782806396484
i1,2023-04-28 15:01:08.566,101.18782806396484
i1,2023-04-28 15:01:08.664,101.10814666748047
i1,2023-04-28 15:01:08.762,101.10814666748047
i1,2023-04-28 15:01:08.865,100.82003021240234
i1,2023-04-28 15:01:08.973,100.82003021240234
i1,2023-04-28 15:01:09.076,100.81998443603516
i1,2023-04-28 15:01:09.172,100.81998443603516
i1,2023-04-28 15:01:09.280,101.18791198730469
i1,2023-04-28 15:01:09.386,101.18791198730469
i1,2023-04-28 15:01:09.493,101.18791198730469
i1,2023-04-28 15:01:09.583,101.21044158935547
i1,2023-04-28 15:01:09.687,101.32832336425781
i1,2023-04-28 15:01:09.782,101.32832336425781
i1,2023-04-28 15:01:09.889,101.24668884277344
i1,2023-04-28 15:01:09.993,100.95855712890625
i1,2023-04-28 15:01:10.095,100.95855712890625
i1,2023-04-28 15:01:10.192,100.95855712890625
i1,2023-04-28 15:01:10.298,101.24664306640625
i1,2023-04-28 15:01:10.401,101.32832336425781
i1,2023-04-28 15:01:10.512,101.32832336425781
i1,2023-04-28 15:01:10.609,101.24659729003906
i1,2023-04-28 15:01:10.705,101.24659729003906
i1,2023-04-28 15:01:10.802,101.24659729003906
i1,2023-04-28 15:01:10.906,101.24659729003906
i1,2023-04-28 15:01:11.008,101.24659729003906
i1,2023-04-28 15:01:11.102,101.24659729003906
i1,2023-04-28 15:01:11.204,101.24659729003906
i1,2023-04-28 15:01:11.311,100.89915466308594
i1,2023-04-28 15:01:11.418,100.88108825683594
i1,2023-04-28 15:01:11.548,100.88108825683594
i1,2023-04-28 15:01:11.621,101.18793487548828
i1,2023-04-28 15:01:11.720,101.18793487548828
i1,2023-04-28 15:01:11.823,101.47203063964844
i1,2023-04-28 15:01:11.924,101.47203063964844
i1,2023-04-28 15:01:12.028,101.18791198730469
i1,2023-04-28 15:01:12.128,101.18791198730469
i1,2023-04-28 15:01:12.233,101.10830688476562
i1,2023-04-28 15:01:12.333,101.10830688476562
i1,2023-04-28 15:01:12.447,101.18791198730469
i1,2023-04-28 15:01:12.547,101.18791198730469
i1,2023-04-28 15:01:12.643,101.49890899658203
i1,2023-04-28 15:01:12.739,101.49890899658203
i1,2023-04-28 15:01:12.841,101.41510009765625
i1,2023-04-28 15:01:12.947,101.41510009765625
i1,2023-04-28 15:01:13.051,101.49888610839844
i1,2023-04-28 15:01:13.146,101.49888610839844
i1,2023-04-28 15:01:13.253,101.41521453857422
i1,2023-04-28 15:01:13.350,101.41521453857422
i1,2023-04-28 15:01:13.455,101.18807220458984
i1,2023-04-28 15:01:13.560,101.18807220458984
i1,2023-04-28 15:01:13.657,101.41516876220703
i1,2023-04-28 15:01:13.759,101.41516876220703
i1,2023-04-28 15:01:13.861,101.41519165039062
i1,2023-04-28 15:01:13.960,101.41519165039062
i1,2023-04-28 15:01:14.064,101.41514587402344
i1,2023-04-28 15:01:14.167,101.41514587402344
i1,2023-04-28 15:01:14.268,101.41519165039062
i1,2023-04-28 15:01:14.369,101.41519165039062
i1,2023-04-28 15:01:14.476,101.41519165039062
i1,2023-04-28 15:01:14.576,101.42377471923828
i1,2023-04-28 15:01:14.675,101.55594635009766
i1,2023-04-28 15:01:14.779,101.55594635009766
i1,2023-04-28 15:01:14.880,101.47198486328125
i1,2023-04-28 15:01:14.984,101.47198486328125
i1,2023-04-28 15:01:15.082,101.55585479736328
i1,2023-04-28 15:01:15.186,101.55585479736328
i1,2023-04-28 15:01:15.288,101.83576202392578
i1,2023-04-28 15:01:15.389,101.83576202392578
i1,2023-04-28 15:01:15.492,101.69813537597656
i1,2023-04-28 15:01:15.606,101.69813537597656
i1,2023-04-28 15:01:15.696,101.9776382446289
i1,2023-04-28 15:01:15.799,101.9776382446289
i1,2023-04-28 15:01:15.895,102.06794738769531
i1,2023-04-28 15:01:15.993,102.06794738769531
i1,2023-04-28 15:01:16.106,102.70868682861328
i1,2023-04-28 15:01:16.214,103.33921813964844
i1,2023-04-28 15:01:16.311,103.33921813964844
i1,2023-04-28 15:01:16.411,103.33921813964844
i1,2023-04-28 15:01:16.518,103.80514526367188
i1,2023-04-28 15:01:16.618,134.98123168945312
i1,2023-04-28 15:01:16.727,134.98123168945312
i1,2023-04-28 15:01:16.828,180.197021484375
i1,2023-04-28 15:01:16.921,180.197021484375
i1,2023-04-28 15:01:17.028,224.10594177246094
i1,2023-04-28 15:01:17.126,224.10594177246094
i1,2023-04-28 15:01:17.232,267.18963623046875
i1,2023-04-28 15:01:17.329,267.18963623046875
i1,2023-04-28 15:01:17.432,267.18963623046875
i1,2023-04-28 15:01:17.565,257.5140380859375
i1,2023-04-28 15:01:17.645,266.59228515625
i1,2023-04-28 15:01:17.741,266.59228515625
i1,2023-04-28 15:01:17.837,267.8728942871094
i1,2023-04-28 15:01:17.939,267.8728942871094
i1,2023-04-28 15:01:18.045,265.13702392578125
i1,2023-04-28 15:01:18.148,265.13702392578125
i1,2023-04-28 15:01:18.244,266.4006042480469
i1,2023-04-28 15:01:18.350,266.4006042480469
i1,2023-04-28 15:01:18.449,266.4006042480469
i1,2023-04-28 15:01:18.560,225.85543823242188
i1,2023-04-28 15:01:18.668,188.91783142089844
i1,2023-04-28 15:01:18.758,188.91783142089844
i1,2023-04-28 15:01:18.863,146.08169555664062
i1,2023-04-28 15:01:18.962,146.08169555664062
i1,2023-04-28 15:01:19.064,101.4150161743164
i1,2023-04-28 15:01:19.166,101.4150161743164
i1,2023-04-28 15:01:19.268,100.91656494140625
i1,2023-04-28 15:01:19.370,100.91656494140625
i1,2023-04-28 15:01:19.473,100.82005310058594
i1,2023-04-28 15:01:19.579,100.82005310058594
i1,2023-04-28 15:01:19.676,100.68293762207031
i1,2023-04-28 15:01:19.780,100.68293762207031
i1,2023-04-28 15:01:19.877,100.68309020996094
i1,2023-04-28 15:01:19.986,100.68309020996094
i1,2023-04-28 15:01:20.084,100.68309020996094
i1,2023-04-28 15:01:20.182,100.68309020996094
i1,2023-04-28 15:01:20.284,100.83452606201172
i1,2023-04-28 15:01:20.390,100.83452606201172
i1,2023-04-28 15:01:20.488,100.82003021240234
i1,2023-04-28 15:01:20.591,100.82003021240234
i1,2023-04-28 15:01:20.695,101.10826110839844
i1,2023-04-28 15:01:20.799,101.10826110839844
i1,2023-04-28 15:01:20.907,101.18798065185547
i1,2023-04-28 15:01:21.004,101.18798065185547
i1,2023-04-28 15:01:21.107,101.10835266113281
i1,2023-04-28 15:01:21.197,101.10835266113281
i1,2023-04-28 15:01:21.308,101.18804931640625
i1,2023-04-28 15:01:21.411,101.18804931640625
i1,2023-04-28 15:01:21.511,101.18804931640625
i1,2023-04-28 15:01:21.608,101.2105941772461
i1,2023-04-28 15:01:21.714,101.32846069335938
i1,2023-04-28 15:01:21.813,101.32846069335938
i1,2023-04-28 15:01:21.916,101.24673461914062
i1,2023-04-28 15:01:22.029,101.69818115234375
i1,2023-04-28 15:01:22.125,101.69818115234375
i1,2023-04-28 15:01:22.221,101.69818115234375
i1,2023-04-28 15:01:22.325,101.6123046875
i1,2023-04-28 15:01:22.429,101.32846069335938
i1,2023-04-28 15:01:22.526,101.32846069335938
i1,2023-04-28 15:01:22.631,101.32846069335938
i1,2023-04-28 15:01:22.733,101.24687194824219
i1,2023-04-28 15:01:22.838,101.3286361694336
i1,2023-04-28 15:01:22.934,101.3286361694336
i1,2023-04-28 15:01:23.043,101.246826171875
i1,2023-04-28 15:01:23.141,101.246826171875
i1,2023-04-28 15:01:23.244,101.37483978271484
i1,2023-04-28 15:01:23.342,101.37483978271484
i1,2023-04-28 15:01:23.455,101.246826171875
i1,2023-04-28 15:01:23.582,101.246826171875
i1,2023-04-28 15:01:23.654,101.55610656738281
i1,2023-04-28 15:01:23.754,101.55610656738281
i1,2023-04-28 15:01:23.853,101.10851287841797
i1,2023-04-28 15:01:23.957,101.10851287841797
i1,2023-04-28 15:01:24.054,101.1882095336914
i1,2023-04-28 15:01:24.156,101.1882095336914
i1,2023-04-28 15:01:24.262,101.10852813720703
i1,2023-04-28 15:01:24.362,101.10852813720703
i1,2023-04-28 15:01:24.463,101.18827819824219
i1,2023-04-28 15:01:24.586,101.18827819824219
i1,2023-04-28 15:01:24.682,101.04924774169922
i1,2023-04-28 15:01:24.776,101.04924774169922
i1,2023-04-28 15:01:24.870,101.04920196533203
i1,2023-04-28 15:01:24.973,101.04920196533203
i1,2023-04-28 15:01:25.077,101.04917907714844
i1,2023-04-28 15:01:25.182,101.04917907714844
i1,2023-04-28 15:01:25.279,101.04914093017578
i1,2023-04-28 15:01:25.386,101.04914093017578
i1,2023-04-28 15:01:25.483,100.8201675415039
i1,2023-04-28 15:01:25.588,100.8201675415039
i1,2023-04-28 15:01:25.692,101.12863159179688
i1,2023-04-28 15:01:25.802,101.12863159179688
i1,2023-04-28 15:01:25.898,101.04915618896484
i1,2023-04-28 15:01:26.002,101.04915618896484
i1,2023-04-28 15:01:26.101,101.12860870361328
i1,2023-04-28 15:01:26.196,101.12860870361328
i1,2023-04-28 15:01:26.305,101.0490951538086
i1,2023-04-28 15:01:26.408,101.0490951538086
i1,2023-04-28 15:01:26.509,101.0490951538086
i1,2023-04-28 15:01:26.614,101.42366027832031
i1,2023-04-28 15:01:26.713,101.55592346191406
i1,2023-04-28 15:01:26.817,101.55592346191406
i1,2023-04-28 15:01:26.923,101.47205352783203
i1,2023-04-28 15:01:27.018,101.47205352783203
i1,2023-04-28 15:01:27.116,101.55599212646484
i1,2023-04-28 15:01:27.221,101.55599212646484
i1,2023-04-28 15:01:27.330,101.47205352783203
i1,2023-04-28 15:01:27.424,101.47205352783203
i1,2023-04-28 15:01:27.526,101.24678039550781
i1,2023-04-28 15:01:27.625,101.24678039550781
i1,2023-04-28 15:01:27.731,101.61221313476562
i1,2023-04-28 15:01:27.832,101.61221313476562
i1,2023-04-28 15:01:27.937,101.61241912841797
i1,2023-04-28 15:01:28.045,101.61241912841797
i1,2023-04-28 15:01:28.139,101.61253356933594
i1,2023-04-28 15:01:28.238,101.61253356933594
i1,2023-04-28 15:01:28.342,101.76779174804688
i1,2023-04-28 15:01:28.442,101.76779174804688
i1,2023-04-28 15:01:28.551,101.76779174804688
i1,2023-04-28 15:01:28.653,102.01091003417969
i1,2023-04-28 15:01:28.749,102.01091003417969
i1,2023-04-28 15:01:28.850,102.01091003417969
i1,2023-04-28 15:01:28.952,101.92124938964844
i1,2023-04-28 15:01:29.060,102.38042449951172
i1,2023-04-28 15:01:29.156,102.38042449951172
i1,2023-04-28 15:01:29.264,102.28667449951172
i1,2023-04-28 15:01:29.363,102.28667449951172
i1,2023-04-28 15:01:29.466,102.38058471679688
i1,2023-04-28 15:01:29.596,102.38058471679688
i1,2023-04-28 15:01:29.667,102.6026611328125
i1,2023-04-28 15:01:29.765,102.6026611328125
i1,2023-04-28 15:01:29.874,102.6026840209961
i1,2023-04-28 15:01:29.971,102.6026840209961
i1,2023-04-28 15:01:30.074,102.60256958007812
i1,2023-04-28 15:01:30.176,102.60256958007812
i1,2023-04-28 15:01:30.276,102.78855895996094
i1,2023-04-28 15:01:30.377,102.78855895996094
i1,2023-04-28 15:01:30.480,102.78855895996094
i1,2023-04-28 15:01:30.599,102.66154479980469
i1,2023-04-28 15:01:30.696,102.87963104248047
i1,2023-04-28 15:01:30.784,102.87963104248047
i1,2023-04-28 15:01:30.880,102.8795394897461
i1,2023-04-28 15:01:30.984,102.8795394897461
i1,2023-04-28 15:01:31.091,103.24555969238281
i1,2023-04-28 15:01:31.191,103.24555969238281
i1,2023-04-28 15:01:31.285,103.24546813964844
i1,2023-04-28 15:01:31.390,103.24546813964844
i1,2023-04-28 15:01:31.495,103.24546813964844
i1,2023-04-28 15:01:31.606,103.29228210449219
i1,2023-04-28 15:01:31.702,103.5543441772461
i1,2023-04-28 15:01:31.807,103.5543441772461
i1,2023-04-28 15:01:31.910,103.5543441772461
i1,2023-04-28 15:01:32.010,103.5543441772461
i1,2023-04-28 15:01:32.111,103.92025756835938
i1,2023-04-28 15:01:32.213,103.92025756835938
i1,2023-04-28 15:01:32.315,104.41563415527344
i1,2023-04-28 15:01:32.418,104.41563415527344
i1,2023-04-28 15:01:32.522,104.41563415527344
i1,2023-04-28 15:01:32.622,104.92315673828125
i1,2023-04-28 15:01:32.723,104.80896759033203
i1,2023-04-28 15:01:32.827,104.80896759033203
i1,2023-04-28 15:01:32.926,105.54451751708984
i1,2023-04-28 15:01:33.030,105.54451751708984
i1,2023-04-28 15:01:33.129,105.9123306274414
i1,2023-04-28 15:01:33.236,105.9123306274414
i1,2023-04-28 15:01:33.337,106.48257446289062
i1,2023-04-28 15:01:33.439,106.48257446289062
i1,2023-04-28 15:01:33.537,107.24528503417969
i1,2023-04-28 15:01:33.641,107.24528503417969
i1,2023-04-28 15:01:33.741,108.1913070678711
i1,2023-04-28 15:01:33.849,108.1913070678711
i1,2023-04-28 15:01:33.952,109.28780364990234
i1,2023-04-28 15:01:34.051,109.28780364990234
i1,2023-04-28 15:01:34.167,111.11528015136719
i1,2023-04-28 15:01:34.259,111.11528015136719
i1,2023-04-28 15:01:34.357,115.25761413574219
i1,2023-04-28 15:01:34.462,115.25761413574219
i1,2023-04-28 15:01:34.563,144.3768310546875
i1,2023-04-28 15:01:34.668,144.3768310546875
i1,2023-04-28 15:01:34.764,187.872802734375
i1,2023-04-28 15:01:34.873,229.175537109375
i1,2023-04-28 15:01:34.969,229.175537109375
i1,2023-04-28 15:01:35.072,229.175537109375
i1,2023-04-28 15:01:35.173,278.15423583984375
i1,2023-04-28 15:01:35.282,289.48480224609375
i1,2023-04-28 15:01:35.378,289.48480224609375
i1,2023-04-28 15:01:35.479,289.48480224609375
i1,2023-04-28 15:01:35.610,277.1099548339844
i1,2023-04-28 15:01:35.702,287.7415771484375
i1,2023-04-28 15:01:35.787,287.7415771484375
i1,2023-04-28 15:01:35.887,285.16583251953125
i1,2023-04-28 15:01:35.996,285.16583251953125
i1,2023-04-28 15:01:36.097,281.1184387207031
i1,2023-04-28 15:01:36.194,281.1184387207031
i1,2023-04-28 15:01:36.298,250.5780029296875
i1,2023-04-28 15:01:36.401,250.5780029296875
i1,2023-04-28 15:01:36.499,205.6874542236328
i1,2023-04-28 15:01:36.625,205.6874542236328
i1,2023-04-28 15:01:36.704,163.28929138183594
i1,2023-04-28 15:01:36.817,163.28929138183594
i1,2023-04-28 15:01:36.907,113.49700927734375
i1,2023-04-28 15:01:37.009,113.49700927734375
i1,2023-04-28 15:01:37.110,101.04902648925781
i1,2023-04-28 15:01:37.218,101.04902648925781
i1,2023-04-28 15:01:37.319,100.83438873291016
i1,2023-04-28 15:01:37.416,100.83438873291016
i1,2023-04-28 15:01:37.522,100.82005310058594
i1,2023-04-28 15:01:37.625,100.82005310058594
i1,2023-04-28 15:01:37.725,101.04900360107422
i1,2023-04-28 15:01:37.826,101.04900360107422
i1,2023-04-28 15:01:37.928,100.68284606933594
i1,2023-04-28 15:01:38.035,100.68284606933594
i1,2023-04-28 15:01:38.133,101.0490493774414
i1,2023-04-28 15:01:38.239,101.0490493774414
i1,2023-04-28 15:01:38.354,101.41519165039062
i1,2023-04-28 15:01:38.440,101.41519165039062
i1,2023-04-28 15:01:38.534,101.18809509277344
i1,2023-04-28 15:01:38.640,101.18809509277344
i1,2023-04-28 15:01:38.744,101.18800354003906
i1,2023-04-28 15:01:38.849,101.18800354003906
i1,2023-04-28 15:01:38.947,101.18798065185547
i1,2023-04-28 15:01:39.051,101.18798065185547
i1,2023-04-28 15:01:39.154,101.18798065185547
i1,2023-04-28 15:01:39.253,101.18798065185547
i1,2023-04-28 15:01:39.355,101.18793487548828
i1,2023-04-28 15:01:39.471,101.18793487548828
i1,2023-04-28 15:01:39.564,101.24673461914062
i1,2023-04-28 15:01:39.662,101.24673461914062
i1,2023-04-28 15:01:39.764,101.328369140625
i1,2023-04-28 15:01:39.866,101.328369140625
i1,2023-04-28 15:01:39.968,101.61214447021484
i1,2023-04-28 15:01:40.069,101.61214447021484
i1,2023-04-28 15:01:40.176,100.95860290527344
i1,2023-04-28 15:01:40.274,100.95860290527344
i1,2023-04-28 15:01:40.382,101.24662017822266
i1,2023-04-28 15:01:40.484,101.24662017822266
i1,2023-04-28 15:01:40.594,101.24662017822266
i1,2023-04-28 15:01:40.682,101.21051025390625
i1,2023-04-28 15:01:40.787,101.24673461914062
i1,2023-04-28 15:01:40.887,101.24673461914062
i1,2023-04-28 15:01:40.988,101.246826171875
i1,2023-04-28 15:01:41.096,101.2468490600586
i1,2023-04-28 15:01:41.191,101.2468490600586
i1,2023-04-28 15:01:41.297,101.2468490600586
i1,2023-04-28 15:01:41.390,101.2468490600586
i1,2023-04-28 15:01:41.496,101.2468032836914
i1,2023-04-28 15:01:41.631,101.2468032836914
i1,2023-04-28 15:01:41.716,100.8201675415039
i1,2023-04-28 15:01:41.801,100.8201675415039
i1,2023-04-28 15:01:41.910,101.1083755493164
i1,2023-04-28 15:01:42.008,101.1083755493164
i1,2023-04-28 15:01:42.110,100.82007598876953
i1,2023-04-28 15:01:42.215,100.82007598876953
i1,2023-04-28 15:01:42.315,100.83454132080078
i1,2023-04-28 15:01:42.414,100.83454132080078
i1,2023-04-28 15:01:42.516,100.82012176513672
i1,2023-04-28 15:01:42.635,100.82012176513672
i1,2023-04-28 15:01:42.721,101.12867736816406
i1,2023-04-28 15:01:42.830,101.12867736816406
i1,2023-04-28 15:01:42.925,101.04914093017578
i1,2023-04-28 15:01:43.032,101.04914093017578
i1,2023-04-28 15:01:43.129,101.12850189208984
i1,2023-04-28 15:01:43.228,101.12850189208984
i1,2023-04-28 15:01:43.331,101.4152603149414
i1,2023-04-28 15:01:43.436,101.4152603149414
i1,2023-04-28 15:01:43.535,101.4152603149414
i1,2023-04-28 15:01:43.644,101.68675994873047
i1,2023-04-28 15:01:43.742,101.55590057373047
i1,2023-04-28 15:01:43.840,101.55590057373047
i1,2023-04-28 15:01:43.943,101.8357162475586
i1,2023-04-28 15:01:44.045,101.8357162475586
i1,2023-04-28 15:01:44.149,101.92375946044922
i1,2023-04-28 15:01:44.249,101.92375946044922
i1,2023-04-28 15:01:44.356,101.83564758300781
i1,2023-04-28 15:01:44.457,101.83564758300781
i1,2023-04-28 15:01:44.557,101.61223602294922
i1,2023-04-28 15:01:44.662,101.61223602294922
i1,2023-04-28 15:01:44.763,101.97770690917969
i1,2023-04-28 15:01:44.866,101.97770690917969
i1,2023-04-28 15:01:44.967,101.97779846191406
i1,2023-04-28 15:01:45.068,101.97779846191406
i1,2023-04-28 15:01:45.174,101.97772979736328
i1,2023-04-28 15:01:45.273,101.97772979736328
i1,2023-04-28 15:01:45.371,101.8620376586914
i1,2023-04-28 15:01:45.476,101.8620376586914
i1,2023-04-28 15:01:45.577,101.8620376586914
i1,2023-04-28 15:01:45.680,102.24684143066406
i1,2023-04-28 15:01:45.788,102.06803894042969
i1,2023-04-28 15:01:45.878,102.06803894042969
i1,2023-04-28 15:01:45.978,101.97791290283203
i1,2023-04-28 15:01:46.078,101.97791290283203
i1,2023-04-28 15:01:46.199,102.43794250488281
i1,2023-04-28 15:01:46.292,102.43794250488281
i1,2023-04-28 15:01:46.391,102.34339904785156
i1,2023-04-28 15:01:46.489,102.34339904785156
i1,2023-04-28 15:01:46.598,102.43787384033203
i1,2023-04-28 15:01:46.702,102.43787384033203
i1,2023-04-28 15:01:46.804,102.70877838134766
i1,2023-04-28 15:01:46.907,102.43791961669922
i1,2023-04-28 15:01:47.009,102.43791961669922
i1,2023-04-28 15:01:47.117,102.70873260498047
i1,2023-04-28 15:01:47.213,102.70873260498047
i1,2023-04-28 15:01:47.316,102.94633483886719
i1,2023-04-28 15:01:47.412,102.94633483886719
i1,2023-04-28 15:01:47.522,103.07422637939453
i1,2023-04-28 15:01:47.652,103.07422637939453
i1,2023-04-28 15:01:47.738,103.395751953125
i1,2023-04-28 15:01:47.821,103.395751953125
i1,2023-04-28 15:01:47.925,103.29052734375
i1,2023-04-28 15:01:48.025,103.29052734375
i1,2023-04-28 15:01:48.128,103.7637710571289
i1,2023-04-28 15:01:48.227,103.7637710571289
i1,2023-04-28 15:01:48.335,103.65419006347656
i1,2023-04-28 15:01:48.435,103.65419006347656
i1,2023-04-28 15:01:48.532,103.76367950439453
i1,2023-04-28 15:01:48.656,103.76367950439453
i1,2023-04-28 15:01:48.738,103.97796630859375
i1,2023-04-28 15:01:48.849,103.97796630859375
i1,2023-04-28 15:01:48.940,104.34406280517578
i1,2023-04-28 15:01:49.041,104.34406280517578
i1,2023-04-28 15:01:49.143,104.34400939941406
i1,2023-04-28 15:01:49.244,104.34400939941406
i1,2023-04-28 15:01:49.346,104.34403228759766
i1,2023-04-28 15:01:49.448,104.34403228759766
i1,2023-04-28 15:01:49.550,104.86747741699219
i1,2023-04-28 15:01:49.655,104.86747741699219
i1,2023-04-28 15:01:49.755,105.20320129394531
i1,2023-04-28 15:01:49.854,105.20320129394531
i1,2023-04-28 15:01:49.960,105.80856323242188
i1,2023-04-28 15:01:50.059,105.80856323242188
i1,2023-04-28 15:01:50.162,106.54077911376953
i1,2023-04-28 15:01:50.262,106.54077911376953
i1,2023-04-28 15:01:50.366,106.90687561035156
i1,2023-04-28 15:01:50.467,106.90687561035156
i1,2023-04-28 15:01:50.575,106.90687561035156
i1,2023-04-28 15:01:50.677,108.29985046386719
i1,2023-04-28 15:01:50.777,108.91504669189453
i1,2023-04-28 15:01:50.879,108.91504669189453
i1,2023-04-28 15:01:50.980,110.20082092285156
i1,2023-04-28 15:01:51.085,110.20082092285156
i1,2023-04-28 15:01:51.185,141.66331481933594
i1,2023-04-28 15:01:51.280,141.66331481933594
i1,2023-04-28 15:01:51.378,184.0320587158203
i1,2023-04-28 15:01:51.491,184.0320587158203
i1,2023-04-28 15:01:51.581,224.79000854492188
i1,2023-04-28 15:01:51.690,224.79000854492188
i1,2023-04-28 15:01:51.797,270.8445129394531
i1,2023-04-28 15:01:51.891,270.8445129394531
i1,2023-04-28 15:01:51.994,317.29888916015625
i1,2023-04-28 15:01:52.099,317.29888916015625
i1,2023-04-28 15:01:52.201,323.4777526855469
i1,2023-04-28 15:01:52.300,323.4777526855469
i1,2023-04-28 15:01:52.404,337.9156494140625
i1,2023-04-28 15:01:52.504,337.9156494140625
i1,2023-04-28 15:01:52.607,337.9156494140625
i1,2023-04-28 15:01:52.710,306.1398620605469
i1,2023-04-28 15:01:52.815,321.3666076660156
i1,2023-04-28 15:01:52.912,321.3666076660156
i1,2023-04-28 15:01:53.017,287.2925109863281
i1,2023-04-28 15:01:53.122,245.18560791015625
i1,2023-04-28 15:01:53.217,245.18560791015625
i1,2023-04-28 15:01:53.319,245.18560791015625
i1,2023-04-28 15:01:53.424,202.49375915527344
i1,2023-04-28 15:01:53.530,155.69093322753906
i1,2023-04-28 15:01:53.658,155.69093322753906
i1,2023-04-28 15:01:53.744,110.20094299316406
i1,2023-04-28 15:01:53.831,110.20094299316406
i1,2023-04-28 15:01:53.939,100.82022857666016
i1,2023-04-28 15:01:54.034,100.82022857666016
i1,2023-04-28 15:01:54.139,100.74481201171875
i1,2023-04-28 15:01:54.238,100.74481201171875
i1,2023-04-28 15:01:54.345,100.52110290527344
i1,2023-04-28 15:01:54.446,100.52110290527344
i1,2023-04-28 15:01:54.545,100.52110290527344
i1,2023-04-28 15:01:54.668,100.60845947265625
i1,2023-04-28 15:01:54.754,100.31692504882812
i1,2023-04-28 15:01:54.860,100.31692504882812
i1,2023-04-28 15:01:54.951,100.31692504882812
i1,2023-04-28 15:01:55.056,100.31692504882812
i1,2023-04-28 15:01:55.155,100.31694793701172
i1,2023-04-28 15:01:55.260,100.31694793701172
i1,2023-04-28 15:01:55.362,100.68311309814453
i1,2023-04-28 15:01:55.463,100.68311309814453
i1,2023-04-28 15:01:55.568,100.68311309814453
i1,2023-04-28 15:01:55.668,100.33198547363281
i1,2023-04-28 15:01:55.770,100.31696319580078
i1,2023-04-28 15:01:55.869,100.31696319580078
i1,2023-04-28 15:01:55.974,100.38784790039062
i1,2023-04-28 15:01:56.074,100.38784790039062
i1,2023-04-28 15:01:56.169,100.68311309814453
i1,2023-04-28 15:01:56.277,100.68311309814453
i1,2023-04-28 15:01:56.381,100.52108001708984
i1,2023-04-28 15:01:56.483,100.52108001708984
i1,2023-04-28 15:01:56.585,101.188232421875
i1,2023-04-28 15:01:56.694,101.188232421875
i1,2023-04-28 15:01:56.792,101.108642578125
i1,2023-04-28 15:01:56.896,101.108642578125
i1,2023-04-28 15:01:56.996,101.9241714477539
i1,2023-04-28 15:01:57.099,101.9241714477539
i1,2023-04-28 15:01:57.201,102.5634536743164
i1,2023-04-28 15:01:57.305,102.5634536743164
i1,2023-04-28 15:01:57.401,104.51827239990234
i1,2023-04-28 15:01:57.516,104.51827239990234
i1,2023-04-28 15:01:57.605,104.51827239990234
i1,2023-04-28 15:01:57.709,107.77394104003906
i1,2023-04-28 15:01:57.807,123.17772674560547
i1,2023-04-28 15:01:57.911,123.17772674560547
i1,2023-04-28 15:01:58.016,166.30813598632812
i1,2023-04-28 15:01:58.113,166.30813598632812
i1,2023-04-28 15:01:58.215,205.78367614746094
i1,2023-04-28 15:01:58.321,205.78367614746094
i1,2023-04-28 15:01:58.426,250.376220703125
i1,2023-04-28 15:01:58.523,250.376220703125
i1,2023-04-28 15:01:58.623,294.37078857421875
i1,2023-04-28 15:01:58.741,294.37078857421875
i1,2023-04-28 15:01:58.828,339.5612487792969
i1,2023-04-28 15:01:58.928,339.5612487792969
i1,2023-04-28 15:01:59.032,381.6466064453125
i1,2023-04-28 15:01:59.133,381.6466064453125
i1,2023-04-28 15:01:59.236,377.93994140625
i1,2023-04-28 15:01:59.343,394.4975891113281
i1,2023-04-28 15:01:59.439,394.4975891113281
i1,2023-04-28 15:01:59.542,394.4975891113281
i1,2023-04-28 15:01:59.679,343.4664001464844
i1,2023-04-28 15:01:59.751,317.1790771484375
i1,2023-04-28 15:01:59.856,317.1790771484375
i1,2023-04-28 15:01:59.952,277.4396057128906
i1,2023-04-28 15:02:00.050,277.4396057128906
i1,2023-04-28 15:02:00.160,231.8130340576172
i1,2023-04-28 15:02:00.254,231.8130340576172
i1,2023-04-28 15:02:00.358,188.76016235351562
i1,2023-04-28 15:02:00.459,188.76016235351562
i1,2023-04-28 15:02:00.566,141.29525756835938
i1,2023-04-28 15:02:00.696,141.29525756835938
i1,2023-04-28 15:02:00.769,101.41514587402344
i1,2023-04-28 15:02:00.859,101.41514587402344
i1,2023-04-28 15:02:00.967,100.31678771972656
i1,2023-04-28 15:02:01.069,100.31678771972656
i1,2023-04-28 15:02:01.172,100.31685638427734
i1,2023-04-28 15:02:01.278,100.31685638427734
i1,2023-04-28 15:02:01.378,100.44373321533203
i1,2023-04-28 15:02:01.478,100.44373321533203
i1,2023-04-28 15:02:01.580,100.82007598876953
i1,2023-04-28 15:02:01.690,100.82007598876953
i1,2023-04-28 15:02:01.777,101.049072265625
i1,2023-04-28 15:02:01.885,101.049072265625
i1,2023-04-28 15:02:01.984,101.41512298583984
i1,2023-04-28 15:02:02.087,101.41512298583984
i1,2023-04-28 15:02:02.193,101.86931610107422
i1,2023-04-28 15:02:02.290,101.86931610107422
i1,2023-04-28 15:02:02.399,101.78125
i1,2023-04-28 15:02:02.497,101.78125
i1,2023-04-28 15:02:02.600,102.29191589355469
i1,2023-04-28 15:02:02.704,102.29191589355469
i1,2023-04-28 15:02:02.803,102.6597900390625
i1,2023-04-28 15:02:02.914,102.6597900390625
i1,2023-04-28 15:02:03.002,102.65983581542969
i1,2023-04-28 15:02:03.105,102.65983581542969
i1,2023-04-28 15:02:03.212,103.02771759033203
i1,2023-04-28 15:02:03.312,103.02771759033203
i1,2023-04-28 15:02:03.411,102.92680358886719
i1,2023-04-28 15:02:03.517,102.92680358886719
i1,2023-04-28 15:02:03.616,103.07427215576172
i1,2023-04-28 15:02:03.719,103.07427215576172
i1,2023-04-28 15:02:03.821,103.80533599853516
i1,2023-04-28 15:02:03.925,103.80533599853516
i1,2023-04-28 15:02:04.023,103.80535888671875
i1,2023-04-28 15:02:04.131,103.80535888671875
i1,2023-04-28 15:02:04.235,104.1707534790039
i1,2023-04-28 15:02:04.333,104.1707534790039
i1,2023-04-28 15:02:04.434,104.53624725341797
i1,2023-04-28 15:02:04.539,104.53624725341797
i1,2023-04-28 15:02:04.635,104.53624725341797
i1,2023-04-28 15:02:04.738,105.0101547241211
i1,2023-04-28 15:02:04.835,105.26720428466797
i1,2023-04-28 15:02:04.944,105.26720428466797
i1,2023-04-28 15:02:05.044,105.99821472167969
i1,2023-04-28 15:02:05.158,106.5057373046875
i1,2023-04-28 15:02:05.254,106.5057373046875
i1,2023-04-28 15:02:05.349,106.5057373046875
i1,2023-04-28 15:02:05.455,106.72943115234375
i1,2023-04-28 15:02:05.561,107.2453384399414
i1,2023-04-28 15:02:05.655,107.2453384399414
i1,2023-04-28 15:02:05.765,108.17930603027344
i1,2023-04-28 15:02:05.864,108.17930603027344
i1,2023-04-28 15:02:05.965,110.01907348632812
i1,2023-04-28 15:02:06.065,110.01907348632812
i1,2023-04-28 15:02:06.172,111.85873413085938
i1,2023-04-28 15:02:06.269,111.85873413085938
i1,2023-04-28 15:02:06.376,121.15777587890625
i1,2023-04-28 15:02:06.471,121.15777587890625
i1,2023-04-28 15:02:06.578,158.58926391601562
i1,2023-04-28 15:02:06.704,158.58926391601562
i1,2023-04-28 15:02:06.785,205.0271759033203
i1,2023-04-28 15:02:06.888,205.0271759033203
i1,2023-04-28 15:02:06.987,247.13121032714844
i1,2023-04-28 15:02:07.093,247.13121032714844
i1,2023-04-28 15:02:07.190,287.770263671875
i1,2023-04-28 15:02:07.294,287.770263671875
i1,2023-04-28 15:02:07.394,287.0380859375
i1,2023-04-28 15:02:07.497,287.0380859375
i1,2023-04-28 15:02:07.595,287.0380859375
i1,2023-04-28 15:02:07.706,273.7643737792969
i1,2023-04-28 15:02:07.811,283.7428283691406
i1,2023-04-28 15:02:07.902,283.7428283691406
i1,2023-04-28 15:02:08.008,281.18048095703125
i1,2023-04-28 15:02:08.109,281.18048095703125
i1,2023-04-28 15:02:08.206,272.0277099609375
i1,2023-04-28 15:02:08.309,272.0277099609375
i1,2023-04-28 15:02:08.413,233.5849609375
i1,2023-04-28 15:02:08.514,233.5849609375
i1,2023-04-28 15:02:08.615,233.5849609375
i1,2023-04-28 15:02:08.716,181.45352172851562
i1,2023-04-28 15:02:08.821,143.1353302001953
i1,2023-04-28 15:02:08.921,143.1353302001953
i1,2023-04-28 15:02:09.032,101.55610656738281
i1,2023-04-28 15:02:09.128,101.55610656738281
i1,2023-04-28 15:02:09.226,101.18814086914062
i1,2023-04-28 15:02:09.327,101.18814086914062
i1,2023-04-28 15:02:09.432,100.98175048828125
i1,2023-04-28 15:02:09.536,100.98175048828125
i1,2023-04-28 15:02:09.632,100.95862579345703
i1,2023-04-28 15:02:09.736,100.95862579345703
i1,2023-04-28 15:02:09.838,100.88114929199219
i1,2023-04-28 15:02:09.939,100.88114929199219
i1,2023-04-28 15:02:10.041,100.88124084472656
i1,2023-04-28 15:02:10.148,100.88124084472656
i1,2023-04-28 15:02:10.246,100.88130950927734
i1,2023-04-28 15:02:10.350,100.88130950927734
i1,2023-04-28 15:02:10.451,100.89936065673828
i1,2023-04-28 15:02:10.551,100.89936065673828
i1,2023-04-28 15:02:10.653,100.88130950927734
i1,2023-04-28 15:02:10.758,100.88130950927734
i1,2023-04-28 15:02:10.869,100.88137817382812
i1,2023-04-28 15:02:10.963,100.88137817382812
i1,2023-04-28 15:02:11.067,100.82547760009766
i1,2023-04-28 15:02:11.160,100.82547760009766
i1,2023-04-28 15:02:11.263,100.82550048828125
i1,2023-04-28 15:02:11.364,100.82550048828125
i1,2023-04-28 15:02:11.471,100.82543182373047
i1,2023-04-28 15:02:11.574,100.82543182373047
i1,2023-04-28 15:02:11.712,101.02734375
i1,2023-04-28 15:02:11.769,101.02734375
i1,2023-04-28 15:02:11.867,101.13174438476562
i1,2023-04-28 15:02:11.981,101.13167572021484
i1,2023-04-28 15:02:12.088,101.13167572021484
i1,2023-04-28 15:02:12.180,101.13167572021484
i1,2023-04-28 15:02:12.282,101.1318359375
i1,2023-04-28 15:02:12.389,101.13179016113281
i1,2023-04-28 15:02:12.487,101.13179016113281
i1,2023-04-28 15:02:12.590,101.13179016113281
i1,2023-04-28 15:02:12.717,101.31668090820312
i1,2023-04-28 15:02:12.798,101.4153060913086
i1,2023-04-28 15:02:12.894,101.4153060913086
i1,2023-04-28 15:02:12.997,101.49908447265625
i1,2023-04-28 15:02:13.099,101.49908447265625
i1,2023-04-28 15:02:13.204,101.78136444091797
i1,2023-04-28 15:02:13.303,101.78136444091797
i1,2023-04-28 15:02:13.409,102.00696563720703
i1,2023-04-28 15:02:13.508,102.00696563720703
i1,2023-04-28 15:02:13.608,102.29200744628906
i1,2023-04-28 15:02:13.734,102.29200744628906
i1,2023-04-28 15:02:13.815,102.513671875
i1,2023-04-28 15:02:13.924,102.513671875
i1,2023-04-28 15:02:14.019,102.8798828125
i1,2023-04-28 15:02:14.119,102.8798828125
i1,2023-04-28 15:02:14.220,102.87992858886719
i1,2023-04-28 15:02:14.326,102.87992858886719
i1,2023-04-28 15:02:14.428,103.17967224121094
i1,2023-04-28 15:02:14.528,103.17967224121094
i1,2023-04-28 15:02:14.629,103.39591217041016
i1,2023-04-28 15:02:14.734,103.39591217041016
i1,2023-04-28 15:02:14.831,103.65437316894531
i1,2023-04-28 15:02:14.933,103.65437316894531
i1,2023-04-28 15:02:15.037,103.76388549804688
i1,2023-04-28 15:02:15.138,103.76388549804688
i1,2023-04-28 15:02:15.243,103.7637710571289
i1,2023-04-28 15:02:15.345,103.7637710571289
i1,2023-04-28 15:02:15.449,103.76383972167969
i1,2023-04-28 15:02:15.555,103.76383972167969
i1,2023-04-28 15:02:15.650,103.76383972167969
i1,2023-04-28 15:02:15.754,103.62862396240234
i1,2023-04-28 15:02:15.847,103.9172592163086
i1,2023-04-28 15:02:15.948,103.9172592163086
i1,2023-04-28 15:02:16.049,104.17095947265625
i1,2023-04-28 15:02:16.155,104.17095947265625
i1,2023-04-28 15:02:16.258,104.28704833984375
i1,2023-04-28 15:02:16.364,104.28704833984375
i1,2023-04-28 15:02:16.463,104.17089080810547
i1,2023-04-28 15:02:16.567,104.17089080810547
i1,2023-04-28 15:02:16.670,104.65679168701172
i1,2023-04-28 15:02:16.769,104.65679168701172
i1,2023-04-28 15:02:16.869,104.53640747070312
i1,2023-04-28 15:02:16.977,104.53640747070312
i1,2023-04-28 15:02:17.076,104.90192413330078
i1,2023-04-28 15:02:17.178,104.90192413330078
i1,2023-04-28 15:02:17.292,105.2676010131836
i1,2023-04-28 15:02:17.382,105.2676010131836
i1,2023-04-28 15:02:17.485,105.94437408447266
i1,2023-04-28 15:02:17.585,105.94437408447266
i1,2023-04-28 15:02:17.687,105.99847412109375
i1,2023-04-28 15:02:17.791,105.99847412109375
i1,2023-04-28 15:02:17.891,106.72955322265625
i1,2023-04-28 15:02:17.996,106.72955322265625
i1,2023-04-28 15:02:18.097,107.46048736572266
i1,2023-04-28 15:02:18.200,107.46048736572266
i1,2023-04-28 15:02:18.299,108.55720520019531
i1,2023-04-28 15:02:18.409,109.28833770751953
i1,2023-04-28 15:02:18.503,109.28833770751953
i1,2023-04-28 15:02:18.606,109.28833770751953
i1,2023-04-28 15:02:18.737,111.39445495605469
i1,2023-04-28 15:02:18.823,112.59488677978516
i1,2023-04-28 15:02:18.913,112.59488677978516
i1,2023-04-28 15:02:19.013,115.17061614990234
i1,2023-04-28 15:02:19.112,115.17061614990234
i1,2023-04-28 15:02:19.221,143.50332641601562
i1,2023-04-28 15:02:19.318,143.50332641601562
i1,2023-04-28 15:02:19.417,182.87489318847656
i1,2023-04-28 15:02:19.518,182.87489318847656
i1,2023-04-28 15:02:19.626,229.23768615722656
i1,2023-04-28 15:02:19.754,229.23768615722656
i1,2023-04-28 15:02:19.831,274.22479248046875
i1,2023-04-28 15:02:19.944,274.22479248046875
i1,2023-04-28 15:02:20.035,287.4051513671875
i1,2023-04-28 15:02:20.134,287.4051513671875
i1,2023-04-28 15:02:20.236,285.94061279296875
i1,2023-04-28 15:02:20.337,285.94061279296875
i1,2023-04-28 15:02:20.439,295.0787048339844
i1,2023-04-28 15:02:20.539,295.0787048339844
i1,2023-04-28 15:02:20.645,282.5914611816406
i1,2023-04-28 15:02:20.748,282.5914611816406
i1,2023-04-28 15:02:20.847,277.13970947265625
i1,2023-04-28 15:02:20.946,277.13970947265625
i1,2023-04-28 15:02:21.051,250.2112274169922
i1,2023-04-28 15:02:21.151,250.2112274169922
i1,2023-04-28 15:02:21.254,209.12762451171875
i1,2023-04-28 15:02:21.356,209.12762451171875
i1,2023-04-28 15:02:21.469,163.0052490234375
i1,2023-04-28 15:02:21.559,163.0052490234375
i1,2023-04-28 15:02:21.661,163.0052490234375
i1,2023-04-28 15:02:21.765,115.37355041503906
i1,2023-04-28 15:02:21.867,101.69853973388672
i1,2023-04-28 15:02:21.959,101.69853973388672
i1,2023-04-28 15:02:22.073,101.61257934570312
i1,2023-04-28 15:02:22.170,101.61257934570312
i1,2023-04-28 15:02:22.272,102.06835174560547
i1,2023-04-28 15:02:22.377,102.06835174560547
i1,2023-04-28 15:02:22.475,101.97806549072266
i1,2023-04-28 15:02:22.586,101.97806549072266
i1,2023-04-28 15:02:22.680,102.43821716308594
i1,2023-04-28 15:02:22.789,102.43821716308594
i1,2023-04-28 15:02:22.886,102.34367370605469
i1,2023-04-28 15:02:22.989,102.34367370605469
i1,2023-04-28 15:02:23.093,102.06844329833984
i1,2023-04-28 15:02:23.190,102.06844329833984
i1,2023-04-28 15:02:23.292,102.34374237060547
i1,2023-04-28 15:02:23.395,102.34374237060547
i1,2023-04-28 15:02:23.498,102.16089630126953
i1,2023-04-28 15:02:23.599,102.16089630126953
i1,2023-04-28 15:02:23.700,102.34367370605469
i1,2023-04-28 15:02:23.805,102.34367370605469
i1,2023-04-28 15:02:23.906,102.29235076904297
i1,2023-04-28 15:02:24.009,102.29235076904297
i1,2023-04-28 15:02:24.119,102.19988250732422
i1,2023-04-28 15:02:24.210,102.19988250732422
i1,2023-04-28 15:02:24.314,102.29239654541016
i1,2023-04-28 15:02:24.416,102.29239654541016
i1,2023-04-28 15:02:24.515,102.19988250732422
i1,2023-04-28 15:02:24.625,102.29228210449219
i1,2023-04-28 15:02:24.721,102.29228210449219
i1,2023-04-28 15:02:24.826,102.29228210449219
i1,2023-04-28 15:02:24.924,102.19983673095703
i1,2023-04-28 15:02:25.034,102.2922592163086
