id,timestamp,MaxxTurn45_Power_Active_A
i1,2023-04-28T15:00:12.769958,1129.3519287109375
i1,2023-04-28T15:00:12.867075,1129.3519287109375
i1,2023-04-28T15:00:12.972411,1155.333740234375
i1,2023-04-28T15:00:13.073863,1155.333740234375
i1,2023-04-28T15:00:13.188492,1155.333740234375
i1,2023-04-28T15:00:13.286177,1156.47119140625
i1,2023-04-28T15:00:13.380801,1156.47119140625
i1,2023-04-28T15:00:13.482942,1156.47119140625
i1,2023-04-28T15:00:13.584253,1147.06982421875
i1,2023-04-28T15:00:13.689516,1093.7908935546875
i1,2023-04-28T15:00:13.788125,1093.7908935546875
i1,2023-04-28T15:00:13.896528,1010.514404296875
i1,2023-04-28T15:00:13.997783,1010.514404296875
i1,2023-04-28T15:00:14.096779,1006.931884765625
i1,2023-04-28T15:00:14.194178,1006.931884765625
i1,2023-04-28T15:00:14.300799,1036.4822998046875
i1,2023-04-28T15:00:14.402019,1036.4822998046875
i1,2023-04-28T15:00:14.499870,1282.4202880859375
i1,2023-04-28T15:00:14.605544,1282.4202880859375
i1,2023-04-28T15:00:14.704510,1903.7227783203125
i1,2023-04-28T15:00:14.804861,1903.7227783203125
i1,2023-04-28T15:00:14.907185,2633.213623046875
i1,2023-04-28T15:00:15.010426,2633.213623046875
i1,2023-04-28T15:00:15.114072,2633.213623046875
i1,2023-04-28T15:00:15.217432,3317.323974609375
i1,2023-04-28T15:00:15.319679,3708.967041015625
i1,2023-04-28T15:00:15.417900,3708.967041015625
i1,2023-04-28T15:00:15.524001,4184.92919921875
i1,2023-04-28T15:00:15.625327,4184.92919921875
i1,2023-04-28T15:00:15.727562,4700.5478515625
i1,2023-04-28T15:00:15.822476,4700.5478515625
i1,2023-04-28T15:00:15.927018,5081.40869140625
i1,2023-04-28T15:00:16.025015,5081.40869140625
i1,2023-04-28T15:00:16.135064,5186.421875
i1,2023-04-28T15:00:16.236603,5186.421875
i1,2023-04-28T15:00:16.337773,4986.52685546875
i1,2023-04-28T15:00:16.437980,4986.52685546875
i1,2023-04-28T15:00:16.537871,4465.8544921875
i1,2023-04-28T15:00:16.640378,4465.8544921875
i1,2023-04-28T15:00:16.742666,3920.515869140625
i1,2023-04-28T15:00:16.847094,3920.515869140625
i1,2023-04-28T15:00:16.950140,3204.200927734375
i1,2023-04-28T15:00:17.053517,3204.200927734375
i1,2023-04-28T15:00:17.150472,2932.831298828125
i1,2023-04-28T15:00:17.256656,2932.831298828125
i1,2023-04-28T15:00:17.356923,2556.27685546875
i1,2023-04-28T15:00:17.458342,2556.27685546875
i1,2023-04-28T15:00:17.557061,2116.32763671875
i1,2023-04-28T15:00:17.659315,2116.32763671875
i1,2023-04-28T15:00:17.761733,1447.66015625
i1,2023-04-28T15:00:17.863863,1447.66015625
i1,2023-04-28T15:00:17.965323,999.6386108398438
i1,2023-04-28T15:00:18.079695,999.6386108398438
i1,2023-04-28T15:00:18.170292,657.14892578125
i1,2023-04-28T15:00:18.271603,657.14892578125
i1,2023-04-28T15:00:18.376524,220.8526153564453
i1,2023-04-28T15:00:18.475787,220.8526153564453
i1,2023-04-28T15:00:18.580975,-172.62551879882812
i1,2023-04-28T15:00:18.684245,-172.62551879882812
i1,2023-04-28T15:00:18.787131,-683.2905883789062
i1,2023-04-28T15:00:18.893226,-1238.126708984375
i1,2023-04-28T15:00:18.992122,-1238.126708984375
i1,2023-04-28T15:00:19.093521,-1238.126708984375
i1,2023-04-28T15:00:19.194245,-1588.079833984375
i1,2023-04-28T15:00:19.303891,-1588.079833984375
i1,2023-04-28T15:00:19.400678,-1642.254150390625
i1,2023-04-28T15:00:19.507962,-1267.51025390625
i1,2023-04-28T15:00:19.606228,-1267.51025390625
i1,2023-04-28T15:00:19.709706,-554.731201171875
i1,2023-04-28T15:00:19.808689,-554.731201171875
i1,2023-04-28T15:00:19.910002,321.9144592285156
i1,2023-04-28T15:00:20.012403,321.9144592285156
i1,2023-04-28T15:00:20.114645,321.9144592285156
i1,2023-04-28T15:00:20.221815,1662.8792724609375
i1,2023-04-28T15:00:20.310924,2295.931396484375
i1,2023-04-28T15:00:20.417333,2295.931396484375
i1,2023-04-28T15:00:20.521188,3232.5732421875
i1,2023-04-28T15:00:20.621983,3232.5732421875
i1,2023-04-28T15:00:20.722721,4018.32666015625
i1,2023-04-28T15:00:20.829805,4018.32666015625
i1,2023-04-28T15:00:20.928890,4386.80615234375
i1,2023-04-28T15:00:21.030176,4386.80615234375
i1,2023-04-28T15:00:21.132887,4514.52099609375
i1,2023-04-28T15:00:21.240320,4514.52099609375
i1,2023-04-28T15:00:21.334464,4442.2939453125
i1,2023-04-28T15:00:21.437595,4442.2939453125
i1,2023-04-28T15:00:21.538799,4059.63623046875
i1,2023-04-28T15:00:21.640050,4059.63623046875
i1,2023-04-28T15:00:21.744357,3519.67138671875
i1,2023-04-28T15:00:21.846768,3519.67138671875
i1,2023-04-28T15:00:21.953277,2673.28271484375
i1,2023-04-28T15:00:22.048294,2673.28271484375
i1,2023-04-28T15:00:22.150920,2405.042236328125
i1,2023-04-28T15:00:22.258211,2405.042236328125
i1,2023-04-28T15:00:22.358321,1933.3533935546875
i1,2023-04-28T15:00:22.456583,1933.3533935546875
i1,2023-04-28T15:00:22.557801,1675.485107421875
i1,2023-04-28T15:00:22.660195,1675.485107421875
i1,2023-04-28T15:00:22.765503,1657.0970458984375
i1,2023-04-28T15:00:22.865090,1657.0970458984375
i1,2023-04-28T15:00:22.966096,1707.326171875
i1,2023-04-28T15:00:23.067253,1707.326171875
i1,2023-04-28T15:00:23.171062,1707.326171875
i1,2023-04-28T15:00:23.274743,1758.7919921875
i1,2023-04-28T15:00:23.376489,1643.1942138671875
i1,2023-04-28T15:00:23.477667,1643.1942138671875
i1,2023-04-28T15:00:23.583870,1353.482177734375
i1,2023-04-28T15:00:23.683128,1353.482177734375
i1,2023-04-28T15:00:23.787716,916.672607421875
i1,2023-04-28T15:00:23.889747,916.672607421875
i1,2023-04-28T15:00:23.988071,636.8273315429688
i1,2023-04-28T15:00:24.092380,636.8273315429688
i1,2023-04-28T15:00:24.195177,636.8273315429688
i1,2023-04-28T15:00:24.293083,1328.918212890625
i1,2023-04-28T15:00:24.393454,1500.8978271484375
i1,2023-04-28T15:00:24.495182,1500.8978271484375
i1,2023-04-28T15:00:24.594353,1900.233154296875
i1,2023-04-28T15:00:24.698168,1900.233154296875
i1,2023-04-28T15:00:24.803426,2179.681396484375
i1,2023-04-28T15:00:24.905786,2179.681396484375
i1,2023-04-28T15:00:25.010965,2540.87158203125
i1,2023-04-28T15:00:25.110943,2653.628662109375
i1,2023-04-28T15:00:25.221123,2653.628662109375
i1,2023-04-28T15:00:25.311229,2653.628662109375
i1,2023-04-28T15:00:25.413443,2902.6025390625
i1,2023-04-28T15:00:25.517402,3322.698486328125
i1,2023-04-28T15:00:25.617790,3322.698486328125
i1,2023-04-28T15:00:25.728130,3546.427734375
i1,2023-04-28T15:00:25.822388,3546.427734375
i1,2023-04-28T15:00:25.934891,2953.89794921875
i1,2023-04-28T15:00:26.028193,2953.89794921875
i1,2023-04-28T15:00:26.131404,2533.22509765625
i1,2023-04-28T15:00:26.238151,2533.22509765625
i1,2023-04-28T15:00:26.337350,2130.720703125
i1,2023-04-28T15:00:26.438484,2130.720703125
i1,2023-04-28T15:00:26.537512,1970.4365234375
i1,2023-04-28T15:00:26.641796,1970.4365234375
i1,2023-04-28T15:00:26.741213,1357.502685546875
i1,2023-04-28T15:00:26.842443,1357.502685546875
i1,2023-04-28T15:00:26.943831,962.1615600585938
i1,2023-04-28T15:00:27.052136,962.1615600585938
i1,2023-04-28T15:00:27.147633,962.1615600585938
i1,2023-04-28T15:00:27.252675,1303.85546875
i1,2023-04-28T15:00:27.356312,1440.7635498046875
i1,2023-04-28T15:00:27.456669,1440.7635498046875
i1,2023-04-28T15:00:27.556669,1426.529296875
i1,2023-04-28T15:00:27.658774,1426.529296875
i1,2023-04-28T15:00:27.760241,1069.1085205078125
i1,2023-04-28T15:00:27.862508,1069.1085205078125
i1,2023-04-28T15:00:27.966784,900.9894409179688
i1,2023-04-28T15:00:28.067054,900.9894409179688
i1,2023-04-28T15:00:28.165856,900.9894409179688
i1,2023-04-28T15:00:28.273050,927.6151123046875
i1,2023-04-28T15:00:28.374478,855.681396484375
i1,2023-04-28T15:00:28.476681,855.681396484375
i1,2023-04-28T15:00:28.574664,1364.44287109375
i1,2023-04-28T15:00:28.673556,1364.44287109375
i1,2023-04-28T15:00:28.781270,1696.1158447265625
i1,2023-04-28T15:00:28.886618,1696.1158447265625
i1,2023-04-28T15:00:28.991042,1632.9820556640625
i1,2023-04-28T15:00:29.091412,1632.9820556640625
i1,2023-04-28T15:00:29.192001,1668.5657958984375
i1,2023-04-28T15:00:29.294020,1668.5657958984375
i1,2023-04-28T15:00:29.392537,1667.8592529296875
i1,2023-04-28T15:00:29.497462,1667.8592529296875
i1,2023-04-28T15:00:29.596701,2017.666259765625
i1,2023-04-28T15:00:29.698915,2017.666259765625
i1,2023-04-28T15:00:29.800175,2351.327880859375
i1,2023-04-28T15:00:29.902558,2351.327880859375
i1,2023-04-28T15:00:30.007896,2418.58837890625
i1,2023-04-28T15:00:30.110430,2418.58837890625
i1,2023-04-28T15:00:30.206987,1984.9698486328125
i1,2023-04-28T15:00:30.309190,1984.9698486328125
i1,2023-04-28T15:00:30.414310,1335.1773681640625
i1,2023-04-28T15:00:30.507279,1335.1773681640625
i1,2023-04-28T15:00:30.614609,983.9217529296875
i1,2023-04-28T15:00:30.716094,983.9217529296875
i1,2023-04-28T15:00:30.813865,336.687744140625
i1,2023-04-28T15:00:30.914088,336.687744140625
i1,2023-04-28T15:00:31.017325,-228.51475524902344
i1,2023-04-28T15:00:31.123416,-228.51475524902344
i1,2023-04-28T15:00:31.235853,-228.51475524902344
i1,2023-04-28T15:00:31.338309,-1242.557373046875
i1,2023-04-28T15:00:31.429549,-1242.557373046875
i1,2023-04-28T15:00:31.531229,-1242.557373046875
i1,2023-04-28T15:00:31.633849,-1602.8548583984375
i1,2023-04-28T15:00:31.738056,-1607.216796875
i1,2023-04-28T15:00:31.837213,-1607.216796875
i1,2023-04-28T15:00:31.946798,-1287.2099609375
i1,2023-04-28T15:00:32.042970,-1287.2099609375
i1,2023-04-28T15:00:32.145219,-616.976318359375
i1,2023-04-28T15:00:32.246990,-616.976318359375
i1,2023-04-28T15:00:32.348987,361.314697265625
i1,2023-04-28T15:00:32.454229,361.314697265625
i1,2023-04-28T15:00:32.554687,1377.2034912109375
i1,2023-04-28T15:00:32.656002,1377.2034912109375
i1,2023-04-28T15:00:32.753854,2196.09521484375
i1,2023-04-28T15:00:32.856259,2196.09521484375
i1,2023-04-28T15:00:32.958521,3490.115478515625
i1,2023-04-28T15:00:33.061978,3490.115478515625
i1,2023-04-28T15:00:33.162423,3852.678955078125
i1,2023-04-28T15:00:33.278939,3852.678955078125
i1,2023-04-28T15:00:33.368265,4195.7568359375
i1,2023-04-28T15:00:33.471178,4195.7568359375
i1,2023-04-28T15:00:33.575241,4143.646484375
i1,2023-04-28T15:00:33.673751,4143.646484375
i1,2023-04-28T15:00:33.778320,4119.5888671875
i1,2023-04-28T15:00:33.878317,4119.5888671875
i1,2023-04-28T15:00:33.980509,3768.97998046875
i1,2023-04-28T15:00:34.078946,3768.97998046875
i1,2023-04-28T15:00:34.185626,3191.554443359375
i1,2023-04-28T15:00:34.286998,3191.554443359375
i1,2023-04-28T15:00:34.393192,2589.5849609375
i1,2023-04-28T15:00:34.490266,2589.5849609375
i1,2023-04-28T15:00:34.591502,2141.447509765625
i1,2023-04-28T15:00:34.692872,2141.447509765625
i1,2023-04-28T15:00:34.795032,1721.5487060546875
i1,2023-04-28T15:00:34.897350,1721.5487060546875
i1,2023-04-28T15:00:34.999949,1518.0740966796875
i1,2023-04-28T15:00:35.102003,1518.0740966796875
i1,2023-04-28T15:00:35.205619,1603.6634521484375
i1,2023-04-28T15:00:35.305968,1603.6634521484375
i1,2023-04-28T15:00:35.405044,1606.4210205078125
i1,2023-04-28T15:00:35.510110,1606.4210205078125
i1,2023-04-28T15:00:35.608484,1608.6640625
i1,2023-04-28T15:00:35.708277,1608.6640625
i1,2023-04-28T15:00:35.812236,1608.6636962890625
i1,2023-04-28T15:00:35.914346,1608.6636962890625
i1,2023-04-28T15:00:36.016312,1611.3555908203125
i1,2023-04-28T15:00:36.120301,1611.3555908203125
i1,2023-04-28T15:00:36.218691,1611.3555908203125
i1,2023-04-28T15:00:36.319744,1613.8157958984375
i1,2023-04-28T15:00:36.425016,1615.8343505859375
i1,2023-04-28T15:00:36.525143,1615.8343505859375
i1,2023-04-28T15:00:36.627372,1620.7490234375
i1,2023-04-28T15:00:36.730822,1620.7490234375
i1,2023-04-28T15:00:36.834265,1623.044189453125
i1,2023-04-28T15:00:36.939413,1623.044189453125
i1,2023-04-28T15:00:37.041224,1624.3128662109375
i1,2023-04-28T15:00:37.146025,1624.3128662109375
i1,2023-04-28T15:00:37.244767,1627.6024169921875
i1,2023-04-28T15:00:37.346887,1627.6024169921875
i1,2023-04-28T15:00:37.449927,1645.837890625
i1,2023-04-28T15:00:37.555606,1715.02880859375
i1,2023-04-28T15:00:37.650511,1715.02880859375
i1,2023-04-28T15:00:37.762081,1796.7216796875
i1,2023-04-28T15:00:37.864570,1796.7216796875
i1,2023-04-28T15:00:37.958324,1893.9344482421875
i1,2023-04-28T15:00:38.058713,1893.9344482421875
i1,2023-04-28T15:00:38.166356,1952.9814453125
i1,2023-04-28T15:00:38.274990,1952.9814453125
i1,2023-04-28T15:00:38.364003,1955.5745849609375
i1,2023-04-28T15:00:38.470168,1955.5745849609375
i1,2023-04-28T15:00:38.571268,1947.161376953125
i1,2023-04-28T15:00:38.674388,1947.161376953125
i1,2023-04-28T15:00:38.776720,1948.7801513671875
i1,2023-04-28T15:00:38.877007,1948.7801513671875
i1,2023-04-28T15:00:38.977591,1939.9969482421875
i1,2023-04-28T15:00:39.080946,1939.9969482421875
i1,2023-04-28T15:00:39.182292,1939.9969482421875
i1,2023-04-28T15:00:39.291378,1901.45751953125
i1,2023-04-28T15:00:39.394199,1826.1295166015625
i1,2023-04-28T15:00:39.490914,1826.1295166015625
i1,2023-04-28T15:00:39.593191,1429.2352294921875
i1,2023-04-28T15:00:39.690205,1429.2352294921875
i1,2023-04-28T15:00:39.795828,1211.3306884765625
i1,2023-04-28T15:00:39.896415,1211.3306884765625
i1,2023-04-28T15:00:40.000768,763.9721069335938
i1,2023-04-28T15:00:40.101728,763.9721069335938
i1,2023-04-28T15:00:40.200419,763.9721069335938
i1,2023-04-28T15:00:40.306581,104.32112884521484
i1,2023-04-28T15:00:40.410896,-277.603515625
i1,2023-04-28T15:00:40.509836,-277.603515625
i1,2023-04-28T15:00:40.603749,-705.8926391601562
i1,2023-04-28T15:00:40.706137,-705.8926391601562
i1,2023-04-28T15:00:40.813941,-789.7564086914062
i1,2023-04-28T15:00:40.916234,-789.7564086914062
i1,2023-04-28T15:00:41.018335,-1054.369384765625
i1,2023-04-28T15:00:41.115751,-1054.369384765625
i1,2023-04-28T15:00:41.219509,-923.0747680664062
i1,2023-04-28T15:00:41.321877,-923.0747680664062
i1,2023-04-28T15:00:41.424309,-639.0697631835938
i1,2023-04-28T15:00:41.524972,-639.0697631835938
i1,2023-04-28T15:00:41.630248,-549.3755493164062
i1,2023-04-28T15:00:41.732480,-549.3755493164062
i1,2023-04-28T15:00:41.833876,-144.85568237304688
i1,2023-04-28T15:00:41.936196,-144.85568237304688
i1,2023-04-28T15:00:42.037679,1010.260498046875
i1,2023-04-28T15:00:42.141859,1010.260498046875
i1,2023-04-28T15:00:42.238597,1868.23681640625
i1,2023-04-28T15:00:42.341664,1868.23681640625
i1,2023-04-28T15:00:42.445075,2890.8857421875
i1,2023-04-28T15:00:42.544160,2890.8857421875
i1,2023-04-28T15:00:42.648687,3405.645263671875
i1,2023-04-28T15:00:42.748472,3405.645263671875
i1,2023-04-28T15:00:42.854795,3863.42626953125
i1,2023-04-28T15:00:42.957129,3863.42626953125
i1,2023-04-28T15:00:43.056544,4071.360595703125
i1,2023-04-28T15:00:43.158199,4071.360595703125
i1,2023-04-28T15:00:43.274672,4071.360595703125
i1,2023-04-28T15:00:43.371023,4365.49609375
i1,2023-04-28T15:00:43.466830,4365.49609375
i1,2023-04-28T15:00:43.566012,4365.49609375
i1,2023-04-28T15:00:43.668327,4392.1865234375
i1,2023-04-28T15:00:43.774890,4093.699462890625
i1,2023-04-28T15:00:43.871291,4093.699462890625
i1,2023-04-28T15:00:43.976401,3558.975830078125
i1,2023-04-28T15:00:44.074578,3558.975830078125
i1,2023-04-28T15:00:44.184209,2985.68017578125
i1,2023-04-28T15:00:44.285810,2985.68017578125
i1,2023-04-28T15:00:44.394777,2573.531982421875
i1,2023-04-28T15:00:44.487193,2573.531982421875
i1,2023-04-28T15:00:44.589237,2180.259033203125
i1,2023-04-28T15:00:44.688349,2180.259033203125
i1,2023-04-28T15:00:44.791714,2090.434814453125
i1,2023-04-28T15:00:44.892902,2090.434814453125
i1,2023-04-28T15:00:44.994205,1983.941650390625
i1,2023-04-28T15:00:45.099565,1983.941650390625
i1,2023-04-28T15:00:45.197891,1932.3856201171875
i1,2023-04-28T15:00:45.317296,1932.3856201171875
i1,2023-04-28T15:00:45.406711,1730.3165283203125
i1,2023-04-28T15:00:45.515857,1730.3165283203125
i1,2023-04-28T15:00:45.609976,1320.479248046875
i1,2023-04-28T15:00:45.713423,1320.479248046875
i1,2023-04-28T15:00:45.814657,1211.0877685546875
i1,2023-04-28T15:00:45.908461,1211.0877685546875
i1,2023-04-28T15:00:46.013081,1512.0498046875
i1,2023-04-28T15:00:46.119484,1512.0498046875
i1,2023-04-28T15:00:46.218074,1774.9427490234375
i1,2023-04-28T15:00:46.322597,1774.9427490234375
i1,2023-04-28T15:00:46.424876,1850.843994140625
i1,2023-04-28T15:00:46.529876,1850.843994140625
i1,2023-04-28T15:00:46.633331,1925.737548828125
i1,2023-04-28T15:00:46.735381,1925.737548828125
i1,2023-04-28T15:00:46.829754,1942.329345703125
i1,2023-04-28T15:00:46.935077,1942.329345703125
i1,2023-04-28T15:00:47.036384,1929.7733154296875
i1,2023-04-28T15:00:47.139755,1929.7733154296875
i1,2023-04-28T15:00:47.242255,2036.359130859375
i1,2023-04-28T15:00:47.339515,2036.359130859375
i1,2023-04-28T15:00:47.441917,2359.081787109375
i1,2023-04-28T15:00:47.545788,2359.081787109375
i1,2023-04-28T15:00:47.645067,2421.2998046875
i1,2023-04-28T15:00:47.748332,2421.2998046875
i1,2023-04-28T15:00:47.849711,1964.3128662109375
i1,2023-04-28T15:00:47.954975,1964.3128662109375
i1,2023-04-28T15:00:48.051686,1425.7999267578125
i1,2023-04-28T15:00:48.162534,1425.7999267578125
i1,2023-04-28T15:00:48.256511,1537.9058837890625
i1,2023-04-28T15:00:48.357614,1537.9058837890625
i1,2023-04-28T15:00:48.459777,1742.8702392578125
i1,2023-04-28T15:00:48.560907,1742.8702392578125
i1,2023-04-28T15:00:48.669217,1744.9808349609375
i1,2023-04-28T15:00:48.770295,1744.9808349609375
i1,2023-04-28T15:00:48.872123,1741.5184326171875
i1,2023-04-28T15:00:48.972104,1741.5184326171875
i1,2023-04-28T15:00:49.072135,1736.5194091796875
i1,2023-04-28T15:00:49.175651,1736.5194091796875
i1,2023-04-28T15:00:49.278586,1739.349609375
i1,2023-04-28T15:00:49.391427,1739.349609375
i1,2023-04-28T15:00:49.484026,1742.4822998046875
i1,2023-04-28T15:00:49.591354,1897.310791015625
i1,2023-04-28T15:00:49.684197,1897.310791015625
i1,2023-04-28T15:00:49.789371,1897.310791015625
i1,2023-04-28T15:00:49.892711,2154.908203125
i1,2023-04-28T15:00:49.996942,1957.4617919921875
i1,2023-04-28T15:00:50.091472,1957.4617919921875
i1,2023-04-28T15:00:50.195867,1957.4617919921875
i1,2023-04-28T15:00:50.307809,1660.770751953125
i1,2023-04-28T15:00:50.401606,1634.40283203125
i1,2023-04-28T15:00:50.515201,1634.40283203125
i1,2023-04-28T15:00:50.607988,1636.4407958984375
i1,2023-04-28T15:00:50.703967,1636.4407958984375
i1,2023-04-28T15:00:50.800102,1641.1981201171875
i1,2023-04-28T15:00:50.901398,1641.1981201171875
i1,2023-04-28T15:00:51.006698,1621.66552734375
i1,2023-04-28T15:00:51.108405,1621.66552734375
i1,2023-04-28T15:00:51.208239,1541.0845947265625
i1,2023-04-28T15:00:51.327492,1541.0845947265625
i1,2023-04-28T15:00:51.414462,1234.9759521484375
i1,2023-04-28T15:00:51.519844,1234.9759521484375
i1,2023-04-28T15:00:51.620062,871.6943359375
i1,2023-04-28T15:00:51.724736,871.6943359375
i1,2023-04-28T15:00:51.822308,775.2406005859375
i1,2023-04-28T15:00:51.927752,775.2406005859375
i1,2023-04-28T15:00:52.030957,889.0225219726562
i1,2023-04-28T15:00:52.130324,889.0225219726562
i1,2023-04-28T15:00:52.233026,889.0225219726562
i1,2023-04-28T15:00:52.338278,1307.415283203125
i1,2023-04-28T15:00:52.443462,1384.880126953125
i1,2023-04-28T15:00:52.542639,1384.880126953125
i1,2023-04-28T15:00:52.644966,1540.949462890625
i1,2023-04-28T15:00:52.746763,1540.949462890625
i1,2023-04-28T15:00:52.843742,1574.1353759765625
i1,2023-04-28T15:00:52.945627,1574.1353759765625
i1,2023-04-28T15:00:53.048116,1661.1392822265625
i1,2023-04-28T15:00:53.150440,1661.1392822265625
i1,2023-04-28T15:00:53.252329,1661.1392822265625
i1,2023-04-28T15:00:53.353424,1629.7628173828125
i1,2023-04-28T15:00:53.456446,1860.7061767578125
i1,2023-04-28T15:00:53.559759,1860.7061767578125
i1,2023-04-28T15:00:53.660129,2129.341796875
i1,2023-04-28T15:00:53.768465,2129.341796875
i1,2023-04-28T15:00:53.863440,2365.23779296875
i1,2023-04-28T15:00:53.966911,2365.23779296875
i1,2023-04-28T15:00:54.072072,2308.950927734375
i1,2023-04-28T15:00:54.171271,2308.950927734375
i1,2023-04-28T15:00:54.274121,2279.74609375
i1,2023-04-28T15:00:54.377280,2279.74609375
i1,2023-04-28T15:00:54.481509,2096.30322265625
i1,2023-04-28T15:00:54.579675,2096.30322265625
i1,2023-04-28T15:00:54.681821,1729.8671875
i1,2023-04-28T15:00:54.784197,1729.8671875
i1,2023-04-28T15:00:54.886364,2025.989501953125
i1,2023-04-28T15:00:54.991926,2025.989501953125
i1,2023-04-28T15:00:55.097070,2522.041259765625
i1,2023-04-28T15:00:55.199620,2522.041259765625
i1,2023-04-28T15:00:55.309643,2522.041259765625
i1,2023-04-28T15:00:55.400330,2536.637939453125
i1,2023-04-28T15:00:55.500574,2409.6611328125
i1,2023-04-28T15:00:55.602462,2409.6611328125
i1,2023-04-28T15:00:55.704833,1990.1448974609375
i1,2023-04-28T15:00:55.811641,1463.170654296875
i1,2023-04-28T15:00:55.905521,1463.170654296875
i1,2023-04-28T15:00:56.006780,1463.170654296875
i1,2023-04-28T15:00:56.114136,1003.8043212890625
i1,2023-04-28T15:00:56.218508,685.0222778320312
i1,2023-04-28T15:00:56.325006,685.0222778320312
i1,2023-04-28T15:00:56.423380,595.0288696289062
i1,2023-04-28T15:00:56.520714,595.0288696289062
i1,2023-04-28T15:00:56.620686,-113.72250366210938
i1,2023-04-28T15:00:56.723977,-113.72250366210938
i1,2023-04-28T15:00:56.827178,-727.5548706054688
i1,2023-04-28T15:00:56.931495,-727.5548706054688
i1,2023-04-28T15:00:57.032797,-1498.3057861328125
i1,2023-04-28T15:00:57.134507,-1498.3057861328125
i1,2023-04-28T15:00:57.232819,-1498.3057861328125
i1,2023-04-28T15:00:57.339756,-1510.2164306640625
i1,2023-04-28T15:00:57.439279,-1740.685791015625
i1,2023-04-28T15:00:57.543611,-1740.685791015625
i1,2023-04-28T15:00:57.640547,-1485.5787353515625
i1,2023-04-28T15:00:57.742863,-1485.5787353515625
i1,2023-04-28T15:00:57.844209,-1204.3270263671875
i1,2023-04-28T15:00:57.947653,-1204.3270263671875
i1,2023-04-28T15:00:58.051997,-831.5809326171875
i1,2023-04-28T15:00:58.151105,-831.5809326171875
i1,2023-04-28T15:00:58.254459,-48.22706985473633
i1,2023-04-28T15:00:58.359348,-48.22706985473633
i1,2023-04-28T15:00:58.459624,926.5421142578125
i1,2023-04-28T15:00:58.558730,926.5421142578125
i1,2023-04-28T15:00:58.660664,2032.922607421875
i1,2023-04-28T15:00:58.762947,2032.922607421875
i1,2023-04-28T15:00:58.867376,2709.667236328125
i1,2023-04-28T15:00:58.970688,2709.667236328125
i1,2023-04-28T15:00:59.069086,3206.130615234375
i1,2023-04-28T15:00:59.176170,3206.130615234375
i1,2023-04-28T15:00:59.276988,3122.59619140625
i1,2023-04-28T15:00:59.379410,3122.59619140625
i1,2023-04-28T15:00:59.482776,3114.6318359375
i1,2023-04-28T15:00:59.584661,3114.6318359375
i1,2023-04-28T15:00:59.680789,3145.57275390625
i1,2023-04-28T15:00:59.782885,3145.57275390625
i1,2023-04-28T15:00:59.884270,3085.031982421875
i1,2023-04-28T15:00:59.988730,3085.031982421875
i1,2023-04-28T15:01:00.090085,2709.2138671875
i1,2023-04-28T15:01:00.195663,2709.2138671875
i1,2023-04-28T15:01:00.296108,2120.19189453125
i1,2023-04-28T15:01:00.397030,2120.19189453125
i1,2023-04-28T15:01:00.498399,1486.930419921875
i1,2023-04-28T15:01:00.600401,1486.930419921875
i1,2023-04-28T15:01:00.704858,1333.6851806640625
i1,2023-04-28T15:01:00.804088,1333.6851806640625
i1,2023-04-28T15:01:00.899840,1333.2347412109375
i1,2023-04-28T15:01:01.000146,1333.2347412109375
i1,2023-04-28T15:01:01.104946,1333.2349853515625
i1,2023-04-28T15:01:01.213323,1333.2349853515625
i1,2023-04-28T15:01:01.311025,1329.7481689453125
i1,2023-04-28T15:01:01.420883,1329.5364990234375
i1,2023-04-28T15:01:01.516341,1329.5364990234375
i1,2023-04-28T15:01:01.625073,1329.7484130859375
i1,2023-04-28T15:01:01.723893,1329.7484130859375
i1,2023-04-28T15:01:01.824936,1329.7484130859375
i1,2023-04-28T15:01:01.924452,1331.5382080078125
i1,2023-04-28T15:01:02.031168,1333.329345703125
i1,2023-04-28T15:01:02.130828,1333.329345703125
i1,2023-04-28T15:01:02.229345,1333.329345703125
i1,2023-04-28T15:01:02.333959,1333.329345703125
i1,2023-04-28T15:01:02.437022,1330.194091796875
i1,2023-04-28T15:01:02.538221,1330.194091796875
i1,2023-04-28T15:01:02.644452,1193.638671875
i1,2023-04-28T15:01:02.747724,1193.638671875
i1,2023-04-28T15:01:02.845055,1503.0177001953125
i1,2023-04-28T15:01:02.946435,1503.0177001953125
i1,2023-04-28T15:01:03.049698,1660.616943359375
i1,2023-04-28T15:01:03.151953,1660.616943359375
i1,2023-04-28T15:01:03.253428,1591.666748046875
i1,2023-04-28T15:01:03.366099,1591.666748046875
i1,2023-04-28T15:01:03.457125,1744.741943359375
i1,2023-04-28T15:01:03.558246,1744.741943359375
i1,2023-04-28T15:01:03.661411,2085.486328125
i1,2023-04-28T15:01:03.764112,2085.486328125
i1,2023-04-28T15:01:03.861931,2016.9775390625
i1,2023-04-28T15:01:03.965296,2016.9775390625
i1,2023-04-28T15:01:04.065554,2246.25341796875
i1,2023-04-28T15:01:04.169115,2246.25341796875
i1,2023-04-28T15:01:04.271491,2596.155029296875
i1,2023-04-28T15:01:04.373828,2596.155029296875
i1,2023-04-28T15:01:04.481005,2581.42138671875
i1,2023-04-28T15:01:04.577200,2581.42138671875
i1,2023-04-28T15:01:04.683433,2690.828369140625
i1,2023-04-28T15:01:04.784452,2690.828369140625
i1,2023-04-28T15:01:04.883208,2516.822021484375
i1,2023-04-28T15:01:04.984279,2516.822021484375
i1,2023-04-28T15:01:05.084339,2272.8515625
i1,2023-04-28T15:01:05.186872,2272.8515625
i1,2023-04-28T15:01:05.288588,2272.8515625
i1,2023-04-28T15:01:05.390940,1562.7230224609375
i1,2023-04-28T15:01:05.494125,1153.46826171875
i1,2023-04-28T15:01:05.598127,1153.46826171875
i1,2023-04-28T15:01:05.698650,1409.994140625
i1,2023-04-28T15:01:05.804745,1409.994140625
i1,2023-04-28T15:01:05.903204,1729.7545166015625
i1,2023-04-28T15:01:06.004418,1729.7545166015625
i1,2023-04-28T15:01:06.104789,1814.962646484375
i1,2023-04-28T15:01:06.209042,1814.962646484375
i1,2023-04-28T15:01:06.309724,1814.962646484375
i1,2023-04-28T15:01:06.414958,2034.1177978515625
i1,2023-04-28T15:01:06.514177,1503.1553955078125
i1,2023-04-28T15:01:06.614201,1503.1553955078125
i1,2023-04-28T15:01:06.721784,1144.8309326171875
i1,2023-04-28T15:01:06.820878,1144.8309326171875
i1,2023-04-28T15:01:06.925157,1201.623779296875
i1,2023-04-28T15:01:07.024672,1201.623779296875
i1,2023-04-28T15:01:07.123716,1551.690673828125
i1,2023-04-28T15:01:07.226193,1551.690673828125
i1,2023-04-28T15:01:07.328797,1570.076171875
i1,2023-04-28T15:01:07.430950,1570.076171875
i1,2023-04-28T15:01:07.536978,1694.6453857421875
i1,2023-04-28T15:01:07.642536,934.5254516601562
i1,2023-04-28T15:01:07.740079,934.5254516601562
i1,2023-04-28T15:01:07.836896,934.5254516601562
i1,2023-04-28T15:01:07.940125,797.8485717773438
i1,2023-04-28T15:01:08.044509,642.54345703125
i1,2023-04-28T15:01:08.144696,642.54345703125
i1,2023-04-28T15:01:08.252601,825.1593627929688
i1,2023-04-28T15:01:08.357835,825.1593627929688
i1,2023-04-28T15:01:08.449065,825.1593627929688
i1,2023-04-28T15:01:08.554088,1190.056640625
i1,2023-04-28T15:01:08.658163,1440.7843017578125
i1,2023-04-28T15:01:08.757538,1440.7843017578125
i1,2023-04-28T15:01:08.862031,1640.0230712890625
i1,2023-04-28T15:01:08.967357,1640.0230712890625
i1,2023-04-28T15:01:09.062528,1687.9295654296875
i1,2023-04-28T15:01:09.167703,1687.9295654296875
i1,2023-04-28T15:01:09.267376,1687.9295654296875
i1,2023-04-28T15:01:09.378128,1358.1845703125
i1,2023-04-28T15:01:09.471914,1613.17626953125
i1,2023-04-28T15:01:09.574024,1613.17626953125
i1,2023-04-28T15:01:09.675426,1381.009033203125
i1,2023-04-28T15:01:09.776112,1381.009033203125
i1,2023-04-28T15:01:09.878823,1793.607666015625
i1,2023-04-28T15:01:09.980149,1793.607666015625
i1,2023-04-28T15:01:10.088393,2204.027587890625
i1,2023-04-28T15:01:10.187802,2204.027587890625
i1,2023-04-28T15:01:10.288248,2204.027587890625
i1,2023-04-28T15:01:10.389316,2353.35302734375
i1,2023-04-28T15:01:10.489857,2413.22509765625
i1,2023-04-28T15:01:10.592883,2413.22509765625
i1,2023-04-28T15:01:10.697310,2129.026611328125
i1,2023-04-28T15:01:10.795190,2129.026611328125
i1,2023-04-28T15:01:10.901843,1753.970458984375
i1,2023-04-28T15:01:10.999018,1753.970458984375
i1,2023-04-28T15:01:11.096925,1408.25146484375
i1,2023-04-28T15:01:11.199392,1408.25146484375
i1,2023-04-28T15:01:11.307387,1589.6932373046875
i1,2023-04-28T15:01:11.412730,1589.6932373046875
i1,2023-04-28T15:01:11.509999,1684.9063720703125
i1,2023-04-28T15:01:11.611232,1684.9063720703125
i1,2023-04-28T15:01:11.712282,1670.108154296875
i1,2023-04-28T15:01:11.816179,1670.108154296875
i1,2023-04-28T15:01:11.914629,1675.93798828125
i1,2023-04-28T15:01:12.017153,1675.93798828125
i1,2023-04-28T15:01:12.119408,1947.7137451171875
i1,2023-04-28T15:01:12.222248,1947.7137451171875
i1,2023-04-28T15:01:12.323848,1974.6085205078125
i1,2023-04-28T15:01:12.428881,1974.6085205078125
i1,2023-04-28T15:01:12.528882,1933.050537109375
i1,2023-04-28T15:01:12.629027,1933.050537109375
i1,2023-04-28T15:01:12.731508,1990.83544921875
i1,2023-04-28T15:01:12.832507,1990.83544921875
i1,2023-04-28T15:01:12.939029,1966.4647216796875
i1,2023-04-28T15:01:13.041247,1966.4647216796875
i1,2023-04-28T15:01:13.140423,1472.9591064453125
i1,2023-04-28T15:01:13.240832,1472.9591064453125
i1,2023-04-28T15:01:13.342634,1472.9591064453125
i1,2023-04-28T15:01:13.465189,1258.419677734375
i1,2023-04-28T15:01:13.550927,1258.419677734375
i1,2023-04-28T15:01:13.652995,1258.419677734375
i1,2023-04-28T15:01:13.755251,1251.8455810546875
i1,2023-04-28T15:01:13.858943,1214.477783203125
i1,2023-04-28T15:01:13.955264,1214.477783203125
i1,2023-04-28T15:01:14.057238,1214.477783203125
i1,2023-04-28T15:01:14.159500,1589.4295654296875
i1,2023-04-28T15:01:14.267003,2311.62744140625
i1,2023-04-28T15:01:14.372599,2311.62744140625
i1,2023-04-28T15:01:14.473826,2680.08935546875
i1,2023-04-28T15:01:14.568263,2680.08935546875
i1,2023-04-28T15:01:14.672123,2924.528076171875
i1,2023-04-28T15:01:14.772324,2924.528076171875
i1,2023-04-28T15:01:14.877474,2890.5224609375
i1,2023-04-28T15:01:14.979920,2890.5224609375
i1,2023-04-28T15:01:15.081295,2342.1162109375
i1,2023-04-28T15:01:15.186602,2342.1162109375
i1,2023-04-28T15:01:15.281940,1839.7078857421875
i1,2023-04-28T15:01:15.404971,1839.7078857421875
i1,2023-04-28T15:01:15.490047,1065.05517578125
i1,2023-04-28T15:01:15.592025,1065.05517578125
i1,2023-04-28T15:01:15.696373,202.70555114746094
i1,2023-04-28T15:01:15.796381,202.70555114746094
i1,2023-04-28T15:01:15.890266,-768.48046875
i1,2023-04-28T15:01:15.994776,-768.48046875
i1,2023-04-28T15:01:16.100406,-1560.6087646484375
i1,2023-04-28T15:01:16.199546,-1560.6087646484375
i1,2023-04-28T15:01:16.302989,-1712.290283203125
i1,2023-04-28T15:01:16.407523,-1712.290283203125
i1,2023-04-28T15:01:16.520932,-1592.5224609375
i1,2023-04-28T15:01:16.608836,-1592.5224609375
i1,2023-04-28T15:01:16.709039,-1161.989501953125
i1,2023-04-28T15:01:16.813511,-1161.989501953125
i1,2023-04-28T15:01:16.914743,-793.1669921875
i1,2023-04-28T15:01:17.018050,-793.1669921875
i1,2023-04-28T15:01:17.120447,-305.85772705078125
i1,2023-04-28T15:01:17.218759,-305.85772705078125
i1,2023-04-28T15:01:17.319287,498.0479431152344
i1,2023-04-28T15:01:17.422591,498.0479431152344
i1,2023-04-28T15:01:17.522130,1625.7125244140625
i1,2023-04-28T15:01:17.624889,1625.7125244140625
i1,2023-04-28T15:01:17.726054,2714.1533203125
i1,2023-04-28T15:01:17.828412,2714.1533203125
i1,2023-04-28T15:01:17.931867,3640.695556640625
i1,2023-04-28T15:01:18.035269,3640.695556640625
i1,2023-04-28T15:01:18.134336,4091.8583984375
i1,2023-04-28T15:01:18.235625,4091.8583984375
i1,2023-04-28T15:01:18.338422,4091.8583984375
i1,2023-04-28T15:01:18.439326,4566.87646484375
i1,2023-04-28T15:01:18.541995,4862.38623046875
i1,2023-04-28T15:01:18.647836,4862.38623046875
i1,2023-04-28T15:01:18.752111,5075.2158203125
i1,2023-04-28T15:01:18.847549,5075.2158203125
i1,2023-04-28T15:01:18.949688,4996.69677734375
i1,2023-04-28T15:01:19.050921,4996.69677734375
i1,2023-04-28T15:01:19.153168,4556.19384765625
i1,2023-04-28T15:01:19.255740,4556.19384765625
i1,2023-04-28T15:01:19.357440,3970.94287109375
i1,2023-04-28T15:01:19.468025,3970.94287109375
i1,2023-04-28T15:01:19.562645,3404.508544921875
i1,2023-04-28T15:01:19.664864,3404.508544921875
i1,2023-04-28T15:01:19.766161,2967.109375
i1,2023-04-28T15:01:19.871420,2967.109375
i1,2023-04-28T15:01:19.971136,2588.305908203125
i1,2023-04-28T15:01:20.078653,2018.5982666015625
i1,2023-04-28T15:01:20.175482,2018.5982666015625
i1,2023-04-28T15:01:20.276834,2018.5982666015625
i1,2023-04-28T15:01:20.382543,2018.5982666015625
i1,2023-04-28T15:01:20.486519,1176.42578125
i1,2023-04-28T15:01:20.583816,1176.42578125
i1,2023-04-28T15:01:20.692178,1056.1865234375
i1,2023-04-28T15:01:20.791172,1056.1865234375
i1,2023-04-28T15:01:20.892364,966.68798828125
i1,2023-04-28T15:01:20.994704,966.68798828125
i1,2023-04-28T15:01:21.094108,920.97314453125
i1,2023-04-28T15:01:21.190059,920.97314453125
i1,2023-04-28T15:01:21.299924,895.5690307617188
i1,2023-04-28T15:01:21.412886,895.5690307617188
i1,2023-04-28T15:01:21.504646,895.9133911132812
i1,2023-04-28T15:01:21.602527,895.9133911132812
i1,2023-04-28T15:01:21.704982,871.2449951171875
i1,2023-04-28T15:01:21.805133,871.2449951171875
i1,2023-04-28T15:01:21.906518,872.30224609375
i1,2023-04-28T15:01:22.008825,872.30224609375
i1,2023-04-28T15:01:22.111138,1095.8387451171875
i1,2023-04-28T15:01:22.215503,1095.8387451171875
i1,2023-04-28T15:01:22.315076,1095.8387451171875
i1,2023-04-28T15:01:22.419227,1229.029296875
i1,2023-04-28T15:01:22.520467,1331.9600830078125
i1,2023-04-28T15:01:22.623804,1331.9600830078125
i1,2023-04-28T15:01:22.729243,1402.3714599609375
i1,2023-04-28T15:01:22.826181,1402.3714599609375
i1,2023-04-28T15:01:22.925516,1447.6666259765625
i1,2023-04-28T15:01:23.027924,1447.6666259765625
i1,2023-04-28T15:01:23.131074,1449.4625244140625
i1,2023-04-28T15:01:23.235276,1449.4625244140625
i1,2023-04-28T15:01:23.337238,1449.4625244140625
i1,2023-04-28T15:01:23.439428,1452.42236328125
i1,2023-04-28T15:01:23.540565,1451.7049560546875
i1,2023-04-28T15:01:23.645591,1451.7049560546875
i1,2023-04-28T15:01:23.745091,1452.4779052734375
i1,2023-04-28T15:01:23.841807,1452.4779052734375
i1,2023-04-28T15:01:23.944420,1458.429931640625
i1,2023-04-28T15:01:24.048688,1458.429931640625
i1,2023-04-28T15:01:24.153248,1520.0045166015625
i1,2023-04-28T15:01:24.252415,1520.0045166015625
i1,2023-04-28T15:01:24.351976,1587.4434814453125
i1,2023-04-28T15:01:24.454253,1587.4434814453125
i1,2023-04-28T15:01:24.556891,1665.7506103515625
i1,2023-04-28T15:01:24.660010,1665.7506103515625
i1,2023-04-28T15:01:24.765000,1741.1397705078125
i1,2023-04-28T15:01:24.866383,1741.1397705078125
i1,2023-04-28T15:01:24.967897,1822.1240234375
i1,2023-04-28T15:01:25.067896,1822.1240234375
i1,2023-04-28T15:01:25.178256,1931.6712646484375
i1,2023-04-28T15:01:25.276514,1931.6712646484375
i1,2023-04-28T15:01:25.375185,1931.6712646484375
i1,2023-04-28T15:01:25.478372,1995.887451171875
i1,2023-04-28T15:01:25.582485,2061.333984375
i1,2023-04-28T15:01:25.682128,2061.333984375
i1,2023-04-28T15:01:25.790093,2097.600830078125
i1,2023-04-28T15:01:25.891512,2059.311767578125
i1,2023-04-28T15:01:25.992643,2059.311767578125
i1,2023-04-28T15:01:26.093930,2059.311767578125
i1,2023-04-28T15:01:26.190720,1989.6986083984375
i1,2023-04-28T15:01:26.301113,1933.8314208984375
i1,2023-04-28T15:01:26.411219,1933.8314208984375
i1,2023-04-28T15:01:26.507983,1860.3062744140625
i1,2023-04-28T15:01:26.603675,1860.3062744140625
i1,2023-04-28T15:01:26.706795,1794.763427734375
i1,2023-04-28T15:01:26.807011,1794.763427734375
i1,2023-04-28T15:01:26.911554,1717.92822265625
i1,2023-04-28T15:01:27.013937,1717.92822265625
i1,2023-04-28T15:01:27.109884,1614.3018798828125
i1,2023-04-28T15:01:27.211082,1614.3018798828125
i1,2023-04-28T15:01:27.317533,1575.551025390625
i1,2023-04-28T15:01:27.442979,1575.551025390625
i1,2023-04-28T15:01:27.519553,1554.9903564453125
i1,2023-04-28T15:01:27.616102,1554.9903564453125
i1,2023-04-28T15:01:27.722698,1547.24658203125
i1,2023-04-28T15:01:27.823948,1547.24658203125
i1,2023-04-28T15:01:27.924643,1556.79296875
i1,2023-04-28T15:01:28.026908,1556.79296875
i1,2023-04-28T15:01:28.127899,1540.11669921875
i1,2023-04-28T15:01:28.229286,1540.11669921875
i1,2023-04-28T15:01:28.335624,1552.7354736328125
i1,2023-04-28T15:01:28.442577,1552.7354736328125
i1,2023-04-28T15:01:28.532145,1542.2926025390625
i1,2023-04-28T15:01:28.642617,1542.2926025390625
i1,2023-04-28T15:01:28.743706,1556.19580078125
i1,2023-04-28T15:01:28.844997,1556.19580078125
i1,2023-04-28T15:01:28.949413,1545.881591796875
i1,2023-04-28T15:01:29.049709,1545.881591796875
i1,2023-04-28T15:01:29.155338,1550.36669921875
i1,2023-04-28T15:01:29.253234,1550.36669921875
i1,2023-04-28T15:01:29.355981,1536.9605712890625
i1,2023-04-28T15:01:29.460262,1536.9605712890625
i1,2023-04-28T15:01:29.559419,1544.588623046875
i1,2023-04-28T15:01:29.659622,1544.588623046875
i1,2023-04-28T15:01:29.762621,1532.8759765625
i1,2023-04-28T15:01:29.864905,1532.8759765625
i1,2023-04-28T15:01:29.967387,1542.772216796875
i1,2023-04-28T15:01:30.070576,1542.772216796875
i1,2023-04-28T15:01:30.170834,1535.1173095703125
i1,2023-04-28T15:01:30.273074,1535.1173095703125
i1,2023-04-28T15:01:30.375025,1541.0150146484375
i1,2023-04-28T15:01:30.476253,1541.0150146484375
i1,2023-04-28T15:01:30.578355,1536.5078125
i1,2023-04-28T15:01:30.682885,1536.5078125
i1,2023-04-28T15:01:30.780362,1542.7867431640625
i1,2023-04-28T15:01:30.878559,1542.7867431640625
i1,2023-04-28T15:01:30.979877,1541.9171142578125
i1,2023-04-28T15:01:31.085173,1541.9171142578125
i1,2023-04-28T15:01:31.190258,1540.5595703125
i1,2023-04-28T15:01:31.282775,1540.5595703125
i1,2023-04-28T15:01:31.384644,1542.416259765625
i1,2023-04-28T15:01:31.491090,1542.416259765625
i1,2023-04-28T15:01:31.595382,1540.6253662109375
i1,2023-04-28T15:01:31.695490,1540.6253662109375
i1,2023-04-28T15:01:31.804784,1545.1011962890625
i1,2023-04-28T15:01:31.902260,1545.1011962890625
i1,2023-04-28T15:01:32.004251,1535.252685546875
i1,2023-04-28T15:01:32.103670,1535.252685546875
i1,2023-04-28T15:01:32.208941,1545.1021728515625
i1,2023-04-28T15:01:32.309349,1545.1021728515625
i1,2023-04-28T15:01:32.420133,1545.1021728515625
i1,2023-04-28T15:01:32.520352,1536.5550537109375
i1,2023-04-28T15:01:32.614093,1536.5550537109375
i1,2023-04-28T15:01:32.721551,1456.452880859375
i1,2023-04-28T15:01:32.818726,1456.452880859375
i1,2023-04-28T15:01:32.921938,1386.1593017578125
i1,2023-04-28T15:01:33.024500,1386.1593017578125
i1,2023-04-28T15:01:33.130909,1306.911865234375
i1,2023-04-28T15:01:33.230234,1306.911865234375
i1,2023-04-28T15:01:33.329425,1238.9361572265625
i1,2023-04-28T15:01:33.452382,1238.9361572265625
i1,2023-04-28T15:01:33.534239,1157.0
i1,2023-04-28T15:01:33.639362,1157.0
i1,2023-04-28T15:01:33.739624,1087.1392822265625
i1,2023-04-28T15:01:33.841841,1087.1392822265625
i1,2023-04-28T15:01:33.944011,1003.30419921875
i1,2023-04-28T15:01:34.044343,1003.30419921875
i1,2023-04-28T15:01:34.145030,885.6702270507812
i1,2023-04-28T15:01:34.249952,885.6702270507812
i1,2023-04-28T15:01:34.349527,885.6702270507812
i1,2023-04-28T15:01:34.454365,997.64208984375
i1,2023-04-28T15:01:34.566315,1067.8094482421875
i1,2023-04-28T15:01:34.659528,1067.8094482421875
i1,2023-04-28T15:01:34.755482,1203.2479248046875
i1,2023-04-28T15:01:34.857704,1203.2479248046875
i1,2023-04-28T15:01:34.960143,1359.76416015625
i1,2023-04-28T15:01:35.063336,1359.76416015625
i1,2023-04-28T15:01:35.167912,1502.3779296875
i1,2023-04-28T15:01:35.266061,1502.3779296875
i1,2023-04-28T15:01:35.368770,1502.3779296875
i1,2023-04-28T15:01:35.473955,1564.81640625
i1,2023-04-28T15:01:35.574201,1639.161865234375
i1,2023-04-28T15:01:35.673383,1639.161865234375
i1,2023-04-28T15:01:35.776588,1700.1531982421875
i1,2023-04-28T15:01:35.877791,1700.1531982421875
i1,2023-04-28T15:01:35.983241,1765.62890625
i1,2023-04-28T15:01:36.085558,1765.62890625
i1,2023-04-28T15:01:36.190969,1745.165283203125
i1,2023-04-28T15:01:36.293261,1745.165283203125
i1,2023-04-28T15:01:36.391730,1692.4569091796875
i1,2023-04-28T15:01:36.493972,1692.4569091796875
i1,2023-04-28T15:01:36.596220,1620.341552734375
i1,2023-04-28T15:01:36.695321,1620.341552734375
i1,2023-04-28T15:01:36.800491,1529.746337890625
i1,2023-04-28T15:01:36.901849,1529.746337890625
i1,2023-04-28T15:01:37.006187,1448.165771484375
i1,2023-04-28T15:01:37.106472,1448.165771484375
i1,2023-04-28T15:01:37.213005,1445.2593994140625
i1,2023-04-28T15:01:37.312381,1445.2593994140625
i1,2023-04-28T15:01:37.410854,1445.2593994140625
i1,2023-04-28T15:01:37.517009,1449.20751953125
i1,2023-04-28T15:01:37.622238,1458.6929931640625
i1,2023-04-28T15:01:37.722758,1458.6929931640625
i1,2023-04-28T15:01:37.821497,1522.7197265625
i1,2023-04-28T15:01:37.923935,1522.7197265625
i1,2023-04-28T15:01:38.027190,1616.7412109375
i1,2023-04-28T15:01:38.126376,1616.7412109375
i1,2023-04-28T15:01:38.227185,1731.3604736328125
i1,2023-04-28T15:01:38.340888,1844.1868896484375
i1,2023-04-28T15:01:38.448228,1844.1868896484375
i1,2023-04-28T15:01:38.534656,1844.1868896484375
i1,2023-04-28T15:01:38.635419,1982.086181640625
i1,2023-04-28T15:01:38.741679,2090.8837890625
i1,2023-04-28T15:01:38.840697,2090.8837890625
i1,2023-04-28T15:01:38.947381,2101.18017578125
i1,2023-04-28T15:01:39.043669,2101.18017578125
i1,2023-04-28T15:01:39.144483,2153.845947265625
i1,2023-04-28T15:01:39.246856,2153.845947265625
i1,2023-04-28T15:01:39.348332,2153.845947265625
i1,2023-04-28T15:01:39.464398,2070.3369140625
i1,2023-04-28T15:01:39.557075,2057.09375
i1,2023-04-28T15:01:39.654255,2057.09375
i1,2023-04-28T15:01:39.755270,1975.5130615234375
i1,2023-04-28T15:01:39.862014,1975.5130615234375
i1,2023-04-28T15:01:39.964838,1865.5369873046875
i1,2023-04-28T15:01:40.062313,1865.5369873046875
i1,2023-04-28T15:01:40.163408,1767.28076171875
i1,2023-04-28T15:01:40.266882,1767.28076171875
i1,2023-04-28T15:01:40.367318,1631.613525390625
i1,2023-04-28T15:01:40.480586,1631.613525390625
i1,2023-04-28T15:01:40.570852,1536.91357421875
i1,2023-04-28T15:01:40.678365,1536.91357421875
i1,2023-04-28T15:01:40.778309,1525.701171875
i1,2023-04-28T15:01:40.881752,1525.701171875
i1,2023-04-28T15:01:40.987209,1538.259033203125
i1,2023-04-28T15:01:41.086539,1538.259033203125
i1,2023-04-28T15:01:41.184401,1528.14404296875
i1,2023-04-28T15:01:41.290833,1528.14404296875
i1,2023-04-28T15:01:41.385083,1536.51025390625
i1,2023-04-28T15:01:41.484375,1536.51025390625
i1,2023-04-28T15:01:41.597124,1521.2164306640625
i1,2023-04-28T15:01:41.696102,1521.2164306640625
i1,2023-04-28T15:01:41.799229,1398.33447265625
i1,2023-04-28T15:01:41.902596,1398.33447265625
i1,2023-04-28T15:01:41.998863,1274.556884765625
i1,2023-04-28T15:01:42.100248,1274.556884765625
i1,2023-04-28T15:01:42.202578,1156.1600341796875
i1,2023-04-28T15:01:42.303951,1156.1600341796875
i1,2023-04-28T15:01:42.408828,1043.8720703125
i1,2023-04-28T15:01:42.513923,1043.8720703125
i1,2023-04-28T15:01:42.613335,937.5027465820312
i1,2023-04-28T15:01:42.712402,937.5027465820312
i1,2023-04-28T15:01:42.817434,873.949951171875
i1,2023-04-28T15:01:42.918582,873.949951171875
i1,2023-04-28T15:01:43.018156,864.9361572265625
i1,2023-04-28T15:01:43.124350,864.9361572265625
i1,2023-04-28T15:01:43.229652,839.6958618164062
i1,2023-04-28T15:01:43.323983,839.6958618164062
i1,2023-04-28T15:01:43.426796,839.936767578125
i1,2023-04-28T15:01:43.533739,839.936767578125
i1,2023-04-28T15:01:43.631012,944.4942626953125
i1,2023-04-28T15:01:43.732222,944.4942626953125
i1,2023-04-28T15:01:43.836920,1047.23388671875
i1,2023-04-28T15:01:43.938323,1047.23388671875
i1,2023-04-28T15:01:44.037975,1155.1358642578125
i1,2023-04-28T15:01:44.138305,1155.1358642578125
i1,2023-04-28T15:01:44.244555,1251.8433837890625
i1,2023-04-28T15:01:44.347038,1251.8433837890625
i1,2023-04-28T15:01:44.457761,1251.8433837890625
i1,2023-04-28T15:01:44.552087,1554.0584716796875
i1,2023-04-28T15:01:44.655417,1554.0584716796875
i1,2023-04-28T15:01:44.760167,1554.0584716796875
i1,2023-04-28T15:01:44.858429,1246.0218505859375
i1,2023-04-28T15:01:44.960627,984.550048828125
i1,2023-04-28T15:01:45.060078,984.550048828125
i1,2023-04-28T15:01:45.169742,914.7050170898438
i1,2023-04-28T15:01:45.268699,914.7050170898438
i1,2023-04-28T15:01:45.364865,1292.5863037109375
i1,2023-04-28T15:01:45.491301,1292.5863037109375
i1,2023-04-28T15:01:45.572322,1687.9515380859375
i1,2023-04-28T15:01:45.671959,1687.9515380859375
i1,2023-04-28T15:01:45.777257,1791.166259765625
i1,2023-04-28T15:01:45.870940,1791.166259765625
i1,2023-04-28T15:01:45.970232,1787.111083984375
i1,2023-04-28T15:01:46.073786,1787.111083984375
i1,2023-04-28T15:01:46.182560,1350.5299072265625
i1,2023-04-28T15:01:46.280636,1350.5299072265625
i1,2023-04-28T15:01:46.385082,1383.263916015625
i1,2023-04-28T15:01:46.488784,1383.263916015625
i1,2023-04-28T15:01:46.597640,1687.9757080078125
i1,2023-04-28T15:01:46.692929,1687.9757080078125
i1,2023-04-28T15:01:46.795216,1949.95361328125
i1,2023-04-28T15:01:46.896338,1949.95361328125
i1,2023-04-28T15:01:47.000864,2019.46728515625
i1,2023-04-28T15:01:47.103459,2019.46728515625
i1,2023-04-28T15:01:47.207416,1643.20068359375
i1,2023-04-28T15:01:47.306608,1643.20068359375
i1,2023-04-28T15:01:47.404987,1643.20068359375
i1,2023-04-28T15:01:47.507431,1268.0894775390625
i1,2023-04-28T15:01:47.610596,1156.1011962890625
i1,2023-04-28T15:01:47.711850,1156.1011962890625
i1,2023-04-28T15:01:47.815265,1157.8719482421875
i1,2023-04-28T15:01:47.919385,1157.8719482421875
i1,2023-04-28T15:01:48.017632,1348.55859375
i1,2023-04-28T15:01:48.121080,1348.55859375
i1,2023-04-28T15:01:48.223333,1391.3162841796875
i1,2023-04-28T15:01:48.324689,1391.3162841796875
i1,2023-04-28T15:01:48.423318,1403.1749267578125
i1,2023-04-28T15:01:48.524613,1403.1749267578125
i1,2023-04-28T15:01:48.628937,1401.3834228515625
i1,2023-04-28T15:01:48.731956,1401.3834228515625
i1,2023-04-28T15:01:48.834120,1399.297607421875
i1,2023-04-28T15:01:48.935361,1399.297607421875
i1,2023-04-28T15:01:49.039076,1400.0396728515625
i1,2023-04-28T15:01:49.137866,1400.0396728515625
i1,2023-04-28T15:01:49.235887,1398.3447265625
i1,2023-04-28T15:01:49.342778,1398.3447265625
i1,2023-04-28T15:01:49.445405,1398.3447265625
i1,2023-04-28T15:01:49.546518,1400.123291015625
i1,2023-04-28T15:01:49.650840,1397.9383544921875
i1,2023-04-28T15:01:49.748964,1397.9383544921875
i1,2023-04-28T15:01:49.851095,1188.7142333984375
i1,2023-04-28T15:01:49.952474,1188.7142333984375
i1,2023-04-28T15:01:50.054614,1025.5782470703125
i1,2023-04-28T15:01:50.156010,1025.5782470703125
i1,2023-04-28T15:01:50.260607,665.7691650390625
i1,2023-04-28T15:01:50.366180,287.19818115234375
i1,2023-04-28T15:01:50.475887,287.19818115234375
i1,2023-04-28T15:01:50.570857,287.19818115234375
i1,2023-04-28T15:01:50.667904,-179.09051513671875
i1,2023-04-28T15:01:50.772056,-761.02978515625
i1,2023-04-28T15:01:50.871287,-761.02978515625
i1,2023-04-28T15:01:50.979751,-1117.9742431640625
i1,2023-04-28T15:01:51.074733,-1117.9742431640625
i1,2023-04-28T15:01:51.180895,-1117.9742431640625
i1,2023-04-28T15:01:51.274889,-1252.109375
i1,2023-04-28T15:01:51.379824,-1074.0977783203125
i1,2023-04-28T15:01:51.509430,-1074.0977783203125
i1,2023-04-28T15:01:51.580524,-857.7235717773438
i1,2023-04-28T15:01:51.685201,-857.7235717773438
i1,2023-04-28T15:01:51.789390,-593.860595703125
i1,2023-04-28T15:01:51.888330,-593.860595703125
i1,2023-04-28T15:01:51.987491,-213.64218139648438
i1,2023-04-28T15:01:52.088761,-213.64218139648438
i1,2023-04-28T15:01:52.191078,148.35379028320312
i1,2023-04-28T15:01:52.293706,148.35379028320312
i1,2023-04-28T15:01:52.398875,582.783447265625
i1,2023-04-28T15:01:52.510276,582.783447265625
i1,2023-04-28T15:01:52.600672,1088.890625
i1,2023-04-28T15:01:52.702837,1088.890625
i1,2023-04-28T15:01:52.806914,1408.2027587890625
i1,2023-04-28T15:01:52.910550,1408.2027587890625
i1,2023-04-28T15:01:53.009739,1331.778076171875
i1,2023-04-28T15:01:53.109784,1331.778076171875
i1,2023-04-28T15:01:53.212108,1266.0362548828125
i1,2023-04-28T15:01:53.313415,1266.0362548828125
i1,2023-04-28T15:01:53.415947,1221.4569091796875
i1,2023-04-28T15:01:53.517345,1221.4569091796875
i1,2023-04-28T15:01:53.627631,1098.7564697265625
i1,2023-04-28T15:01:53.724769,1098.7564697265625
i1,2023-04-28T15:01:53.826985,1022.5157470703125
i1,2023-04-28T15:01:53.925318,1022.5157470703125
i1,2023-04-28T15:01:54.025590,990.6753540039062
i1,2023-04-28T15:01:54.128856,990.6753540039062
i1,2023-04-28T15:01:54.230031,966.4572143554688
i1,2023-04-28T15:01:54.332391,966.4572143554688
i1,2023-04-28T15:01:54.438337,966.4572143554688
i1,2023-04-28T15:01:54.539545,961.4713134765625
i1,2023-04-28T15:01:54.637728,969.0537719726562
i1,2023-04-28T15:01:54.740657,969.0537719726562
i1,2023-04-28T15:01:54.849056,968.9794921875
i1,2023-04-28T15:01:54.944296,968.9794921875
i1,2023-04-28T15:01:55.050459,953.2787475585938
i1,2023-04-28T15:01:55.150027,953.2787475585938
i1,2023-04-28T15:01:55.255029,923.0932006835938
i1,2023-04-28T15:01:55.355430,923.0932006835938
i1,2023-04-28T15:01:55.457215,908.7091064453125
i1,2023-04-28T15:01:55.556520,908.7091064453125
i1,2023-04-28T15:01:55.662679,897.6941528320312
i1,2023-04-28T15:01:55.762764,897.6941528320312
i1,2023-04-28T15:01:55.865982,890.5883178710938
i1,2023-04-28T15:01:55.973260,890.5883178710938
i1,2023-04-28T15:01:56.070679,897.24560546875
i1,2023-04-28T15:01:56.165651,897.24560546875
i1,2023-04-28T15:01:56.273123,897.1558837890625
i1,2023-04-28T15:01:56.372902,897.1558837890625
i1,2023-04-28T15:01:56.487284,897.1558837890625
i1,2023-04-28T15:01:56.584877,894.6652221679688
i1,2023-04-28T15:01:56.683780,894.6652221679688
i1,2023-04-28T15:01:56.782856,894.6652221679688
i1,2023-04-28T15:01:56.882988,894.5592651367188
i1,2023-04-28T15:01:56.988428,894.2118530273438
i1,2023-04-28T15:01:57.092600,894.2118530273438
i1,2023-04-28T15:01:57.196364,895.007568359375
i1,2023-04-28T15:01:57.290174,895.007568359375
i1,2023-04-28T15:01:57.393673,895.1188354492188
i1,2023-04-28T15:01:57.520310,895.1188354492188
i1,2023-04-28T15:01:57.599549,900.370849609375
i1,2023-04-28T15:01:57.698563,900.370849609375
i1,2023-04-28T15:01:57.802682,954.1808471679688
i1,2023-04-28T15:01:57.902140,954.1808471679688
i1,2023-04-28T15:01:58.008256,1035.8052978515625
i1,2023-04-28T15:01:58.108778,1035.8052978515625
i1,2023-04-28T15:01:58.212236,1129.8321533203125
i1,2023-04-28T15:01:58.311097,1129.8321533203125
i1,2023-04-28T15:01:58.413036,1129.8321533203125
i1,2023-04-28T15:01:58.522876,1227.3548583984375
i1,2023-04-28T15:01:58.632405,1286.66650390625
i1,2023-04-28T15:01:58.720434,1286.66650390625
i1,2023-04-28T15:01:58.822955,1370.531982421875
i1,2023-04-28T15:01:58.923088,1370.531982421875
i1,2023-04-28T15:01:59.027374,1428.3846435546875
i1,2023-04-28T15:01:59.127913,1428.3846435546875
i1,2023-04-28T15:01:59.233059,1429.281005859375
i1,2023-04-28T15:01:59.332275,1429.281005859375
i1,2023-04-28T15:01:59.433846,1429.281005859375
i1,2023-04-28T15:01:59.537864,1398.205322265625
i1,2023-04-28T15:01:59.638761,1375.4649658203125
i1,2023-04-28T15:01:59.738695,1375.4649658203125
i1,2023-04-28T15:01:59.841626,1297.74658203125
i1,2023-04-28T15:01:59.944062,1297.74658203125
i1,2023-04-28T15:02:00.046295,1218.9483642578125
i1,2023-04-28T15:02:00.150866,1218.9483642578125
i1,2023-04-28T15:02:00.259046,1097.755615234375
i1,2023-04-28T15:02:00.358592,1097.755615234375
i1,2023-04-28T15:02:00.460153,1051.984375
i1,2023-04-28T15:02:00.562179,1051.984375
i1,2023-04-28T15:02:00.663654,966.7495727539062
i1,2023-04-28T15:02:00.766593,966.7495727539062
i1,2023-04-28T15:02:00.858403,908.2041625976562
i1,2023-04-28T15:02:00.959583,908.2041625976562
i1,2023-04-28T15:02:01.065342,904.8245849609375
i1,2023-04-28T15:02:01.168546,904.8245849609375
i1,2023-04-28T15:02:01.269940,900.580810546875
i1,2023-04-28T15:02:01.381326,900.580810546875
i1,2023-04-28T15:02:01.476051,900.580810546875
i1,2023-04-28T15:02:01.580247,897.8760375976562
i1,2023-04-28T15:02:01.674047,896.3506469726562
i1,2023-04-28T15:02:01.775122,896.3506469726562
i1,2023-04-28T15:02:01.880704,894.5592651367188
i1,2023-04-28T15:02:01.980655,894.5592651367188
i1,2023-04-28T15:02:02.086305,892.3980712890625
i1,2023-04-28T15:02:02.185669,892.3980712890625
i1,2023-04-28T15:02:02.287079,891.8717041015625
i1,2023-04-28T15:02:02.391329,891.8717041015625
i1,2023-04-28T15:02:02.493230,944.039794921875
i1,2023-04-28T15:02:02.611848,1141.2550048828125
i1,2023-04-28T15:02:02.699310,1141.2550048828125
i1,2023-04-28T15:02:02.793074,1141.2550048828125
i1,2023-04-28T15:02:02.899887,1466.7933349609375
i1,2023-04-28T15:02:02.998805,1466.7933349609375
i1,2023-04-28T15:02:03.105441,2006.7103271484375
i1,2023-04-28T15:02:03.209677,2641.407958984375
i1,2023-04-28T15:02:03.306317,2641.407958984375
i1,2023-04-28T15:02:03.414603,3007.82958984375
i1,2023-04-28T15:02:03.510124,3007.82958984375
i1,2023-04-28T15:02:03.618259,3452.97705078125
i1,2023-04-28T15:02:03.717494,3452.97705078125
i1,2023-04-28T15:02:03.820460,3856.74658203125
i1,2023-04-28T15:02:03.918846,3856.74658203125
i1,2023-04-28T15:02:04.022088,4298.5263671875
i1,2023-04-28T15:02:04.123381,4298.5263671875
i1,2023-04-28T15:02:04.225156,4666.67529296875
i1,2023-04-28T15:02:04.330375,4666.67529296875
i1,2023-04-28T15:02:04.428595,4920.9736328125
i1,2023-04-28T15:02:04.549353,4920.9736328125
i1,2023-04-28T15:02:04.635223,5007.18310546875
i1,2023-04-28T15:02:04.739716,5007.18310546875
i1,2023-04-28T15:02:04.835595,4902.6904296875
i1,2023-04-28T15:02:04.937883,4902.6904296875
i1,2023-04-28T15:02:05.037915,4786.98681640625
i1,2023-04-28T15:02:05.141335,4786.98681640625
i1,2023-04-28T15:02:05.242652,4743.03466796875
i1,2023-04-28T15:02:05.343978,4743.03466796875
i1,2023-04-28T15:02:05.446572,4728.96923828125
i1,2023-04-28T15:02:05.551136,4728.96923828125
i1,2023-04-28T15:02:05.663523,4734.4931640625
i1,2023-04-28T15:02:05.752500,4734.4931640625
i1,2023-04-28T15:02:05.854700,4719.712890625
i1,2023-04-28T15:02:05.956797,4719.712890625
i1,2023-04-28T15:02:06.059250,4461.78955078125
i1,2023-04-28T15:02:06.161503,4461.78955078125
i1,2023-04-28T15:02:06.265005,4091.407470703125
i1,2023-04-28T15:02:06.366422,4091.407470703125
i1,2023-04-28T15:02:06.465765,3563.40625
i1,2023-04-28T15:02:06.568097,3563.40625
i1,2023-04-28T15:02:06.669348,3036.0625
i1,2023-04-28T15:02:06.771452,3036.0625
i1,2023-04-28T15:02:06.885670,2528.24951171875
i1,2023-04-28T15:02:06.981938,2528.24951171875
i1,2023-04-28T15:02:07.081089,2017.4287109375
i1,2023-04-28T15:02:07.181370,2017.4287109375
i1,2023-04-28T15:02:07.281771,1478.19091796875
i1,2023-04-28T15:02:07.385046,1478.19091796875
i1,2023-04-28T15:02:07.486729,890.5288696289062
i1,2023-04-28T15:02:07.589245,890.5288696289062
i1,2023-04-28T15:02:07.688843,248.04098510742188
i1,2023-04-28T15:02:07.789420,248.04098510742188
i1,2023-04-28T15:02:07.896608,-110.58851623535156
i1,2023-04-28T15:02:08.005949,-110.58851623535156
i1,2023-04-28T15:02:08.100148,-408.77447509765625
i1,2023-04-28T15:02:08.198801,-408.77447509765625
i1,2023-04-28T15:02:08.304165,-512.1993408203125
i1,2023-04-28T15:02:08.404392,-512.1993408203125
i1,2023-04-28T15:02:08.506042,-512.1993408203125
i1,2023-04-28T15:02:08.609086,-733.7009887695312
i1,2023-04-28T15:02:08.715015,-874.2787475585938
i1,2023-04-28T15:02:08.812253,-874.2787475585938
i1,2023-04-28T15:02:08.914732,-1087.528076171875
i1,2023-04-28T15:02:09.023299,-1333.1611328125
i1,2023-04-28T15:02:09.126863,-1333.1611328125
i1,2023-04-28T15:02:09.221440,-1333.1611328125
i1,2023-04-28T15:02:09.325866,-1172.14892578125
i1,2023-04-28T15:02:09.428910,-944.946044921875
i1,2023-04-28T15:02:09.559263,-944.946044921875
i1,2023-04-28T15:02:09.630059,-691.85791015625
i1,2023-04-28T15:02:09.733347,-691.85791015625
i1,2023-04-28T15:02:09.838400,-421.8754577636719
i1,2023-04-28T15:02:09.937742,-421.8754577636719
i1,2023-04-28T15:02:10.037003,-158.20323181152344
i1,2023-04-28T15:02:10.138212,-158.20323181152344
i1,2023-04-28T15:02:10.240380,254.21206665039062
i1,2023-04-28T15:02:10.342787,254.21206665039062
i1,2023-04-28T15:02:10.446240,254.21206665039062
i1,2023-04-28T15:02:10.561280,514.75146484375
i1,2023-04-28T15:02:10.651879,823.8429565429688
i1,2023-04-28T15:02:10.752949,823.8429565429688
i1,2023-04-28T15:02:10.854247,1237.333740234375
i1,2023-04-28T15:02:10.959674,1237.333740234375
i1,2023-04-28T15:02:11.060425,1340.9310302734375
i1,2023-04-28T15:02:11.154797,1340.9310302734375
i1,2023-04-28T15:02:11.259142,1353.4876708984375
i1,2023-04-28T15:02:11.360730,1353.4876708984375
i1,2023-04-28T15:02:11.462479,1353.4876708984375
i1,2023-04-28T15:02:11.566747,1356.0416259765625
i1,2023-04-28T15:02:11.666076,1358.870849609375
i1,2023-04-28T15:02:11.762594,1358.870849609375
i1,2023-04-28T15:02:11.863912,1063.776123046875
i1,2023-04-28T15:02:11.970597,1063.776123046875
i1,2023-04-28T15:02:12.072869,1014.4448852539062
i1,2023-04-28T15:02:12.176272,1014.4448852539062
i1,2023-04-28T15:02:12.276467,970.9946899414062
i1,2023-04-28T15:02:12.381797,970.9946899414062
i1,2023-04-28T15:02:12.484690,946.0678100585938
i1,2023-04-28T15:02:12.587065,946.0678100585938
i1,2023-04-28T15:02:12.682869,899.6429443359375
i1,2023-04-28T15:02:12.790096,899.6429443359375
i1,2023-04-28T15:02:12.888281,851.8660888671875
i1,2023-04-28T15:02:12.991743,851.8660888671875
i1,2023-04-28T15:02:13.093286,818.963134765625
i1,2023-04-28T15:02:13.197272,818.963134765625
i1,2023-04-28T15:02:13.297682,739.7683715820312
i1,2023-04-28T15:02:13.404676,739.7683715820312
i1,2023-04-28T15:02:13.500698,739.7683715820312
i1,2023-04-28T15:02:13.602730,638.0755004882812
i1,2023-04-28T15:02:13.707915,918.2893676757812
i1,2023-04-28T15:02:13.813182,918.2893676757812
i1,2023-04-28T15:02:13.913525,1151.1075439453125
i1,2023-04-28T15:02:14.014524,1151.1075439453125
i1,2023-04-28T15:02:14.112963,1511.977294921875
i1,2023-04-28T15:02:14.215211,1511.977294921875
i1,2023-04-28T15:02:14.318493,2060.44384765625
i1,2023-04-28T15:02:14.418017,2060.44384765625
i1,2023-04-28T15:02:14.522224,2535.930908203125
i1,2023-04-28T15:02:14.637756,2535.930908203125
i1,2023-04-28T15:02:14.723838,2797.403564453125
i1,2023-04-28T15:02:14.829082,2797.403564453125
i1,2023-04-28T15:02:14.929374,2894.110595703125
i1,2023-04-28T15:02:15.032805,2894.110595703125
i1,2023-04-28T15:02:15.135364,3268.407958984375
i1,2023-04-28T15:02:15.237334,4084.8505859375
i1,2023-04-28T15:02:15.335823,4084.8505859375
i1,2023-04-28T15:02:15.438077,4084.8505859375
i1,2023-04-28T15:02:15.571482,4434.64306640625
i1,2023-04-28T15:02:15.641867,4434.64306640625
i1,2023-04-28T15:02:15.743110,4666.32421875
i1,2023-04-28T15:02:15.846046,4766.4345703125
i1,2023-04-28T15:02:15.940933,4766.4345703125
i1,2023-04-28T15:02:16.042251,4766.4345703125
i1,2023-04-28T15:02:16.147549,4765.0849609375
i1,2023-04-28T15:02:16.249250,4769.1337890625
i1,2023-04-28T15:02:16.352635,4769.1337890625
i1,2023-04-28T15:02:16.457294,4838.0537109375
i1,2023-04-28T15:02:16.589114,4838.0537109375
i1,2023-04-28T15:02:16.660878,4802.71240234375
i1,2023-04-28T15:02:16.759032,4802.71240234375
i1,2023-04-28T15:02:16.863546,4527.05224609375
i1,2023-04-28T15:02:16.967502,4527.05224609375
i1,2023-04-28T15:02:17.065693,3892.373779296875
i1,2023-04-28T15:02:17.168064,3892.373779296875
i1,2023-04-28T15:02:17.270595,2894.196044921875
i1,2023-04-28T15:02:17.373835,2894.196044921875
i1,2023-04-28T15:02:17.473829,2291.997314453125
i1,2023-04-28T15:02:17.575173,2291.997314453125
i1,2023-04-28T15:02:17.680815,1479.53076171875
i1,2023-04-28T15:02:17.779923,1479.53076171875
i1,2023-04-28T15:02:17.881195,644.9834594726562
i1,2023-04-28T15:02:17.984396,644.9834594726562
i1,2023-04-28T15:02:18.086787,-179.98507690429688
i1,2023-04-28T15:02:18.188213,-179.98507690429688
i1,2023-04-28T15:02:18.292184,-864.485595703125
i1,2023-04-28T15:02:18.391678,-864.485595703125
i1,2023-04-28T15:02:18.492975,-864.485595703125
i1,2023-04-28T15:02:18.598336,-728.6577758789062
i1,2023-04-28T15:02:18.696258,-941.7775268554688
i1,2023-04-28T15:02:18.800830,-941.7775268554688
i1,2023-04-28T15:02:18.907134,-524.7371215820312
i1,2023-04-28T15:02:19.002428,-524.7371215820312
i1,2023-04-28T15:02:19.104788,226.95095825195312
i1,2023-04-28T15:02:19.207047,226.95095825195312
i1,2023-04-28T15:02:19.308513,1113.4996337890625
i1,2023-04-28T15:02:19.412514,1113.4996337890625
i1,2023-04-28T15:02:19.512248,1998.1619873046875
i1,2023-04-28T15:02:19.615970,1998.1619873046875
i1,2023-04-28T15:02:19.716748,2906.2001953125
i1,2023-04-28T15:02:19.816837,2906.2001953125
i1,2023-04-28T15:02:19.920056,3853.17626953125
i1,2023-04-28T15:02:20.026427,3853.17626953125
i1,2023-04-28T15:02:20.129914,4694.8740234375
i1,2023-04-28T15:02:20.226089,4694.8740234375
i1,2023-04-28T15:02:20.325985,5405.755859375
i1,2023-04-28T15:02:20.429785,5405.755859375
i1,2023-04-28T15:02:20.531672,5112.607421875
i1,2023-04-28T15:02:20.635650,5112.607421875
i1,2023-04-28T15:02:20.740765,5007.865234375
i1,2023-04-28T15:02:20.836932,5007.865234375
i1,2023-04-28T15:02:20.946618,4598.171875
i1,2023-04-28T15:02:21.041618,4598.171875
i1,2023-04-28T15:02:21.143960,3748.379638671875
i1,2023-04-28T15:02:21.250142,3748.379638671875
i1,2023-04-28T15:02:21.353456,2896.802978515625
i1,2023-04-28T15:02:21.452406,2896.802978515625
i1,2023-04-28T15:02:21.585918,1712.795654296875
i1,2023-04-28T15:02:21.655603,1712.795654296875
i1,2023-04-28T15:02:21.755069,1055.85400390625
i1,2023-04-28T15:02:21.863208,198.31842041015625
i1,2023-04-28T15:02:21.959927,198.31842041015625
i1,2023-04-28T15:02:22.058633,198.31842041015625
i1,2023-04-28T15:02:22.160938,-609.9008178710938
i1,2023-04-28T15:02:22.267747,-1033.9583740234375
i1,2023-04-28T15:02:22.371483,-1033.9583740234375
i1,2023-04-28T15:02:22.467977,-1033.9583740234375
i1,2023-04-28T15:02:22.591961,-1607.5523681640625
i1,2023-04-28T15:02:22.676840,-2056.697021484375
i1,2023-04-28T15:02:22.775557,-2056.697021484375
i1,2023-04-28T15:02:22.874960,-2104.985595703125
i1,2023-04-28T15:02:22.978305,-2104.985595703125
i1,2023-04-28T15:02:23.085704,-1866.5460205078125
i1,2023-04-28T15:02:23.182819,-1866.5460205078125
i1,2023-04-28T15:02:23.286288,-1538.17724609375
i1,2023-04-28T15:02:23.389642,-1538.17724609375
i1,2023-04-28T15:02:23.488862,-1220.559326171875
i1,2023-04-28T15:02:23.608288,-1220.559326171875
i1,2023-04-28T15:02:23.694549,-917.128173828125
i1,2023-04-28T15:02:23.796729,-917.128173828125
i1,2023-04-28T15:02:23.900208,-576.2888793945312
i1,2023-04-28T15:02:23.999221,-576.2888793945312
i1,2023-04-28T15:02:24.101672,-291.95611572265625
i1,2023-04-28T15:02:24.205809,-291.95611572265625
i1,2023-04-28T15:02:24.306176,318.8431091308594
i1,2023-04-28T15:02:24.407627,318.8431091308594
i1,2023-04-28T15:02:24.509056,498.9507141113281
i1,2023-04-28T15:02:24.611454,498.9507141113281
i1,2023-04-28T15:02:24.713480,737.3157958984375
i1,2023-04-28T15:02:24.814747,737.3157958984375
i1,2023-04-28T15:02:24.916906,806.343994140625
i1,2023-04-28T15:02:25.018338,806.343994140625
