id,timestamp,MaxxTurn45_Axes_Power_Active_Sum
i1,2023-04-28 15:00:12.761,1146.0106201171875
i1,2023-04-28 15:00:12.863,1159.448486328125
i1,2023-04-28 15:00:12.965,1159.448486328125
i1,2023-04-28 15:00:13.066,1155.501953125
i1,2023-04-28 15:00:13.174,1155.501953125
i1,2023-04-28 15:00:13.276,1155.501953125
i1,2023-04-28 15:00:13.373,1294.77880859375
i1,2023-04-28 15:00:13.475,1324.300537109375
i1,2023-04-28 15:00:13.580,1324.300537109375
i1,2023-04-28 15:00:13.678,1272.605712890625
i1,2023-04-28 15:00:13.780,1272.605712890625
i1,2023-04-28 15:00:13.882,1272.17333984375
i1,2023-04-28 15:00:13.989,1272.17333984375
i1,2023-04-28 15:00:14.092,1307.417236328125
i1,2023-04-28 15:00:14.191,1307.417236328125
i1,2023-04-28 15:00:14.291,1659.02001953125
i1,2023-04-28 15:00:14.394,1659.02001953125
i1,2023-04-28 15:00:14.495,2447.23046875
i1,2023-04-28 15:00:14.596,2447.23046875
i1,2023-04-28 15:00:14.699,4542.46875
i1,2023-04-28 15:00:14.802,4542.46875
i1,2023-04-28 15:00:14.902,7322.76171875
i1,2023-04-28 15:00:15.004,7322.76171875
i1,2023-04-28 15:00:15.106,10339.12890625
i1,2023-04-28 15:00:15.212,10339.12890625
i1,2023-04-28 15:00:15.314,11977.2255859375
i1,2023-04-28 15:00:15.412,11977.2255859375
i1,2023-04-28 15:00:15.514,14093.7138671875
i1,2023-04-28 15:00:15.615,14093.7138671875
i1,2023-04-28 15:00:15.717,15977.3544921875
i1,2023-04-28 15:00:15.816,15977.3544921875
i1,2023-04-28 15:00:15.917,17948.06640625
i1,2023-04-28 15:00:16.019,17948.06640625
i1,2023-04-28 15:00:16.124,18543.19140625
i1,2023-04-28 15:00:16.227,18543.19140625
i1,2023-04-28 15:00:16.329,18255.572265625
i1,2023-04-28 15:00:16.443,16411.501953125
i1,2023-04-28 15:00:16.532,16411.501953125
i1,2023-04-28 15:00:16.638,16411.501953125
i1,2023-04-28 15:00:16.745,13922.333984375
i1,2023-04-28 15:00:16.843,11684.7900390625
i1,2023-04-28 15:00:16.941,11684.7900390625
i1,2023-04-28 15:00:17.042,11684.7900390625
i1,2023-04-28 15:00:17.145,9706.6025390625
i1,2023-04-28 15:00:17.247,8046.1513671875
i1,2023-04-28 15:00:17.373,8046.1513671875
i1,2023-04-28 15:00:17.451,6332.6845703125
i1,2023-04-28 15:00:17.553,6332.6845703125
i1,2023-04-28 15:00:17.658,3686.19189453125
i1,2023-04-28 15:00:17.760,3686.19189453125
i1,2023-04-28 15:00:17.864,3686.19189453125
i1,2023-04-28 15:00:17.966,1590.243408203125
i1,2023-04-28 15:00:18.065,287.8861389160156
i1,2023-04-28 15:00:18.166,287.8861389160156
i1,2023-04-28 15:00:18.267,287.8861389160156
i1,2023-04-28 15:00:18.373,-1882.009765625
i1,2023-04-28 15:00:18.471,-3025.197265625
i1,2023-04-28 15:00:18.576,-3025.197265625
i1,2023-04-28 15:00:18.675,-4888.18359375
i1,2023-04-28 15:00:18.776,-4888.18359375
i1,2023-04-28 15:00:18.881,-7206.72216796875
i1,2023-04-28 15:00:18.982,-7206.72216796875
i1,2023-04-28 15:00:19.088,-8811.236328125
i1,2023-04-28 15:00:19.187,-8811.236328125
i1,2023-04-28 15:00:19.288,-9240.4296875
i1,2023-04-28 15:00:19.390,-9240.4296875
i1,2023-04-28 15:00:19.492,-8213.044921875
i1,2023-04-28 15:00:19.594,-8213.044921875
i1,2023-04-28 15:00:19.700,-5893.0224609375
i1,2023-04-28 15:00:19.797,-5893.0224609375
i1,2023-04-28 15:00:19.903,-2121.77587890625
i1,2023-04-28 15:00:20.001,-2121.77587890625
i1,2023-04-28 15:00:20.103,2540.5126953125
i1,2023-04-28 15:00:20.211,2540.5126953125
i1,2023-04-28 15:00:20.305,2540.5126953125
i1,2023-04-28 15:00:20.405,6773.24853515625
i1,2023-04-28 15:00:20.513,9690.0849609375
i1,2023-04-28 15:00:20.617,9690.0849609375
i1,2023-04-28 15:00:20.719,13273.32421875
i1,2023-04-28 15:00:20.817,13273.32421875
i1,2023-04-28 15:00:20.920,15171.486328125
i1,2023-04-28 15:00:21.021,15171.486328125
i1,2023-04-28 15:00:21.123,15471.017578125
i1,2023-04-28 15:00:21.226,15471.017578125
i1,2023-04-28 15:00:21.330,15719.8359375
i1,2023-04-28 15:00:21.431,15719.8359375
i1,2023-04-28 15:00:21.532,14492.23046875
i1,2023-04-28 15:00:21.637,14492.23046875
i1,2023-04-28 15:00:21.740,12213.3662109375
i1,2023-04-28 15:00:21.838,12213.3662109375
i1,2023-04-28 15:00:21.940,9920.552734375
i1,2023-04-28 15:00:22.042,9920.552734375
i1,2023-04-28 15:00:22.144,9920.552734375
i1,2023-04-28 15:00:22.246,6759.1611328125
i1,2023-04-28 15:00:22.349,5877.81591796875
i1,2023-04-28 15:00:22.451,5877.81591796875
i1,2023-04-28 15:00:22.552,4378.912109375
i1,2023-04-28 15:00:22.657,4378.912109375
i1,2023-04-28 15:00:22.760,4293.5732421875
i1,2023-04-28 15:00:22.865,4251.8212890625
i1,2023-04-28 15:00:22.965,4251.8212890625
i1,2023-04-28 15:00:23.074,4155.6806640625
i1,2023-04-28 15:00:23.169,4155.6806640625
i1,2023-04-28 15:00:23.269,3848.64697265625
i1,2023-04-28 15:00:23.394,3848.64697265625
i1,2023-04-28 15:00:23.478,2341.031494140625
i1,2023-04-28 15:00:23.579,2341.031494140625
i1,2023-04-28 15:00:23.676,682.5747680664062
i1,2023-04-28 15:00:23.783,682.5747680664062
i1,2023-04-28 15:00:23.879,-1332.963623046875
i1,2023-04-28 15:00:23.988,-1332.963623046875
i1,2023-04-28 15:00:24.086,506.69677734375
i1,2023-04-28 15:00:24.186,506.69677734375
i1,2023-04-28 15:00:24.287,2176.75439453125
i1,2023-04-28 15:00:24.387,2176.75439453125
i1,2023-04-28 15:00:24.491,3971.343017578125
i1,2023-04-28 15:00:24.590,3971.343017578125
i1,2023-04-28 15:00:24.693,5465.015625
i1,2023-04-28 15:00:24.795,5465.015625
i1,2023-04-28 15:00:24.897,7167.60009765625
i1,2023-04-28 15:00:24.999,7167.60009765625
i1,2023-04-28 15:00:25.108,7167.60009765625
i1,2023-04-28 15:00:25.202,8036.84765625
i1,2023-04-28 15:00:25.305,9559.970703125
i1,2023-04-28 15:00:25.406,9559.970703125
i1,2023-04-28 15:00:25.508,11176.43359375
i1,2023-04-28 15:00:25.610,11176.43359375
i1,2023-04-28 15:00:25.716,12922.865234375
i1,2023-04-28 15:00:25.813,12922.865234375
i1,2023-04-28 15:00:25.917,11140.1494140625
i1,2023-04-28 15:00:26.018,11140.1494140625
i1,2023-04-28 15:00:26.121,9093.419921875
i1,2023-04-28 15:00:26.222,9093.419921875
i1,2023-04-28 15:00:26.324,9093.419921875
i1,2023-04-28 15:00:26.430,7236.033203125
i1,2023-04-28 15:00:26.529,6424.8486328125
i1,2023-04-28 15:00:26.631,6424.8486328125
i1,2023-04-28 15:00:26.732,4230.0751953125
i1,2023-04-28 15:00:26.838,4230.0751953125
i1,2023-04-28 15:00:26.941,2210.53173828125
i1,2023-04-28 15:00:27.044,2210.53173828125
i1,2023-04-28 15:00:27.147,2621.526123046875
i1,2023-04-28 15:00:27.248,2621.526123046875
i1,2023-04-28 15:00:27.349,3383.596923828125
i1,2023-04-28 15:00:27.451,3383.596923828125
i1,2023-04-28 15:00:27.550,4106.4716796875
i1,2023-04-28 15:00:27.655,4106.4716796875
i1,2023-04-28 15:00:27.753,2628.9287109375
i1,2023-04-28 15:00:27.858,2628.9287109375
i1,2023-04-28 15:00:27.960,1656.2755126953125
i1,2023-04-28 15:00:28.059,1656.2755126953125
i1,2023-04-28 15:00:28.167,-129.24365234375
i1,2023-04-28 15:00:28.271,906.6425170898438
i1,2023-04-28 15:00:28.368,906.6425170898438
i1,2023-04-28 15:00:28.472,906.6425170898438
i1,2023-04-28 15:00:28.573,3069.29345703125
i1,2023-04-28 15:00:28.669,3069.29345703125
i1,2023-04-28 15:00:28.777,4519.1689453125
i1,2023-04-28 15:00:28.882,4519.1689453125
i1,2023-04-28 15:00:28.983,4779.35791015625
i1,2023-04-28 15:00:29.085,5227.78466796875
i1,2023-04-28 15:00:29.186,5227.78466796875
i1,2023-04-28 15:00:29.289,5227.78466796875
i1,2023-04-28 15:00:29.408,4401.974609375
i1,2023-04-28 15:00:29.494,5885.8681640625
i1,2023-04-28 15:00:29.593,5885.8681640625
i1,2023-04-28 15:00:29.693,7255.8076171875
i1,2023-04-28 15:00:29.794,7255.8076171875
i1,2023-04-28 15:00:29.897,8720.8232421875
i1,2023-04-28 15:00:29.998,8720.8232421875
i1,2023-04-28 15:00:30.100,6843.91748046875
i1,2023-04-28 15:00:30.204,6843.91748046875
i1,2023-04-28 15:00:30.308,6843.91748046875
i1,2023-04-28 15:00:30.409,3087.03662109375
i1,2023-04-28 15:00:30.504,2278.54833984375
i1,2023-04-28 15:00:30.609,2278.54833984375
i1,2023-04-28 15:00:30.710,-0.4615478515625
i1,2023-04-28 15:00:30.812,-0.4615478515625
i1,2023-04-28 15:00:30.910,-2771.468505859375
i1,2023-04-28 15:00:31.010,-2771.468505859375
i1,2023-04-28 15:00:31.121,-5076.79150390625
i1,2023-04-28 15:00:31.218,-5076.79150390625
i1,2023-04-28 15:00:31.320,-6763.0439453125
i1,2023-04-28 15:00:31.422,-6763.0439453125
i1,2023-04-28 15:00:31.524,-8655.0751953125
i1,2023-04-28 15:00:31.626,-8655.0751953125
i1,2023-04-28 15:00:31.728,-9213.181640625
i1,2023-04-28 15:00:31.830,-9213.181640625
i1,2023-04-28 15:00:31.936,-8272.9228515625
i1,2023-04-28 15:00:32.034,-8272.9228515625
i1,2023-04-28 15:00:32.137,-5794.4208984375
i1,2023-04-28 15:00:32.237,-5794.4208984375
i1,2023-04-28 15:00:32.339,-2155.59326171875
i1,2023-04-28 15:00:32.442,-2155.59326171875
i1,2023-04-28 15:00:32.544,-2155.59326171875
i1,2023-04-28 15:00:32.646,1975.1875
i1,2023-04-28 15:00:32.748,5491.9248046875
i1,2023-04-28 15:00:32.850,5491.9248046875
i1,2023-04-28 15:00:32.951,8981.8369140625
i1,2023-04-28 15:00:33.053,8981.8369140625
i1,2023-04-28 15:00:33.155,12649.798828125
i1,2023-04-28 15:00:33.257,12649.798828125
i1,2023-04-28 15:00:33.359,12649.798828125
i1,2023-04-28 15:00:33.462,13480.5244140625
i1,2023-04-28 15:00:33.568,14440.724609375
i1,2023-04-28 15:00:33.668,14440.724609375
i1,2023-04-28 15:00:33.773,14343.9140625
i1,2023-04-28 15:00:33.873,14343.9140625
i1,2023-04-28 15:00:33.973,13246.6328125
i1,2023-04-28 15:00:34.075,13246.6328125
i1,2023-04-28 15:00:34.178,10997.943359375
i1,2023-04-28 15:00:34.281,10997.943359375
i1,2023-04-28 15:00:34.417,10997.943359375
i1,2023-04-28 15:00:34.485,8181.4013671875
i1,2023-04-28 15:00:34.587,6448.0986328125
i1,2023-04-28 15:00:34.689,6448.0986328125
i1,2023-04-28 15:00:34.793,4693.1455078125
i1,2023-04-28 15:00:34.891,4693.1455078125
i1,2023-04-28 15:00:34.996,3211.1357421875
i1,2023-04-28 15:00:35.097,3782.3330078125
i1,2023-04-28 15:00:35.200,3782.3330078125
i1,2023-04-28 15:00:35.305,3785.26953125
i1,2023-04-28 15:00:35.434,3785.26953125
i1,2023-04-28 15:00:35.506,3784.5302734375
i1,2023-04-28 15:00:35.604,3784.5302734375
i1,2023-04-28 15:00:35.708,3784.5302734375
i1,2023-04-28 15:00:35.808,3777.984375
i1,2023-04-28 15:00:35.910,3779.444580078125
i1,2023-04-28 15:00:36.012,3779.444580078125
i1,2023-04-28 15:00:36.116,3770.18310546875
i1,2023-04-28 15:00:36.218,3770.18310546875
i1,2023-04-28 15:00:36.317,3770.6455078125
i1,2023-04-28 15:00:36.421,3770.6455078125
i1,2023-04-28 15:00:36.522,3771.75341796875
i1,2023-04-28 15:00:36.623,3771.75341796875
i1,2023-04-28 15:00:36.727,3766.241455078125
i1,2023-04-28 15:00:36.829,3766.241455078125
i1,2023-04-28 15:00:36.930,3765.959228515625
i1,2023-04-28 15:00:37.034,3765.959228515625
i1,2023-04-28 15:00:37.137,3766.956787109375
i1,2023-04-28 15:00:37.240,3766.956787109375
i1,2023-04-28 15:00:37.342,3766.956787109375
i1,2023-04-28 15:00:37.444,3765.27294921875
i1,2023-04-28 15:00:37.548,3766.134521484375
i1,2023-04-28 15:00:37.644,3766.134521484375
i1,2023-04-28 15:00:37.751,3768.035888671875
i1,2023-04-28 15:00:37.848,3768.035888671875
i1,2023-04-28 15:00:37.950,3767.602783203125
i1,2023-04-28 15:00:38.053,3767.602783203125
i1,2023-04-28 15:00:38.156,3769.49365234375
i1,2023-04-28 15:00:38.260,3769.49365234375
i1,2023-04-28 15:00:38.359,3767.610595703125
i1,2023-04-28 15:00:38.461,3767.610595703125
i1,2023-04-28 15:00:38.562,3765.879638671875
i1,2023-04-28 15:00:38.664,3765.879638671875
i1,2023-04-28 15:00:38.767,3765.42822265625
i1,2023-04-28 15:00:38.872,3765.42822265625
i1,2023-04-28 15:00:38.976,3765.8984375
i1,2023-04-28 15:00:39.075,3765.8984375
i1,2023-04-28 15:00:39.176,3765.8984375
i1,2023-04-28 15:00:39.277,3762.7109375
i1,2023-04-28 15:00:39.384,3767.3505859375
i1,2023-04-28 15:00:39.485,3767.3505859375
i1,2023-04-28 15:00:39.586,2587.394775390625
i1,2023-04-28 15:00:39.686,2587.394775390625
i1,2023-04-28 15:00:39.790,2148.830078125
i1,2023-04-28 15:00:39.890,2148.830078125
i1,2023-04-28 15:00:39.990,625.5595092773438
i1,2023-04-28 15:00:40.092,625.5595092773438
i1,2023-04-28 15:00:40.195,-1065.2783203125
i1,2023-04-28 15:00:40.296,-1065.2783203125
i1,2023-04-28 15:00:40.398,-3150.62060546875
i1,2023-04-28 15:00:40.503,-3150.62060546875
i1,2023-04-28 15:00:40.600,-5317.5771484375
i1,2023-04-28 15:00:40.701,-5317.5771484375
i1,2023-04-28 15:00:40.805,-5845.07421875
i1,2023-04-28 15:00:40.911,-5845.07421875
i1,2023-04-28 15:00:41.010,-6085.36328125
i1,2023-04-28 15:00:41.115,-6284.7587890625
i1,2023-04-28 15:00:41.219,-6284.7587890625
i1,2023-04-28 15:00:41.317,-6284.7587890625
i1,2023-04-28 15:00:41.439,-4899.70263671875
i1,2023-04-28 15:00:41.526,-5155.56640625
i1,2023-04-28 15:00:41.624,-5155.56640625
i1,2023-04-28 15:00:41.726,-3673.599365234375
i1,2023-04-28 15:00:41.830,-3673.599365234375
i1,2023-04-28 15:00:41.932,-619.0736083984375
i1,2023-04-28 15:00:42.034,-619.0736083984375
i1,2023-04-28 15:00:42.136,-619.0736083984375
i1,2023-04-28 15:00:42.238,3863.433349609375
i1,2023-04-28 15:00:42.336,8419.6298828125
i1,2023-04-28 15:00:42.439,8419.6298828125
i1,2023-04-28 15:00:42.540,10842.52734375
i1,2023-04-28 15:00:42.642,10842.52734375
i1,2023-04-28 15:00:42.745,12747.2685546875
i1,2023-04-28 15:00:42.849,12747.2685546875
i1,2023-04-28 15:00:42.954,13650.927734375
i1,2023-04-28 15:00:43.050,13650.927734375
i1,2023-04-28 15:00:43.156,15254.21875
i1,2023-04-28 15:00:43.259,15254.21875
i1,2023-04-28 15:00:43.360,15254.21875
i1,2023-04-28 15:00:43.460,14553.15234375
i1,2023-04-28 15:00:43.559,15374.662109375
i1,2023-04-28 15:00:43.661,15374.662109375
i1,2023-04-28 15:00:43.763,14522.8720703125
i1,2023-04-28 15:00:43.865,14522.8720703125
i1,2023-04-28 15:00:43.968,12401.919921875
i1,2023-04-28 15:00:44.070,12401.919921875
i1,2023-04-28 15:00:44.175,10112.267578125
i1,2023-04-28 15:00:44.273,10112.267578125
i1,2023-04-28 15:00:44.375,8160.38232421875
i1,2023-04-28 15:00:44.478,8160.38232421875
i1,2023-04-28 15:00:44.579,6616.619140625
i1,2023-04-28 15:00:44.682,6616.619140625
i1,2023-04-28 15:00:44.786,5891.3125
i1,2023-04-28 15:00:44.895,5891.3125
i1,2023-04-28 15:00:44.988,5594.966796875
i1,2023-04-28 15:00:45.089,5594.966796875
i1,2023-04-28 15:00:45.192,5127.0927734375
i1,2023-04-28 15:00:45.295,5127.0927734375
i1,2023-04-28 15:00:45.397,4735.2099609375
i1,2023-04-28 15:00:45.498,4735.2099609375
i1,2023-04-28 15:00:45.603,3084.041748046875
i1,2023-04-28 15:00:45.703,3084.041748046875
i1,2023-04-28 15:00:45.806,3084.041748046875
i1,2023-04-28 15:00:45.901,2271.55029296875
i1,2023-04-28 15:00:46.006,3044.61865234375
i1,2023-04-28 15:00:46.108,3044.61865234375
i1,2023-04-28 15:00:46.212,4517.53955078125
i1,2023-04-28 15:00:46.312,4517.53955078125
i1,2023-04-28 15:00:46.414,4817.625
i1,2023-04-28 15:00:46.517,4817.625
i1,2023-04-28 15:00:46.619,5123.9111328125
i1,2023-04-28 15:00:46.720,5123.9111328125
i1,2023-04-28 15:00:46.828,5283.79296875
i1,2023-04-28 15:00:46.929,5283.79296875
i1,2023-04-28 15:00:47.027,5238.7138671875
i1,2023-04-28 15:00:47.131,5238.7138671875
i1,2023-04-28 15:00:47.235,5389.8525390625
i1,2023-04-28 15:00:47.337,6622.77197265625
i1,2023-04-28 15:00:47.464,6622.77197265625
i1,2023-04-28 15:00:47.538,7283.5673828125
i1,2023-04-28 15:00:47.639,7283.5673828125
i1,2023-04-28 15:00:47.745,5974.13623046875
i1,2023-04-28 15:00:47.847,5974.13623046875
i1,2023-04-28 15:00:47.950,3281.938720703125
i1,2023-04-28 15:00:48.046,3281.938720703125
i1,2023-04-28 15:00:48.150,3370.8828125
i1,2023-04-28 15:00:48.254,3370.8828125
i1,2023-04-28 15:00:48.353,4408.1796875
i1,2023-04-28 15:00:48.458,4408.1796875
i1,2023-04-28 15:00:48.556,4427.8857421875
i1,2023-04-28 15:00:48.664,4427.8857421875
i1,2023-04-28 15:00:48.765,4427.8857421875
i1,2023-04-28 15:00:48.863,4386.7587890625
i1,2023-04-28 15:00:48.966,4378.203125
i1,2023-04-28 15:00:49.069,4378.203125
i1,2023-04-28 15:00:49.176,4365.8173828125
i1,2023-04-28 15:00:49.273,4365.8173828125
i1,2023-04-28 15:00:49.373,4364.328125
i1,2023-04-28 15:00:49.476,4364.328125
i1,2023-04-28 15:00:49.582,4786.59521484375
i1,2023-04-28 15:00:49.680,4786.59521484375
i1,2023-04-28 15:00:49.787,5946.0048828125
i1,2023-04-28 15:00:49.889,5946.0048828125
i1,2023-04-28 15:00:49.988,5508.5078125
i1,2023-04-28 15:00:50.087,5508.5078125
i1,2023-04-28 15:00:50.190,4108.1875
i1,2023-04-28 15:00:50.297,4108.1875
i1,2023-04-28 15:00:50.399,4108.1875
i1,2023-04-28 15:00:50.502,3854.29541015625
i1,2023-04-28 15:00:50.602,3876.10986328125
i1,2023-04-28 15:00:50.700,3876.10986328125
i1,2023-04-28 15:00:50.797,3872.4091796875
i1,2023-04-28 15:00:50.901,3872.4091796875
i1,2023-04-28 15:00:51.004,3860.702880859375
i1,2023-04-28 15:00:51.103,3860.702880859375
i1,2023-04-28 15:00:51.205,3519.792236328125
i1,2023-04-28 15:00:51.308,3519.792236328125
i1,2023-04-28 15:00:51.412,2469.62353515625
i1,2023-04-28 15:00:51.513,2469.62353515625
i1,2023-04-28 15:00:51.615,1019.8102416992188
i1,2023-04-28 15:00:51.717,1019.8102416992188
i1,2023-04-28 15:00:51.818,-192.64764404296875
i1,2023-04-28 15:00:51.920,-192.64764404296875
i1,2023-04-28 15:00:52.025,117.79779052734375
i1,2023-04-28 15:00:52.128,117.79779052734375
i1,2023-04-28 15:00:52.227,395.19805908203125
i1,2023-04-28 15:00:52.330,395.19805908203125
i1,2023-04-28 15:00:52.433,395.19805908203125
i1,2023-04-28 15:00:52.535,1748.184814453125
i1,2023-04-28 15:00:52.636,1902.16796875
i1,2023-04-28 15:00:52.739,1902.16796875
i1,2023-04-28 15:00:52.842,2079.5224609375
i1,2023-04-28 15:00:52.944,2079.5224609375
i1,2023-04-28 15:00:53.046,2471.259521484375
i1,2023-04-28 15:00:53.148,2471.259521484375
i1,2023-04-28 15:00:53.248,3361.544677734375
i1,2023-04-28 15:00:53.350,3361.544677734375
i1,2023-04-28 15:00:53.477,3034.04736328125
i1,2023-04-28 15:00:53.553,3034.04736328125
i1,2023-04-28 15:00:53.655,4687.1630859375
i1,2023-04-28 15:00:53.757,5846.33642578125
i1,2023-04-28 15:00:53.862,5846.33642578125
i1,2023-04-28 15:00:53.967,6671.2216796875
i1,2023-04-28 15:00:54.067,6671.2216796875
i1,2023-04-28 15:00:54.167,6523.7646484375
i1,2023-04-28 15:00:54.270,6523.7646484375
i1,2023-04-28 15:00:54.371,6072.92236328125
i1,2023-04-28 15:00:54.474,6072.92236328125
i1,2023-04-28 15:00:54.575,4733.3623046875
i1,2023-04-28 15:00:54.678,4733.3623046875
i1,2023-04-28 15:00:54.780,5288.4619140625
i1,2023-04-28 15:00:54.881,5288.4619140625
i1,2023-04-28 15:00:54.984,6142.32421875
i1,2023-04-28 15:00:55.085,6142.32421875
i1,2023-04-28 15:00:55.187,8255.1787109375
i1,2023-04-28 15:00:55.290,8255.1787109375
i1,2023-04-28 15:00:55.392,8255.1787109375
i1,2023-04-28 15:00:55.493,7173.9150390625
i1,2023-04-28 15:00:55.595,5887.46142578125
i1,2023-04-28 15:00:55.700,5887.46142578125
i1,2023-04-28 15:00:55.798,3666.533203125
i1,2023-04-28 15:00:55.902,3666.533203125
i1,2023-04-28 15:00:56.006,1814.941650390625
i1,2023-04-28 15:00:56.105,1814.941650390625
i1,2023-04-28 15:00:56.208,320.2979736328125
i1,2023-04-28 15:00:56.312,320.2979736328125
i1,2023-04-28 15:00:56.413,-41.74359130859375
i1,2023-04-28 15:00:56.514,-41.74359130859375
i1,2023-04-28 15:00:56.615,-2416.458984375
i1,2023-04-28 15:00:56.720,-2416.458984375
i1,2023-04-28 15:00:56.822,-4897.10986328125
i1,2023-04-28 15:00:56.922,-4897.10986328125
i1,2023-04-28 15:00:57.024,-7254.3955078125
i1,2023-04-28 15:00:57.125,-7254.3955078125
i1,2023-04-28 15:00:57.227,-9902.783203125
i1,2023-04-28 15:00:57.332,-9902.783203125
i1,2023-04-28 15:00:57.436,-9902.783203125
i1,2023-04-28 15:00:57.534,-8733.2197265625
i1,2023-04-28 15:00:57.641,-8793.658203125
i1,2023-04-28 15:00:57.742,-8793.658203125
i1,2023-04-28 15:00:57.841,-7824.3974609375
i1,2023-04-28 15:00:57.944,-7824.3974609375
i1,2023-04-28 15:00:58.049,-6330.70703125
i1,2023-04-28 15:00:58.148,-6330.70703125
i1,2023-04-28 15:00:58.249,-3868.50927734375
i1,2023-04-28 15:00:58.353,-3868.50927734375
i1,2023-04-28 15:00:58.455,267.0369873046875
i1,2023-04-28 15:00:58.556,267.0369873046875
i1,2023-04-28 15:00:58.662,4423.44921875
i1,2023-04-28 15:00:58.763,4423.44921875
i1,2023-04-28 15:00:58.867,8007.81396484375
i1,2023-04-28 15:00:58.973,9653.19140625
i1,2023-04-28 15:00:59.067,9653.19140625
i1,2023-04-28 15:00:59.169,9653.19140625
i1,2023-04-28 15:00:59.271,10555.30078125
i1,2023-04-28 15:00:59.374,10161.7509765625
i1,2023-04-28 15:00:59.503,10161.7509765625
i1,2023-04-28 15:00:59.576,10265.779296875
i1,2023-04-28 15:00:59.678,10265.779296875
i1,2023-04-28 15:00:59.784,10111.69140625
i1,2023-04-28 15:00:59.881,10111.69140625
i1,2023-04-28 15:00:59.988,9077.4921875
i1,2023-04-28 15:01:00.084,9077.4921875
i1,2023-04-28 15:01:00.190,6604.3330078125
i1,2023-04-28 15:01:00.289,6604.3330078125
i1,2023-04-28 15:01:00.394,4128.55078125
i1,2023-04-28 15:01:00.498,4128.55078125
i1,2023-04-28 15:01:00.596,2776.5615234375
i1,2023-04-28 15:01:00.699,2776.5615234375
i1,2023-04-28 15:01:00.802,2781.679931640625
i1,2023-04-28 15:01:00.898,2781.679931640625
i1,2023-04-28 15:01:00.998,2781.68115234375
i1,2023-04-28 15:01:01.100,2781.68115234375
i1,2023-04-28 15:01:01.213,2780.21484375
i1,2023-04-28 15:01:01.308,2780.21484375
i1,2023-04-28 15:01:01.411,2777.7119140625
i1,2023-04-28 15:01:01.513,2777.7119140625
i1,2023-04-28 15:01:01.617,2777.3642578125
i1,2023-04-28 15:01:01.719,2777.3642578125
i1,2023-04-28 15:01:01.823,2776.264404296875
i1,2023-04-28 15:01:01.920,2776.264404296875
i1,2023-04-28 15:01:02.023,2776.264404296875
i1,2023-04-28 15:01:02.123,2776.3115234375
i1,2023-04-28 15:01:02.227,2776.994873046875
i1,2023-04-28 15:01:02.326,2776.994873046875
i1,2023-04-28 15:01:02.427,2776.994873046875
i1,2023-04-28 15:01:02.530,2319.22314453125
i1,2023-04-28 15:01:02.632,2022.4093017578125
i1,2023-04-28 15:01:02.733,2022.4093017578125
i1,2023-04-28 15:01:02.838,3209.43310546875
i1,2023-04-28 15:01:02.942,3209.43310546875
i1,2023-04-28 15:01:03.043,4124.3671875
i1,2023-04-28 15:01:03.141,4124.3671875
i1,2023-04-28 15:01:03.242,4098.98095703125
i1,2023-04-28 15:01:03.348,4098.98095703125
i1,2023-04-28 15:01:03.460,4026.427734375
i1,2023-04-28 15:01:03.550,4026.427734375
i1,2023-04-28 15:01:03.655,5881.5732421875
i1,2023-04-28 15:01:03.758,5881.5732421875
i1,2023-04-28 15:01:03.856,5843.41259765625
i1,2023-04-28 15:01:03.960,5843.41259765625
i1,2023-04-28 15:01:04.061,5802.71240234375
i1,2023-04-28 15:01:04.165,5802.71240234375
i1,2023-04-28 15:01:04.268,8537.5166015625
i1,2023-04-28 15:01:04.366,8537.5166015625
i1,2023-04-28 15:01:04.467,8237.8994140625
i1,2023-04-28 15:01:04.570,8237.8994140625
i1,2023-04-28 15:01:04.676,8205.865234375
i1,2023-04-28 15:01:04.776,8205.865234375
i1,2023-04-28 15:01:04.876,8027.4267578125
i1,2023-04-28 15:01:04.983,8027.4267578125
i1,2023-04-28 15:01:05.080,6613.86865234375
i1,2023-04-28 15:01:05.181,6613.86865234375
i1,2023-04-28 15:01:05.282,5315.15869140625
i1,2023-04-28 15:01:05.385,5315.15869140625
i1,2023-04-28 15:01:05.515,1908.3004150390625
i1,2023-04-28 15:01:05.587,1908.3004150390625
i1,2023-04-28 15:01:05.690,1999.680419921875
i1,2023-04-28 15:01:05.793,3393.564697265625
i1,2023-04-28 15:01:05.895,3393.564697265625
i1,2023-04-28 15:01:06.002,3340.5166015625
i1,2023-04-28 15:01:06.098,3340.5166015625
i1,2023-04-28 15:01:06.201,5168.3203125
i1,2023-04-28 15:01:06.305,5168.3203125
i1,2023-04-28 15:01:06.407,5168.3203125
i1,2023-04-28 15:01:06.509,2049.73388671875
i1,2023-04-28 15:01:06.617,564.2390747070312
i1,2023-04-28 15:01:06.717,564.2390747070312
i1,2023-04-28 15:01:06.816,393.34014892578125
i1,2023-04-28 15:01:06.913,393.34014892578125
i1,2023-04-28 15:01:07.019,1491.852783203125
i1,2023-04-28 15:01:07.120,1491.852783203125
i1,2023-04-28 15:01:07.223,2048.05029296875
i1,2023-04-28 15:01:07.321,2048.05029296875
i1,2023-04-28 15:01:07.424,3447.6298828125
i1,2023-04-28 15:01:07.531,3447.6298828125
i1,2023-04-28 15:01:07.632,1013.989990234375
i1,2023-04-28 15:01:07.736,1013.989990234375
i1,2023-04-28 15:01:07.833,695.5814819335938
i1,2023-04-28 15:01:07.936,695.5814819335938
i1,2023-04-28 15:01:08.042,-882.6130981445312
i1,2023-04-28 15:01:08.140,-882.6130981445312
i1,2023-04-28 15:01:08.242,1001.1777954101562
i1,2023-04-28 15:01:08.343,1001.1777954101562
i1,2023-04-28 15:01:08.446,1713.41259765625
i1,2023-04-28 15:01:08.551,1713.41259765625
i1,2023-04-28 15:01:08.653,1713.41259765625
i1,2023-04-28 15:01:08.758,3284.93798828125
i1,2023-04-28 15:01:08.858,3533.8388671875
i1,2023-04-28 15:01:08.960,3533.8388671875
i1,2023-04-28 15:01:09.058,4527.84619140625
i1,2023-04-28 15:01:09.164,4527.84619140625
i1,2023-04-28 15:01:09.266,3037.548095703125
i1,2023-04-28 15:01:09.370,3037.548095703125
i1,2023-04-28 15:01:09.471,3037.548095703125
i1,2023-04-28 15:01:09.569,4013.783203125
i1,2023-04-28 15:01:09.674,2778.458251953125
i1,2023-04-28 15:01:09.773,2778.458251953125
i1,2023-04-28 15:01:09.874,4180.4921875
i1,2023-04-28 15:01:09.976,4180.4921875
i1,2023-04-28 15:01:10.079,6018.5986328125
i1,2023-04-28 15:01:10.184,6018.5986328125
i1,2023-04-28 15:01:10.284,7489.2421875
i1,2023-04-28 15:01:10.387,7489.2421875
i1,2023-04-28 15:01:10.485,7489.2421875
i1,2023-04-28 15:01:10.589,6585.13037109375
i1,2023-04-28 15:01:10.690,6253.4443359375
i1,2023-04-28 15:01:10.790,6253.4443359375
i1,2023-04-28 15:01:10.900,4923.427734375
i1,2023-04-28 15:01:10.994,4923.427734375
i1,2023-04-28 15:01:11.095,3267.941162109375
i1,2023-04-28 15:01:11.201,3467.36328125
i1,2023-04-28 15:01:11.302,3467.36328125
i1,2023-04-28 15:01:11.400,3467.36328125
i1,2023-04-28 15:01:11.503,4155.76123046875
i1,2023-04-28 15:01:11.612,4125.591796875
i1,2023-04-28 15:01:11.712,4125.591796875
i1,2023-04-28 15:01:11.809,4125.591796875
i1,2023-04-28 15:01:11.907,4149.5869140625
i1,2023-04-28 15:01:12.017,4395.94580078125
i1,2023-04-28 15:01:12.113,4395.94580078125
i1,2023-04-28 15:01:12.221,6271.3291015625
i1,2023-04-28 15:01:12.316,6271.3291015625
i1,2023-04-28 15:01:12.424,5391.65283203125
i1,2023-04-28 15:01:12.525,5391.65283203125
i1,2023-04-28 15:01:12.628,5279.4599609375
i1,2023-04-28 15:01:12.727,5279.4599609375
i1,2023-04-28 15:01:12.829,5569.1796875
i1,2023-04-28 15:01:12.934,5569.1796875
i1,2023-04-28 15:01:13.032,3728.7236328125
i1,2023-04-28 15:01:13.134,3728.7236328125
i1,2023-04-28 15:01:13.237,3343.607177734375
i1,2023-04-28 15:01:13.338,3343.607177734375
i1,2023-04-28 15:01:13.440,3343.607177734375
i1,2023-04-28 15:01:13.546,3386.400146484375
i1,2023-04-28 15:01:13.643,2218.973876953125
i1,2023-04-28 15:01:13.745,2218.973876953125
i1,2023-04-28 15:01:13.847,2442.03125
i1,2023-04-28 15:01:13.949,2442.03125
i1,2023-04-28 15:01:14.052,3128.542236328125
i1,2023-04-28 15:01:14.153,3128.542236328125
i1,2023-04-28 15:01:14.255,6133.65673828125
i1,2023-04-28 15:01:14.357,6133.65673828125
i1,2023-04-28 15:01:14.464,8166.55859375
i1,2023-04-28 15:01:14.561,8166.55859375
i1,2023-04-28 15:01:14.663,9138.89453125
i1,2023-04-28 15:01:14.767,9138.89453125
i1,2023-04-28 15:01:14.867,9670.00390625
i1,2023-04-28 15:01:14.974,9670.00390625
i1,2023-04-28 15:01:15.071,7591.31494140625
i1,2023-04-28 15:01:15.176,7591.31494140625
i1,2023-04-28 15:01:15.275,7591.31494140625
i1,2023-04-28 15:01:15.379,4947.0078125
i1,2023-04-28 15:01:15.483,2794.68017578125
i1,2023-04-28 15:01:15.581,2794.68017578125
i1,2023-04-28 15:01:15.686,-816.7261962890625
i1,2023-04-28 15:01:15.790,-816.7261962890625
i1,2023-04-28 15:01:15.882,-4578.07470703125
i1,2023-04-28 15:01:15.984,-4578.07470703125
i1,2023-04-28 15:01:16.094,-8384.46484375
i1,2023-04-28 15:01:16.196,-8384.46484375
i1,2023-04-28 15:01:16.297,-9189.1630859375
i1,2023-04-28 15:01:16.399,-9189.1630859375
i1,2023-04-28 15:01:16.504,-9088.57421875
i1,2023-04-28 15:01:16.601,-9088.57421875
i1,2023-04-28 15:01:16.706,-7906.55810546875
i1,2023-04-28 15:01:16.804,-7906.55810546875
i1,2023-04-28 15:01:16.907,-6511.16845703125
i1,2023-04-28 15:01:17.008,-6511.16845703125
i1,2023-04-28 15:01:17.114,-5245.92822265625
i1,2023-04-28 15:01:17.213,-5245.92822265625
i1,2023-04-28 15:01:17.314,-2473.293701171875
i1,2023-04-28 15:01:17.417,1536.245849609375
i1,2023-04-28 15:01:17.548,1536.245849609375
i1,2023-04-28 15:01:17.621,1536.245849609375
i1,2023-04-28 15:01:17.722,6474.544921875
i1,2023-04-28 15:01:17.830,10390.3203125
i1,2023-04-28 15:01:17.926,10390.3203125
i1,2023-04-28 15:01:18.027,10390.3203125
i1,2023-04-28 15:01:18.133,12686.8974609375
i1,2023-04-28 15:01:18.232,14429.6650390625
i1,2023-04-28 15:01:18.334,14429.6650390625
i1,2023-04-28 15:01:18.435,14429.6650390625
i1,2023-04-28 15:01:18.547,16295.20703125
i1,2023-04-28 15:01:18.646,17928.431640625
i1,2023-04-28 15:01:18.743,17928.431640625
i1,2023-04-28 15:01:18.848,17869.65625
i1,2023-04-28 15:01:18.950,17869.65625
i1,2023-04-28 15:01:19.052,16826.23046875
i1,2023-04-28 15:01:19.155,16826.23046875
i1,2023-04-28 15:01:19.254,14514.685546875
i1,2023-04-28 15:01:19.355,14514.685546875
i1,2023-04-28 15:01:19.456,12041.8798828125
i1,2023-04-28 15:01:19.559,12041.8798828125
i1,2023-04-28 15:01:19.661,10086.4931640625
i1,2023-04-28 15:01:19.762,10086.4931640625
i1,2023-04-28 15:01:19.864,8402.966796875
i1,2023-04-28 15:01:19.966,8402.966796875
i1,2023-04-28 15:01:20.068,6834.54638671875
i1,2023-04-28 15:01:20.171,6834.54638671875
i1,2023-04-28 15:01:20.272,4095.51171875
i1,2023-04-28 15:01:20.374,4095.51171875
i1,2023-04-28 15:01:20.481,4095.51171875
i1,2023-04-28 15:01:20.578,2099.348388671875
i1,2023-04-28 15:01:20.679,1763.131591796875
i1,2023-04-28 15:01:20.782,1763.131591796875
i1,2023-04-28 15:01:20.884,1386.3544921875
i1,2023-04-28 15:01:20.988,1386.3544921875
i1,2023-04-28 15:01:21.090,1111.988037109375
i1,2023-04-28 15:01:21.185,1111.988037109375
i1,2023-04-28 15:01:21.290,1038.09033203125
i1,2023-04-28 15:01:21.391,1038.09033203125
i1,2023-04-28 15:01:21.494,954.908935546875
i1,2023-04-28 15:01:21.595,954.908935546875
i1,2023-04-28 15:01:21.697,950.6510620117188
i1,2023-04-28 15:01:21.798,950.6510620117188
i1,2023-04-28 15:01:21.900,876.33056640625
i1,2023-04-28 15:01:22.006,876.33056640625
i1,2023-04-28 15:01:22.112,1164.3631591796875
i1,2023-04-28 15:01:22.209,1164.3631591796875
i1,2023-04-28 15:01:22.314,2481.731201171875
i1,2023-04-28 15:01:22.412,2481.731201171875
i1,2023-04-28 15:01:22.514,2481.731201171875
i1,2023-04-28 15:01:22.616,2741.529052734375
i1,2023-04-28 15:01:22.718,3063.158203125
i1,2023-04-28 15:01:22.818,3063.158203125
i1,2023-04-28 15:01:22.923,3252.849853515625
i1,2023-04-28 15:01:23.024,3252.849853515625
i1,2023-04-28 15:01:23.126,3302.267578125
i1,2023-04-28 15:01:23.230,3302.267578125
i1,2023-04-28 15:01:23.329,3294.989990234375
i1,2023-04-28 15:01:23.436,3294.989990234375
i1,2023-04-28 15:01:23.562,3286.778564453125
i1,2023-04-28 15:01:23.639,3286.778564453125
i1,2023-04-28 15:01:23.741,3283.3662109375
i1,2023-04-28 15:01:23.841,3287.49267578125
i1,2023-04-28 15:01:23.944,3287.49267578125
i1,2023-04-28 15:01:24.049,3449.76904296875
i1,2023-04-28 15:01:24.144,3449.76904296875
i1,2023-04-28 15:01:24.250,3449.76904296875
i1,2023-04-28 15:01:24.351,3792.92919921875
i1,2023-04-28 15:01:24.455,4055.05126953125
i1,2023-04-28 15:01:24.560,4055.05126953125
i1,2023-04-28 15:01:24.660,4387.8759765625
i1,2023-04-28 15:01:24.757,4387.8759765625
i1,2023-04-28 15:01:24.863,4701.4716796875
i1,2023-04-28 15:01:24.966,4701.4716796875
i1,2023-04-28 15:01:25.068,5033.31591796875
i1,2023-04-28 15:01:25.170,5033.31591796875
i1,2023-04-28 15:01:25.269,5514.2890625
i1,2023-04-28 15:01:25.375,5514.2890625
i1,2023-04-28 15:01:25.474,5514.2890625
i1,2023-04-28 15:01:25.574,5754.80224609375
i1,2023-04-28 15:01:25.675,5942.87744140625
i1,2023-04-28 15:01:25.778,5942.87744140625
i1,2023-04-28 15:01:25.883,5820.98828125
i1,2023-04-28 15:01:25.982,5820.98828125
i1,2023-04-28 15:01:26.084,5576.7724609375
i1,2023-04-28 15:01:26.186,5576.7724609375
i1,2023-04-28 15:01:26.288,5308.021484375
i1,2023-04-28 15:01:26.389,5308.021484375
i1,2023-04-28 15:01:26.490,5038.68359375
i1,2023-04-28 15:01:26.596,5038.68359375
i1,2023-04-28 15:01:26.695,4758.76025390625
i1,2023-04-28 15:01:26.795,4758.76025390625
i1,2023-04-28 15:01:26.898,4461.6943359375
i1,2023-04-28 15:01:27.003,4461.6943359375
i1,2023-04-28 15:01:27.102,4169.62548828125
i1,2023-04-28 15:01:27.206,4169.62548828125
i1,2023-04-28 15:01:27.307,3705.596923828125
i1,2023-04-28 15:01:27.409,3705.596923828125
i1,2023-04-28 15:01:27.514,3673.34765625
i1,2023-04-28 15:01:27.615,3673.34765625
i1,2023-04-28 15:01:27.716,3681.8896484375
i1,2023-04-28 15:01:27.815,3681.8896484375
i1,2023-04-28 15:01:27.920,3681.8896484375
i1,2023-04-28 15:01:28.023,3677.490234375
i1,2023-04-28 15:01:28.124,3659.98388671875
i1,2023-04-28 15:01:28.226,3659.98388671875
i1,2023-04-28 15:01:28.332,3650.076171875
i1,2023-04-28 15:01:28.430,3650.076171875
i1,2023-04-28 15:01:28.528,3647.608154296875
i1,2023-04-28 15:01:28.632,3647.608154296875
i1,2023-04-28 15:01:28.733,3652.5849609375
i1,2023-04-28 15:01:28.834,3652.5849609375
i1,2023-04-28 15:01:28.936,3655.5654296875
i1,2023-04-28 15:01:29.040,3655.5654296875
i1,2023-04-28 15:01:29.142,3650.405517578125
i1,2023-04-28 15:01:29.243,3650.405517578125
i1,2023-04-28 15:01:29.347,3634.49560546875
i1,2023-04-28 15:01:29.448,3634.49560546875
i1,2023-04-28 15:01:29.551,3631.48046875
i1,2023-04-28 15:01:29.658,3622.194580078125
i1,2023-04-28 15:01:29.755,3622.194580078125
i1,2023-04-28 15:01:29.856,3622.194580078125
i1,2023-04-28 15:01:29.958,3630.7939453125
i1,2023-04-28 15:01:30.066,3633.22265625
i1,2023-04-28 15:01:30.165,3633.22265625
i1,2023-04-28 15:01:30.269,3639.493408203125
i1,2023-04-28 15:01:30.368,3639.493408203125
i1,2023-04-28 15:01:30.470,3633.719482421875
i1,2023-04-28 15:01:30.571,3633.719482421875
i1,2023-04-28 15:01:30.677,3632.19921875
i1,2023-04-28 15:01:30.775,3632.19921875
i1,2023-04-28 15:01:30.876,3632.19921875
i1,2023-04-28 15:01:30.975,3627.02978515625
i1,2023-04-28 15:01:31.080,3634.369873046875
i1,2023-04-28 15:01:31.180,3634.369873046875
i1,2023-04-28 15:01:31.278,3636.404296875
i1,2023-04-28 15:01:31.382,3636.404296875
i1,2023-04-28 15:01:31.485,3644.3388671875
i1,2023-04-28 15:01:31.588,3644.3388671875
i1,2023-04-28 15:01:31.690,3637.13671875
i1,2023-04-28 15:01:31.795,3637.13671875
i1,2023-04-28 15:01:31.893,3636.37158203125
i1,2023-04-28 15:01:31.996,3636.37158203125
i1,2023-04-28 15:01:32.100,3630.597412109375
i1,2023-04-28 15:01:32.199,3630.597412109375
i1,2023-04-28 15:01:32.300,3640.015625
i1,2023-04-28 15:01:32.407,3640.015625
i1,2023-04-28 15:01:32.510,3640.015625
i1,2023-04-28 15:01:32.612,3516.775146484375
i1,2023-04-28 15:01:32.712,3378.92138671875
i1,2023-04-28 15:01:32.816,3378.92138671875
i1,2023-04-28 15:01:32.914,3058.870361328125
i1,2023-04-28 15:01:33.017,3058.870361328125
i1,2023-04-28 15:01:33.117,2742.500244140625
i1,2023-04-28 15:01:33.220,2742.500244140625
i1,2023-04-28 15:01:33.321,2413.114990234375
i1,2023-04-28 15:01:33.426,2413.114990234375
i1,2023-04-28 15:01:33.528,2089.145263671875
i1,2023-04-28 15:01:33.631,2089.145263671875
i1,2023-04-28 15:01:33.729,1766.7689208984375
i1,2023-04-28 15:01:33.835,1766.7689208984375
i1,2023-04-28 15:01:33.934,1417.64892578125
i1,2023-04-28 15:01:34.040,1417.64892578125
i1,2023-04-28 15:01:34.142,1088.958740234375
i1,2023-04-28 15:01:34.244,1088.958740234375
i1,2023-04-28 15:01:34.344,897.5973510742188
i1,2023-04-28 15:01:34.446,897.5973510742188
i1,2023-04-28 15:01:34.551,897.5973510742188
i1,2023-04-28 15:01:34.654,1293.637451171875
i1,2023-04-28 15:01:34.752,1432.379638671875
i1,2023-04-28 15:01:34.853,1432.379638671875
i1,2023-04-28 15:01:34.957,1691.819091796875
i1,2023-04-28 15:01:35.058,1691.819091796875
i1,2023-04-28 15:01:35.160,1984.70263671875
i1,2023-04-28 15:01:35.262,1984.70263671875
i1,2023-04-28 15:01:35.364,2255.770263671875
i1,2023-04-28 15:01:35.466,2255.770263671875
i1,2023-04-28 15:01:35.601,2576.0859375
i1,2023-04-28 15:01:35.670,2576.0859375
i1,2023-04-28 15:01:35.772,2823.3740234375
i1,2023-04-28 15:01:35.877,3095.173828125
i1,2023-04-28 15:01:35.975,3095.173828125
i1,2023-04-28 15:01:36.078,3095.173828125
i1,2023-04-28 15:01:36.180,3209.26220703125
i1,2023-04-28 15:01:36.282,3213.72900390625
i1,2023-04-28 15:01:36.384,3213.72900390625
i1,2023-04-28 15:01:36.490,3223.8984375
i1,2023-04-28 15:01:36.599,3223.8984375
i1,2023-04-28 15:01:36.693,3233.380615234375
i1,2023-04-28 15:01:36.798,3233.380615234375
i1,2023-04-28 15:01:36.897,3231.92724609375
i1,2023-04-28 15:01:37.000,3231.92724609375
i1,2023-04-28 15:01:37.102,3235.58642578125
i1,2023-04-28 15:01:37.206,3235.58642578125
i1,2023-04-28 15:01:37.307,3246.030029296875
i1,2023-04-28 15:01:37.404,3246.030029296875
i1,2023-04-28 15:01:37.510,3246.030029296875
i1,2023-04-28 15:01:37.608,3322.664794921875
i1,2023-04-28 15:01:37.712,3443.337158203125
i1,2023-04-28 15:01:37.815,3443.337158203125
i1,2023-04-28 15:01:37.919,3869.239990234375
i1,2023-04-28 15:01:38.023,3869.239990234375
i1,2023-04-28 15:01:38.123,4287.8935546875
i1,2023-04-28 15:01:38.222,4287.8935546875
i1,2023-04-28 15:01:38.328,4795.78515625
i1,2023-04-28 15:01:38.427,4795.78515625
i1,2023-04-28 15:01:38.525,5286.271484375
i1,2023-04-28 15:01:38.634,5286.271484375
i1,2023-04-28 15:01:38.732,5884.8515625
i1,2023-04-28 15:01:38.835,5884.8515625
i1,2023-04-28 15:01:38.937,5929.11279296875
i1,2023-04-28 15:01:39.042,5929.11279296875
i1,2023-04-28 15:01:39.140,5967.5556640625
i1,2023-04-28 15:01:39.245,5967.5556640625
i1,2023-04-28 15:01:39.344,6130.5087890625
i1,2023-04-28 15:01:39.446,6130.5087890625
i1,2023-04-28 15:01:39.548,6130.5087890625
i1,2023-04-28 15:01:39.649,5729.44580078125
i1,2023-04-28 15:01:39.751,5499.1025390625
i1,2023-04-28 15:01:39.854,5499.1025390625
i1,2023-04-28 15:01:39.955,5111.9755859375
i1,2023-04-28 15:01:40.060,5111.9755859375
i1,2023-04-28 15:01:40.162,4641.5791015625
i1,2023-04-28 15:01:40.261,4641.5791015625
i1,2023-04-28 15:01:40.363,4169.021484375
i1,2023-04-28 15:01:40.465,4169.021484375
i1,2023-04-28 15:01:40.568,3607.331298828125
i1,2023-04-28 15:01:40.671,3607.331298828125
i1,2023-04-28 15:01:40.771,3597.324462890625
i1,2023-04-28 15:01:40.873,3597.324462890625
i1,2023-04-28 15:01:40.975,3604.57177734375
i1,2023-04-28 15:01:41.077,3604.57177734375
i1,2023-04-28 15:01:41.181,3609.68701171875
i1,2023-04-28 15:01:41.286,3609.68701171875
i1,2023-04-28 15:01:41.380,3609.818115234375
i1,2023-04-28 15:01:41.479,3609.818115234375
i1,2023-04-28 15:01:41.587,3611.74365234375
i1,2023-04-28 15:01:41.697,3220.14111328125
i1,2023-04-28 15:01:41.789,3220.14111328125
i1,2023-04-28 15:01:41.894,3220.14111328125
i1,2023-04-28 15:01:41.993,2680.18212890625
i1,2023-04-28 15:01:42.099,2226.68359375
i1,2023-04-28 15:01:42.201,2226.68359375
i1,2023-04-28 15:01:42.302,2226.68359375
i1,2023-04-28 15:01:42.403,1741.2066650390625
i1,2023-04-28 15:01:42.505,1308.4381103515625
i1,2023-04-28 15:01:42.608,1308.4381103515625
i1,2023-04-28 15:01:42.710,977.2333984375
i1,2023-04-28 15:01:42.811,977.2333984375
i1,2023-04-28 15:01:42.911,889.5592651367188
i1,2023-04-28 15:01:43.018,889.5592651367188
i1,2023-04-28 15:01:43.119,826.7754516601562
i1,2023-04-28 15:01:43.221,826.7754516601562
i1,2023-04-28 15:01:43.325,771.2402954101562
i1,2023-04-28 15:01:43.423,771.2402954101562
i1,2023-04-28 15:01:43.527,1118.739501953125
i1,2023-04-28 15:01:43.624,1118.739501953125
i1,2023-04-28 15:01:43.727,1576.01806640625
i1,2023-04-28 15:01:43.828,1576.01806640625
i1,2023-04-28 15:01:43.931,1998.8048095703125
i1,2023-04-28 15:01:44.033,1998.8048095703125
i1,2023-04-28 15:01:44.137,1998.8048095703125
i1,2023-04-28 15:01:44.236,2440.673828125
i1,2023-04-28 15:01:44.339,3283.741943359375
i1,2023-04-28 15:01:44.445,3283.741943359375
i1,2023-04-28 15:01:44.543,3283.741943359375
i1,2023-04-28 15:01:44.646,3295.9443359375
i1,2023-04-28 15:01:44.750,2745.3720703125
i1,2023-04-28 15:01:44.850,2745.3720703125
i1,2023-04-28 15:01:44.951,1697.695556640625
i1,2023-04-28 15:01:45.054,1697.695556640625
i1,2023-04-28 15:01:45.156,670.2947387695312
i1,2023-04-28 15:01:45.258,670.2947387695312
i1,2023-04-28 15:01:45.360,2431.2294921875
i1,2023-04-28 15:01:45.465,2431.2294921875
i1,2023-04-28 15:01:45.573,3973.77197265625
i1,2023-04-28 15:01:45.667,3973.77197265625
i1,2023-04-28 15:01:45.768,4773.86767578125
i1,2023-04-28 15:01:45.865,4773.86767578125
i1,2023-04-28 15:01:45.967,4789.9345703125
i1,2023-04-28 15:01:46.068,4789.9345703125
i1,2023-04-28 15:01:46.175,3568.698486328125
i1,2023-04-28 15:01:46.280,3568.698486328125
i1,2023-04-28 15:01:46.382,3602.8486328125
i1,2023-04-28 15:01:46.479,3602.8486328125
i1,2023-04-28 15:01:46.580,4098.24853515625
i1,2023-04-28 15:01:46.684,4098.24853515625
i1,2023-04-28 15:01:46.788,5179.580078125
i1,2023-04-28 15:01:46.887,5179.580078125
i1,2023-04-28 15:01:46.989,6189.0341796875
i1,2023-04-28 15:01:47.090,6189.0341796875
i1,2023-04-28 15:01:47.194,6189.0341796875
i1,2023-04-28 15:01:47.295,4436.806640625
i1,2023-04-28 15:01:47.400,2909.13427734375
i1,2023-04-28 15:01:47.502,2909.13427734375
i1,2023-04-28 15:01:47.639,2909.13427734375
i1,2023-04-28 15:01:47.706,2200.270751953125
i1,2023-04-28 15:01:47.809,2113.333984375
i1,2023-04-28 15:01:47.916,2850.263427734375
i1,2023-04-28 15:01:48.009,2850.263427734375
i1,2023-04-28 15:01:48.110,2850.263427734375
i1,2023-04-28 15:01:48.213,3093.732666015625
i1,2023-04-28 15:01:48.317,3164.941650390625
i1,2023-04-28 15:01:48.418,3164.941650390625
i1,2023-04-28 15:01:48.519,3164.941650390625
i1,2023-04-28 15:01:48.620,3164.941650390625
i1,2023-04-28 15:01:48.723,3164.021484375
i1,2023-04-28 15:01:48.825,3164.021484375
i1,2023-04-28 15:01:48.929,3162.56396484375
i1,2023-04-28 15:01:49.030,3162.56396484375
i1,2023-04-28 15:01:49.130,3158.927001953125
i1,2023-04-28 15:01:49.231,3158.927001953125
i1,2023-04-28 15:01:49.334,3154.142822265625
i1,2023-04-28 15:01:49.435,3154.142822265625
i1,2023-04-28 15:01:49.538,3155.07763671875
i1,2023-04-28 15:01:49.643,3155.07763671875
i1,2023-04-28 15:01:49.741,2622.804443359375
i1,2023-04-28 15:01:49.842,2622.804443359375
i1,2023-04-28 15:01:49.944,1865.999755859375
i1,2023-04-28 15:01:50.046,1865.999755859375
i1,2023-04-28 15:01:50.147,420.771240234375
i1,2023-04-28 15:01:50.253,420.771240234375
i1,2023-04-28 15:01:50.352,-1264.3204345703125
i1,2023-04-28 15:01:50.455,-1264.3204345703125
i1,2023-04-28 15:01:50.561,-2761.49755859375
i1,2023-04-28 15:01:50.658,-2761.49755859375
i1,2023-04-28 15:01:50.761,-2761.49755859375
i1,2023-04-28 15:01:50.863,-5205.1650390625
i1,2023-04-28 15:01:50.968,-6867.400390625
i1,2023-04-28 15:01:51.066,-6867.400390625
i1,2023-04-28 15:01:51.168,-7193.92529296875
i1,2023-04-28 15:01:51.271,-7193.92529296875
i1,2023-04-28 15:01:51.369,-7305.47900390625
i1,2023-04-28 15:01:51.471,-7305.47900390625
i1,2023-04-28 15:01:51.573,-7305.47900390625
i1,2023-04-28 15:01:51.677,-6452.546875
i1,2023-04-28 15:01:51.780,-6344.62890625
i1,2023-04-28 15:01:51.883,-6344.62890625
i1,2023-04-28 15:01:51.983,-5153.8349609375
i1,2023-04-28 15:01:52.084,-5153.8349609375
i1,2023-04-28 15:01:52.185,-3793.9814453125
i1,2023-04-28 15:01:52.288,-3793.9814453125
i1,2023-04-28 15:01:52.389,-2186.20947265625
i1,2023-04-28 15:01:52.493,-2186.20947265625
i1,2023-04-28 15:01:52.593,-2186.20947265625
i1,2023-04-28 15:01:52.696,133.63880920410156
i1,2023-04-28 15:01:52.799,1534.069580078125
i1,2023-04-28 15:01:52.900,1534.069580078125
i1,2023-04-28 15:01:53.002,1575.6903076171875
i1,2023-04-28 15:01:53.103,1575.6903076171875
i1,2023-04-28 15:01:53.205,1536.975341796875
i1,2023-04-28 15:01:53.310,1536.975341796875
i1,2023-04-28 15:01:53.413,1655.612060546875
i1,2023-04-28 15:01:53.515,1655.612060546875
i1,2023-04-28 15:01:53.616,1668.119140625
i1,2023-04-28 15:01:53.718,1668.119140625
i1,2023-04-28 15:01:53.822,1685.22607421875
i1,2023-04-28 15:01:53.924,1685.22607421875
i1,2023-04-28 15:01:54.021,1609.6365966796875
i1,2023-04-28 15:01:54.140,1496.982421875
i1,2023-04-28 15:01:54.230,1496.982421875
i1,2023-04-28 15:01:54.328,1496.982421875
i1,2023-04-28 15:01:54.434,1490.662109375
i1,2023-04-28 15:01:54.539,1466.1142578125
i1,2023-04-28 15:01:54.646,1466.1142578125
i1,2023-04-28 15:01:54.747,1523.1680908203125
i1,2023-04-28 15:01:54.839,1523.1680908203125
i1,2023-04-28 15:01:54.940,1459.197509765625
i1,2023-04-28 15:01:55.046,1459.197509765625
i1,2023-04-28 15:01:55.147,1314.5142822265625
i1,2023-04-28 15:01:55.246,1314.5142822265625
i1,2023-04-28 15:01:55.347,1254.68310546875
i1,2023-04-28 15:01:55.448,1254.68310546875
i1,2023-04-28 15:01:55.555,1254.68310546875
i1,2023-04-28 15:01:55.655,1197.00927734375
i1,2023-04-28 15:01:55.756,1140.6209716796875
i1,2023-04-28 15:01:55.861,1140.6209716796875
i1,2023-04-28 15:01:55.959,1173.051513671875
i1,2023-04-28 15:01:56.061,1173.051513671875
i1,2023-04-28 15:01:56.159,1171.100341796875
i1,2023-04-28 15:01:56.265,1171.100341796875
i1,2023-04-28 15:01:56.367,1169.03173828125
i1,2023-04-28 15:01:56.470,1169.03173828125
i1,2023-04-28 15:01:56.573,1166.3043212890625
i1,2023-04-28 15:01:56.676,1166.3043212890625
i1,2023-04-28 15:01:56.778,1165.0751953125
i1,2023-04-28 15:01:56.881,1165.0751953125
i1,2023-04-28 15:01:56.984,1163.385986328125
i1,2023-04-28 15:01:57.085,1163.385986328125
i1,2023-04-28 15:01:57.188,1160.732421875
i1,2023-04-28 15:01:57.293,1160.732421875
i1,2023-04-28 15:01:57.390,1160.732421875
i1,2023-04-28 15:01:57.492,1160.029541015625
i1,2023-04-28 15:01:57.599,1160.730224609375
i1,2023-04-28 15:01:57.695,1160.730224609375
i1,2023-04-28 15:01:57.796,1161.932373046875
i1,2023-04-28 15:01:57.900,1161.932373046875
i1,2023-04-28 15:01:58.001,1161.81298828125
i1,2023-04-28 15:01:58.103,1161.81298828125
i1,2023-04-28 15:01:58.205,1161.9337158203125
i1,2023-04-28 15:01:58.307,1161.9337158203125
i1,2023-04-28 15:01:58.411,1162.917236328125
i1,2023-04-28 15:01:58.513,1162.917236328125
i1,2023-04-28 15:01:58.613,1162.65771484375
i1,2023-04-28 15:01:58.716,1162.65771484375
i1,2023-04-28 15:01:58.817,1165.56298828125
i1,2023-04-28 15:01:58.919,1165.56298828125
i1,2023-04-28 15:01:59.023,1166.2828369140625
i1,2023-04-28 15:01:59.125,1166.2828369140625
i1,2023-04-28 15:01:59.229,1168.9990234375
i1,2023-04-28 15:01:59.329,1168.9990234375
i1,2023-04-28 15:01:59.429,1171.36328125
i1,2023-04-28 15:01:59.531,1171.36328125
i1,2023-04-28 15:01:59.636,1175.0462646484375
i1,2023-04-28 15:01:59.739,1175.0462646484375
i1,2023-04-28 15:01:59.839,1175.0462646484375
i1,2023-04-28 15:01:59.942,1179.348388671875
i1,2023-04-28 15:02:00.043,1181.5335693359375
i1,2023-04-28 15:02:00.146,1181.5335693359375
i1,2023-04-28 15:02:00.248,1183.712158203125
i1,2023-04-28 15:02:00.355,1186.6126708984375
i1,2023-04-28 15:02:00.456,1186.6126708984375
i1,2023-04-28 15:02:00.556,1186.6126708984375
i1,2023-04-28 15:02:00.658,1186.6126708984375
i1,2023-04-28 15:02:00.760,1186.734375
i1,2023-04-28 15:02:00.854,1186.734375
i1,2023-04-28 15:02:00.955,1186.734375
i1,2023-04-28 15:02:01.059,1183.820068359375
i1,2023-04-28 15:02:01.164,1181.6160888671875
i1,2023-04-28 15:02:01.264,1181.6160888671875
i1,2023-04-28 15:02:01.368,1178.765869140625
i1,2023-04-28 15:02:01.470,1178.765869140625
i1,2023-04-28 15:02:01.572,1175.831787109375
i1,2023-04-28 15:02:01.669,1175.831787109375
i1,2023-04-28 15:02:01.771,1175.935302734375
i1,2023-04-28 15:02:01.875,1175.935302734375
i1,2023-04-28 15:02:01.977,1175.836181640625
i1,2023-04-28 15:02:02.080,1175.836181640625
i1,2023-04-28 15:02:02.180,1175.2105712890625
i1,2023-04-28 15:02:02.281,1175.2105712890625
i1,2023-04-28 15:02:02.384,1341.808349609375
i1,2023-04-28 15:02:02.485,1341.808349609375
i1,2023-04-28 15:02:02.587,1341.808349609375
i1,2023-04-28 15:02:02.695,2579.087646484375
i1,2023-04-28 15:02:02.789,3176.21826171875
i1,2023-04-28 15:02:02.893,3176.21826171875
i1,2023-04-28 15:02:02.995,5254.990234375
i1,2023-04-28 15:02:03.100,5254.990234375
i1,2023-04-28 15:02:03.202,7557.9931640625
i1,2023-04-28 15:02:03.302,7557.9931640625
i1,2023-04-28 15:02:03.408,9559.6787109375
i1,2023-04-28 15:02:03.508,9559.6787109375
i1,2023-04-28 15:02:03.609,11398.0087890625
i1,2023-04-28 15:02:03.711,11398.0087890625
i1,2023-04-28 15:02:03.810,13124.931640625
i1,2023-04-28 15:02:03.912,13124.931640625
i1,2023-04-28 15:02:04.013,14918.306640625
i1,2023-04-28 15:02:04.118,14918.306640625
i1,2023-04-28 15:02:04.217,16510.84765625
i1,2023-04-28 15:02:04.322,16510.84765625
i1,2023-04-28 15:02:04.420,18242.533203125
i1,2023-04-28 15:02:04.522,18242.533203125
i1,2023-04-28 15:02:04.627,18242.533203125
i1,2023-04-28 15:02:04.727,18187.72265625
i1,2023-04-28 15:02:04.827,18009.548828125
i1,2023-04-28 15:02:04.933,18009.548828125
i1,2023-04-28 15:02:05.032,17442.69140625
i1,2023-04-28 15:02:05.137,17442.69140625
i1,2023-04-28 15:02:05.239,17203.576171875
i1,2023-04-28 15:02:05.336,17203.576171875
i1,2023-04-28 15:02:05.439,17131.62109375
i1,2023-04-28 15:02:05.542,17131.62109375
i1,2023-04-28 15:02:05.646,17131.62109375
i1,2023-04-28 15:02:05.750,17102.2421875
i1,2023-04-28 15:02:05.856,17103.271484375
i1,2023-04-28 15:02:05.950,17103.271484375
i1,2023-04-28 15:02:06.061,16319.5595703125
i1,2023-04-28 15:02:06.158,16319.5595703125
i1,2023-04-28 15:02:06.258,14980.4375
i1,2023-04-28 15:02:06.361,14980.4375
i1,2023-04-28 15:02:06.460,14980.4375
i1,2023-04-28 15:02:06.562,12160.1533203125
i1,2023-04-28 15:02:06.664,10164.8232421875
i1,2023-04-28 15:02:06.766,10164.8232421875
i1,2023-04-28 15:02:06.868,7700.140625
i1,2023-04-28 15:02:06.975,5258.69482421875
i1,2023-04-28 15:02:07.073,5258.69482421875
i1,2023-04-28 15:02:07.175,5258.69482421875
i1,2023-04-28 15:02:07.276,2802.39306640625
i1,2023-04-28 15:02:07.379,-863.8251953125
i1,2023-04-28 15:02:07.480,-863.8251953125
i1,2023-04-28 15:02:07.582,-863.8251953125
i1,2023-04-28 15:02:07.688,-2504.393798828125
i1,2023-04-28 15:02:07.785,-4029.96826171875
i1,2023-04-28 15:02:07.891,-4029.96826171875
i1,2023-04-28 15:02:07.993,-5501.3779296875
i1,2023-04-28 15:02:08.096,-5501.3779296875
i1,2023-04-28 15:02:08.194,-5847.97265625
i1,2023-04-28 15:02:08.299,-5847.97265625
i1,2023-04-28 15:02:08.401,-6211.67626953125
i1,2023-04-28 15:02:08.501,-6211.67626953125
i1,2023-04-28 15:02:08.603,-6615.087890625
i1,2023-04-28 15:02:08.705,-6615.087890625
i1,2023-04-28 15:02:08.806,-7133.8544921875
i1,2023-04-28 15:02:08.908,-7133.8544921875
i1,2023-04-28 15:02:09.012,-7838.07177734375
i1,2023-04-28 15:02:09.113,-7838.07177734375
i1,2023-04-28 15:02:09.215,-7639.55712890625
i1,2023-04-28 15:02:09.315,-7639.55712890625
i1,2023-04-28 15:02:09.421,-6728.17431640625
i1,2023-04-28 15:02:09.525,-6728.17431640625
i1,2023-04-28 15:02:09.622,-5620.35302734375
i1,2023-04-28 15:02:09.724,-5620.35302734375
i1,2023-04-28 15:02:09.828,-4535.2919921875
i1,2023-04-28 15:02:09.929,-4535.2919921875
i1,2023-04-28 15:02:10.029,-4535.2919921875
i1,2023-04-28 15:02:10.132,-3383.3037109375
i1,2023-04-28 15:02:10.233,-2191.43408203125
i1,2023-04-28 15:02:10.335,-2191.43408203125
i1,2023-04-28 15:02:10.440,-933.7047119140625
i1,2023-04-28 15:02:10.543,-933.7047119140625
i1,2023-04-28 15:02:10.646,530.810302734375
i1,2023-04-28 15:02:10.747,530.810302734375
i1,2023-04-28 15:02:10.846,2120.497314453125
i1,2023-04-28 15:02:10.950,2120.497314453125
i1,2023-04-28 15:02:11.049,3062.3896484375
i1,2023-04-28 15:02:11.150,3062.3896484375
i1,2023-04-28 15:02:11.254,3122.7138671875
i1,2023-04-28 15:02:11.352,3122.7138671875
i1,2023-04-28 15:02:11.459,3187.401611328125
i1,2023-04-28 15:02:11.560,3187.401611328125
i1,2023-04-28 15:02:11.661,3171.262939453125
i1,2023-04-28 15:02:11.757,3171.262939453125
i1,2023-04-28 15:02:11.858,2140.67626953125
i1,2023-04-28 15:02:11.963,2140.67626953125
i1,2023-04-28 15:02:12.070,1706.81982421875
i1,2023-04-28 15:02:12.172,1706.81982421875
i1,2023-04-28 15:02:12.270,1828.0753173828125
i1,2023-04-28 15:02:12.372,1828.0753173828125
i1,2023-04-28 15:02:12.475,1673.9669189453125
i1,2023-04-28 15:02:12.581,1673.9669189453125
i1,2023-04-28 15:02:12.679,1588.8519287109375
i1,2023-04-28 15:02:12.787,1379.9969482421875
i1,2023-04-28 15:02:12.887,1379.9969482421875
i1,2023-04-28 15:02:12.985,1379.9969482421875
i1,2023-04-28 15:02:13.091,1329.1246337890625
i1,2023-04-28 15:02:13.193,1167.131591796875
i1,2023-04-28 15:02:13.294,1167.131591796875
i1,2023-04-28 15:02:13.398,589.0811157226562
i1,2023-04-28 15:02:13.498,589.0811157226562
i1,2023-04-28 15:02:13.596,589.0811157226562
i1,2023-04-28 15:02:13.698,589.0811157226562
i1,2023-04-28 15:02:13.803,2264.400390625
i1,2023-04-28 15:02:13.902,2264.400390625
i1,2023-04-28 15:02:14.004,3510.9052734375
i1,2023-04-28 15:02:14.110,3510.9052734375
i1,2023-04-28 15:02:14.208,5477.49267578125
i1,2023-04-28 15:02:14.310,5477.49267578125
i1,2023-04-28 15:02:14.411,7589.9755859375
i1,2023-04-28 15:02:14.514,7589.9755859375
i1,2023-04-28 15:02:14.620,8852.4599609375
i1,2023-04-28 15:02:14.722,8852.4599609375
i1,2023-04-28 15:02:14.820,9158.65234375
i1,2023-04-28 15:02:14.922,9158.65234375
i1,2023-04-28 15:02:15.025,10202.00390625
i1,2023-04-28 15:02:15.130,10202.00390625
i1,2023-04-28 15:02:15.228,12813.28125
i1,2023-04-28 15:02:15.330,12813.28125
i1,2023-04-28 15:02:15.436,15647.056640625
i1,2023-04-28 15:02:15.539,15647.056640625
i1,2023-04-28 15:02:15.637,15647.056640625
i1,2023-04-28 15:02:15.741,16686.03515625
i1,2023-04-28 15:02:15.836,17095.958984375
i1,2023-04-28 15:02:15.935,17095.958984375
i1,2023-04-28 15:02:16.037,17100.01953125
i1,2023-04-28 15:02:16.143,17100.01953125
i1,2023-04-28 15:02:16.246,17109.119140625
i1,2023-04-28 15:02:16.351,17109.119140625
i1,2023-04-28 15:02:16.452,17448.75390625
i1,2023-04-28 15:02:16.551,17448.75390625
i1,2023-04-28 15:02:16.652,17372.046875
i1,2023-04-28 15:02:16.754,17372.046875
i1,2023-04-28 15:02:16.856,16549.12109375
i1,2023-04-28 15:02:16.958,16549.12109375
i1,2023-04-28 15:02:17.060,14048.3359375
i1,2023-04-28 15:02:17.162,14048.3359375
i1,2023-04-28 15:02:17.264,10955.23046875
i1,2023-04-28 15:02:17.367,10955.23046875
i1,2023-04-28 15:02:17.468,6581.7001953125
i1,2023-04-28 15:02:17.575,6581.7001953125
i1,2023-04-28 15:02:17.675,4191.10302734375
i1,2023-04-28 15:02:17.773,4191.10302734375
i1,2023-04-28 15:02:17.875,872.8517456054688
i1,2023-04-28 15:02:17.977,872.8517456054688
i1,2023-04-28 15:02:18.079,-2806.76123046875
i1,2023-04-28 15:02:18.182,-2806.76123046875
i1,2023-04-28 15:02:18.286,-5862.05859375
i1,2023-04-28 15:02:18.385,-5862.05859375
i1,2023-04-28 15:02:18.488,-6786.533203125
i1,2023-04-28 15:02:18.594,-6786.533203125
i1,2023-04-28 15:02:18.690,-6661.34521484375
i1,2023-04-28 15:02:18.796,-6661.34521484375
i1,2023-04-28 15:02:18.898,-5654.111328125
i1,2023-04-28 15:02:19.005,-2758.045166015625
i1,2023-04-28 15:02:19.102,-2758.045166015625
i1,2023-04-28 15:02:19.204,-2758.045166015625
i1,2023-04-28 15:02:19.306,748.9861450195312
i1,2023-04-28 15:02:19.407,3938.3408203125
i1,2023-04-28 15:02:19.509,3938.3408203125
i1,2023-04-28 15:02:19.616,7437.8701171875
i1,2023-04-28 15:02:19.724,7437.8701171875
i1,2023-04-28 15:02:19.814,10992.7158203125
i1,2023-04-28 15:02:19.917,10992.7158203125
i1,2023-04-28 15:02:20.022,14473.310546875
i1,2023-04-28 15:02:20.124,14473.310546875
i1,2023-04-28 15:02:20.225,17190.109375
i1,2023-04-28 15:02:20.324,17190.109375
i1,2023-04-28 15:02:20.426,17131.02734375
i1,2023-04-28 15:02:20.527,17131.02734375
i1,2023-04-28 15:02:20.629,17131.02734375
i1,2023-04-28 15:02:20.735,16183.3818359375
i1,2023-04-28 15:02:20.833,15445.798828125
i1,2023-04-28 15:02:20.937,15445.798828125
i1,2023-04-28 15:02:21.037,12692.8447265625
i1,2023-04-28 15:02:21.140,12692.8447265625
i1,2023-04-28 15:02:21.245,9601.048828125
i1,2023-04-28 15:02:21.348,9601.048828125
i1,2023-04-28 15:02:21.453,6083.06005859375
i1,2023-04-28 15:02:21.552,6083.06005859375
i1,2023-04-28 15:02:21.653,2897.876953125
i1,2023-04-28 15:02:21.754,2897.876953125
i1,2023-04-28 15:02:21.857,-607.6724853515625
i1,2023-04-28 15:02:21.949,-607.6724853515625
i1,2023-04-28 15:02:22.058,-4035.71435546875
i1,2023-04-28 15:02:22.160,-4035.71435546875
i1,2023-04-28 15:02:22.259,-6178.494140625
i1,2023-04-28 15:02:22.361,-6178.494140625
i1,2023-04-28 15:02:22.467,-9023.4248046875
i1,2023-04-28 15:02:22.576,-9023.4248046875
i1,2023-04-28 15:02:22.672,-10260.740234375
i1,2023-04-28 15:02:22.771,-10260.740234375
i1,2023-04-28 15:02:22.871,-11055.6103515625
i1,2023-04-28 15:02:22.974,-11055.6103515625
i1,2023-04-28 15:02:23.075,-10300.3828125
i1,2023-04-28 15:02:23.178,-10300.3828125
i1,2023-04-28 15:02:23.284,-9101.1220703125
i1,2023-04-28 15:02:23.382,-9101.1220703125
i1,2023-04-28 15:02:23.485,-7665.9072265625
i1,2023-04-28 15:02:23.590,-7665.9072265625
i1,2023-04-28 15:02:23.698,-7665.9072265625
i1,2023-04-28 15:02:23.794,-5906.916015625
i1,2023-04-28 15:02:23.897,-4966.0078125
i1,2023-04-28 15:02:23.997,-4966.0078125
i1,2023-04-28 15:02:24.096,-3596.07373046875
i1,2023-04-28 15:02:24.197,-3596.07373046875
i1,2023-04-28 15:02:24.300,-1992.8465576171875
i1,2023-04-28 15:02:24.405,-1992.8465576171875
i1,2023-04-28 15:02:24.504,-356.18743896484375
i1,2023-04-28 15:02:24.606,-356.18743896484375
i1,2023-04-28 15:02:24.708,-356.18743896484375
i1,2023-04-28 15:02:24.812,890.7179565429688
i1,2023-04-28 15:02:24.915,1351.1484375
i1,2023-04-28 15:02:25.013,1351.1484375
