id,timestamp,MaxxTurn45_Power_Active_C
i1,2023-04-28 17:00:12.777,681.167236328125
i1,2023-04-28 17:00:12.878,681.167236328125
i1,2023-04-28 17:00:12.980,707.0070190429688
i1,2023-04-28 17:00:13.081,707.0070190429688
i1,2023-04-28 17:00:13.203,684.631103515625
i1,2023-04-28 17:00:13.293,705.61865234375
i1,2023-04-28 17:00:13.388,705.61865234375
i1,2023-04-28 17:00:13.493,700.6909790039062
i1,2023-04-28 17:00:13.592,700.6909790039062
i1,2023-04-28 17:00:13.697,649.1696166992188
i1,2023-04-28 17:00:13.795,649.1696166992188
i1,2023-04-28 17:00:13.915,564.9431762695312
i1,2023-04-28 17:00:14.005,564.9431762695312
i1,2023-04-28 17:00:14.104,560.9107055664062
i1,2023-04-28 17:00:14.202,560.9107055664062
i1,2023-04-28 17:00:14.308,588.2399291992188
i1,2023-04-28 17:00:14.409,588.2399291992188
i1,2023-04-28 17:00:14.508,822.709228515625
i1,2023-04-28 17:00:14.614,822.709228515625
i1,2023-04-28 17:00:14.712,1430.0556640625
i1,2023-04-28 17:00:14.813,1430.0556640625
i1,2023-04-28 17:00:14.915,2142.701171875
i1,2023-04-28 17:00:15.018,2142.701171875
i1,2023-04-28 17:00:15.122,2142.701171875
i1,2023-04-28 17:00:15.229,2822.1962890625
i1,2023-04-28 17:00:15.327,3201.717529296875
i1,2023-04-28 17:00:15.426,3201.717529296875
i1,2023-04-28 17:00:15.531,3672.574462890625
i1,2023-04-28 17:00:15.633,3672.574462890625
i1,2023-04-28 17:00:15.738,4184.46728515625
i1,2023-04-28 17:00:15.828,4184.46728515625
i1,2023-04-28 17:00:15.932,4564.220703125
i1,2023-04-28 17:00:16.031,4564.220703125
i1,2023-04-28 17:00:16.154,4659.83056640625
i1,2023-04-28 17:00:16.245,4659.83056640625
i1,2023-04-28 17:00:16.345,4479.95361328125
i1,2023-04-28 17:00:16.445,4479.95361328125
i1,2023-04-28 17:00:16.545,3960.291015625
i1,2023-04-28 17:00:16.650,3960.291015625
i1,2023-04-28 17:00:16.750,3440.18017578125
i1,2023-04-28 17:00:16.856,3440.18017578125
i1,2023-04-28 17:00:16.968,2716.20068359375
i1,2023-04-28 17:00:17.061,2716.20068359375
i1,2023-04-28 17:00:17.159,2462.965576171875
i1,2023-04-28 17:00:17.265,2462.965576171875
i1,2023-04-28 17:00:17.364,2076.85498046875
i1,2023-04-28 17:00:17.465,2076.85498046875
i1,2023-04-28 17:00:17.566,1653.22607421875
i1,2023-04-28 17:00:17.667,1653.22607421875
i1,2023-04-28 17:00:17.770,985.4732055664062
i1,2023-04-28 17:00:17.871,985.4732055664062
i1,2023-04-28 17:00:17.973,549.7279052734375
i1,2023-04-28 17:00:18.094,197.99171447753906
i1,2023-04-28 17:00:18.178,197.99171447753906
i1,2023-04-28 17:00:18.281,197.99171447753906
i1,2023-04-28 17:00:18.387,-221.89883422851562
i1,2023-04-28 17:00:18.488,-221.89883422851562
i1,2023-04-28 17:00:18.589,-624.6513061523438
i1,2023-04-28 17:00:18.692,-624.6513061523438
i1,2023-04-28 17:00:18.794,-1117.6053466796875
i1,2023-04-28 17:00:18.901,-1678.2119140625
i1,2023-04-28 17:00:19.000,-1678.2119140625
i1,2023-04-28 17:00:19.107,-2011.1356201171875
i1,2023-04-28 17:00:19.214,-2011.1356201171875
i1,2023-04-28 17:00:19.317,-2074.304931640625
i1,2023-04-28 17:00:19.408,-2074.304931640625
i1,2023-04-28 17:00:19.516,-1697.0797119140625
i1,2023-04-28 17:00:19.614,-1697.0797119140625
i1,2023-04-28 17:00:19.717,-986.0805053710938
i1,2023-04-28 17:00:19.818,-986.0805053710938
i1,2023-04-28 17:00:19.917,-123.20563507080078
i1,2023-04-28 17:00:20.020,-123.20563507080078
i1,2023-04-28 17:00:20.122,-123.20563507080078
i1,2023-04-28 17:00:20.229,1188.8985595703125
i1,2023-04-28 17:00:20.316,1816.244873046875
i1,2023-04-28 17:00:20.431,1816.244873046875
i1,2023-04-28 17:00:20.530,2747.218505859375
i1,2023-04-28 17:00:20.630,2747.218505859375
i1,2023-04-28 17:00:20.730,3525.41552734375
i1,2023-04-28 17:00:20.838,3525.41552734375
i1,2023-04-28 17:00:20.938,3890.995849609375
i1,2023-04-28 17:00:21.038,3890.995849609375
i1,2023-04-28 17:00:21.140,4015.193115234375
i1,2023-04-28 17:00:21.248,4015.193115234375
i1,2023-04-28 17:00:21.344,3941.3798828125
i1,2023-04-28 17:00:21.445,3941.3798828125
i1,2023-04-28 17:00:21.546,3559.827880859375
i1,2023-04-28 17:00:21.647,3559.827880859375
i1,2023-04-28 17:00:21.752,3030.339111328125
i1,2023-04-28 17:00:21.854,3030.339111328125
i1,2023-04-28 17:00:21.961,2210.807861328125
i1,2023-04-28 17:00:22.059,2210.807861328125
i1,2023-04-28 17:00:22.158,1946.561279296875
i1,2023-04-28 17:00:22.266,1946.561279296875
i1,2023-04-28 17:00:22.366,1479.1085205078125
i1,2023-04-28 17:00:22.468,1479.1085205078125
i1,2023-04-28 17:00:22.565,1224.6634521484375
i1,2023-04-28 17:00:22.668,1224.6634521484375
i1,2023-04-28 17:00:22.776,1208.507568359375
i1,2023-04-28 17:00:22.873,1208.507568359375
i1,2023-04-28 17:00:22.974,1261.0128173828125
i1,2023-04-28 17:00:23.078,1261.0128173828125
i1,2023-04-28 17:00:23.179,1261.0128173828125
i1,2023-04-28 17:00:23.283,1317.062255859375
i1,2023-04-28 17:00:23.387,1203.5709228515625
i1,2023-04-28 17:00:23.485,1203.5709228515625
i1,2023-04-28 17:00:23.598,919.506103515625
i1,2023-04-28 17:00:23.691,919.506103515625
i1,2023-04-28 17:00:23.795,488.6971435546875
i1,2023-04-28 17:00:23.897,488.6971435546875
i1,2023-04-28 17:00:23.999,206.42752075195312
i1,2023-04-28 17:00:24.100,206.42752075195312
i1,2023-04-28 17:00:24.214,206.42752075195312
i1,2023-04-28 17:00:24.298,895.60498046875
i1,2023-04-28 17:00:24.400,1067.5411376953125
i1,2023-04-28 17:00:24.501,1067.5411376953125
i1,2023-04-28 17:00:24.604,1459.918701171875
i1,2023-04-28 17:00:24.723,1736.8404541015625
i1,2023-04-28 17:00:24.811,1736.8404541015625
i1,2023-04-28 17:00:24.917,1736.8404541015625
i1,2023-04-28 17:00:25.019,2096.466064453125
i1,2023-04-28 17:00:25.120,2191.62939453125
i1,2023-04-28 17:00:25.229,2191.62939453125
i1,2023-04-28 17:00:25.324,2455.115966796875
i1,2023-04-28 17:00:25.421,2455.115966796875
i1,2023-04-28 17:00:25.525,2854.33154296875
i1,2023-04-28 17:00:25.625,2854.33154296875
i1,2023-04-28 17:00:25.736,3092.636474609375
i1,2023-04-28 17:00:25.830,3092.636474609375
i1,2023-04-28 17:00:25.948,2488.22021484375
i1,2023-04-28 17:00:26.038,2488.22021484375
i1,2023-04-28 17:00:26.139,2080.572265625
i1,2023-04-28 17:00:26.248,2080.572265625
i1,2023-04-28 17:00:26.345,1683.1844482421875
i1,2023-04-28 17:00:26.446,1683.1844482421875
i1,2023-04-28 17:00:26.545,1516.9725341796875
i1,2023-04-28 17:00:26.651,1516.9725341796875
i1,2023-04-28 17:00:26.752,912.6028442382812
i1,2023-04-28 17:00:26.850,912.6028442382812
i1,2023-04-28 17:00:26.952,542.0953979492188
i1,2023-04-28 17:00:27.067,542.0953979492188
i1,2023-04-28 17:00:27.155,542.0953979492188
i1,2023-04-28 17:00:27.260,855.889404296875
i1,2023-04-28 17:00:27.364,1004.3689575195312
i1,2023-04-28 17:00:27.464,1004.3689575195312
i1,2023-04-28 17:00:27.566,978.6920776367188
i1,2023-04-28 17:00:27.666,978.6920776367188
i1,2023-04-28 17:00:27.769,638.178955078125
i1,2023-04-28 17:00:27.870,638.178955078125
i1,2023-04-28 17:00:27.974,463.637451171875
i1,2023-04-28 17:00:28.072,463.637451171875
i1,2023-04-28 17:00:28.182,463.637451171875
i1,2023-04-28 17:00:28.281,486.3996276855469
i1,2023-04-28 17:00:28.382,421.38360595703125
i1,2023-04-28 17:00:28.484,421.38360595703125
i1,2023-04-28 17:00:28.583,920.8082275390625
i1,2023-04-28 17:00:28.679,920.8082275390625
i1,2023-04-28 17:00:28.789,1247.9998779296875
i1,2023-04-28 17:00:28.895,1247.9998779296875
i1,2023-04-28 17:00:28.998,1188.5185546875
i1,2023-04-28 17:00:29.099,1188.5185546875
i1,2023-04-28 17:00:29.199,1235.76806640625
i1,2023-04-28 17:00:29.301,1235.76806640625
i1,2023-04-28 17:00:29.400,1225.5595703125
i1,2023-04-28 17:00:29.505,1225.5595703125
i1,2023-04-28 17:00:29.606,1579.1822509765625
i1,2023-04-28 17:00:29.707,1579.1822509765625
i1,2023-04-28 17:00:29.809,1900.045166015625
i1,2023-04-28 17:00:29.910,1900.045166015625
i1,2023-04-28 17:00:30.016,1977.5108642578125
i1,2023-04-28 17:00:30.118,1977.5108642578125
i1,2023-04-28 17:00:30.215,1550.5726318359375
i1,2023-04-28 17:00:30.319,1550.5726318359375
i1,2023-04-28 17:00:30.422,904.9562377929688
i1,2023-04-28 17:00:30.513,904.9562377929688
i1,2023-04-28 17:00:30.622,557.4476318359375
i1,2023-04-28 17:00:30.723,557.4476318359375
i1,2023-04-28 17:00:30.820,-73.9675064086914
i1,2023-04-28 17:00:30.920,-73.9675064086914
i1,2023-04-28 17:00:31.023,-642.6917724609375
i1,2023-04-28 17:00:31.131,-642.6917724609375
i1,2023-04-28 17:00:31.250,-1217.2696533203125
i1,2023-04-28 17:00:31.346,-1637.2655029296875
i1,2023-04-28 17:00:31.437,-1637.2655029296875
i1,2023-04-28 17:00:31.546,-1986.4947509765625
i1,2023-04-28 17:00:31.644,-1986.4947509765625
i1,2023-04-28 17:00:31.745,-1996.7208251953125
i1,2023-04-28 17:00:31.845,-1996.7208251953125
i1,2023-04-28 17:00:31.954,-1680.950927734375
i1,2023-04-28 17:00:32.050,-1680.950927734375
i1,2023-04-28 17:00:32.153,-1020.8003540039062
i1,2023-04-28 17:00:32.257,-1020.8003540039062
i1,2023-04-28 17:00:32.357,-60.03571701049805
i1,2023-04-28 17:00:32.463,-60.03571701049805
i1,2023-04-28 17:00:32.562,936.7963256835938
i1,2023-04-28 17:00:32.663,936.7963256835938
i1,2023-04-28 17:00:32.762,1753.080078125
i1,2023-04-28 17:00:32.867,1753.080078125
i1,2023-04-28 17:00:32.966,3031.44189453125
i1,2023-04-28 17:00:33.069,3031.44189453125
i1,2023-04-28 17:00:33.170,3395.948486328125
i1,2023-04-28 17:00:33.287,3395.948486328125
i1,2023-04-28 17:00:33.376,3739.7841796875
i1,2023-04-28 17:00:33.479,3739.7841796875
i1,2023-04-28 17:00:33.583,3693.8388671875
i1,2023-04-28 17:00:33.681,3693.8388671875
i1,2023-04-28 17:00:33.787,3674.390869140625
i1,2023-04-28 17:00:33.886,3674.390869140625
i1,2023-04-28 17:00:33.991,3332.303955078125
i1,2023-04-28 17:00:34.087,3332.303955078125
i1,2023-04-28 17:00:34.193,2772.3671875
i1,2023-04-28 17:00:34.296,2772.3671875
i1,2023-04-28 17:00:34.401,2184.426513671875
i1,2023-04-28 17:00:34.498,2184.426513671875
i1,2023-04-28 17:00:34.599,1735.80224609375
i1,2023-04-28 17:00:34.702,1735.80224609375
i1,2023-04-28 17:00:34.803,1327.6357421875
i1,2023-04-28 17:00:34.907,1327.6357421875
i1,2023-04-28 17:00:35.008,1118.7576904296875
i1,2023-04-28 17:00:35.110,1118.7576904296875
i1,2023-04-28 17:00:35.213,1201.943359375
i1,2023-04-28 17:00:35.317,1201.943359375
i1,2023-04-28 17:00:35.413,1199.08447265625
i1,2023-04-28 17:00:35.518,1199.08447265625
i1,2023-04-28 17:00:35.619,1195.943603515625
i1,2023-04-28 17:00:35.717,1195.943603515625
i1,2023-04-28 17:00:35.821,1194.1484375
i1,2023-04-28 17:00:35.922,1194.1484375
i1,2023-04-28 17:00:36.024,1192.8028564453125
i1,2023-04-28 17:00:36.128,1192.8028564453125
i1,2023-04-28 17:00:36.226,1192.8028564453125
i1,2023-04-28 17:00:36.331,1193.44189453125
i1,2023-04-28 17:00:36.436,1193.375244140625
i1,2023-04-28 17:00:36.533,1193.375244140625
i1,2023-04-28 17:00:36.635,1187.5906982421875
i1,2023-04-28 17:00:36.751,1189.765869140625
i1,2023-04-28 17:00:36.842,1189.765869140625
i1,2023-04-28 17:00:36.947,1189.765869140625
i1,2023-04-28 17:00:37.048,1188.9278564453125
i1,2023-04-28 17:00:37.157,1193.044189453125
i1,2023-04-28 17:00:37.264,1193.044189453125
i1,2023-04-28 17:00:37.362,1210.98046875
i1,2023-04-28 17:00:37.458,1210.98046875
i1,2023-04-28 17:00:37.563,1282.34033203125
i1,2023-04-28 17:00:37.658,1282.34033203125
i1,2023-04-28 17:00:37.769,1366.4417724609375
i1,2023-04-28 17:00:37.872,1366.4417724609375
i1,2023-04-28 17:00:37.966,1463.6275634765625
i1,2023-04-28 17:00:38.066,1463.6275634765625
i1,2023-04-28 17:00:38.174,1525.489501953125
i1,2023-04-28 17:00:38.286,1525.489501953125
i1,2023-04-28 17:00:38.374,1529.8392333984375
i1,2023-04-28 17:00:38.480,1529.8392333984375
i1,2023-04-28 17:00:38.579,1522.8017578125
i1,2023-04-28 17:00:38.685,1522.8017578125
i1,2023-04-28 17:00:38.784,1524.8533935546875
i1,2023-04-28 17:00:38.885,1524.8533935546875
i1,2023-04-28 17:00:38.986,1516.5289306640625
i1,2023-04-28 17:00:39.090,1516.5289306640625
i1,2023-04-28 17:00:39.190,1516.5289306640625
i1,2023-04-28 17:00:39.300,1476.6331787109375
i1,2023-04-28 17:00:39.402,1401.12744140625
i1,2023-04-28 17:00:39.499,1401.12744140625
i1,2023-04-28 17:00:39.605,1003.0477905273438
i1,2023-04-28 17:00:39.696,1003.0477905273438
i1,2023-04-28 17:00:39.803,788.6067504882812
i1,2023-04-28 17:00:39.904,788.6067504882812
i1,2023-04-28 17:00:40.008,343.66925048828125
i1,2023-04-28 17:00:40.109,343.66925048828125
i1,2023-04-28 17:00:40.208,343.66925048828125
i1,2023-04-28 17:00:40.314,-306.61798095703125
i1,2023-04-28 17:00:40.419,-684.810302734375
i1,2023-04-28 17:00:40.520,-684.810302734375
i1,2023-04-28 17:00:40.609,-1108.43896484375
i1,2023-04-28 17:00:40.712,-1108.43896484375
i1,2023-04-28 17:00:40.820,-1191.9080810546875
i1,2023-04-28 17:00:40.924,-1191.9080810546875
i1,2023-04-28 17:00:41.026,-1448.93701171875
i1,2023-04-28 17:00:41.126,-1448.93701171875
i1,2023-04-28 17:00:41.228,-1318.306884765625
i1,2023-04-28 17:00:41.330,-1318.306884765625
i1,2023-04-28 17:00:41.433,-1030.8023681640625
i1,2023-04-28 17:00:41.534,-1030.8023681640625
i1,2023-04-28 17:00:41.641,-942.3963012695312
i1,2023-04-28 17:00:41.740,-942.3963012695312
i1,2023-04-28 17:00:41.841,-543.0005493164062
i1,2023-04-28 17:00:41.944,-543.0005493164062
i1,2023-04-28 17:00:42.046,595.9349365234375
i1,2023-04-28 17:00:42.149,595.9349365234375
i1,2023-04-28 17:00:42.246,1442.332763671875
i1,2023-04-28 17:00:42.349,1442.332763671875
i1,2023-04-28 17:00:42.452,2452.751953125
i1,2023-04-28 17:00:42.552,2452.751953125
i1,2023-04-28 17:00:42.657,2952.770751953125
i1,2023-04-28 17:00:42.756,2952.770751953125
i1,2023-04-28 17:00:42.863,3404.07568359375
i1,2023-04-28 17:00:42.972,3607.18896484375
i1,2023-04-28 17:00:43.064,3607.18896484375
i1,2023-04-28 17:00:43.165,3607.18896484375
i1,2023-04-28 17:00:43.288,3627.25439453125
i1,2023-04-28 17:00:43.378,3889.188720703125
i1,2023-04-28 17:00:43.474,3889.188720703125
i1,2023-04-28 17:00:43.581,3915.643798828125
i1,2023-04-28 17:00:43.676,3915.643798828125
i1,2023-04-28 17:00:43.784,3621.29638671875
i1,2023-04-28 17:00:43.878,3621.29638671875
i1,2023-04-28 17:00:43.986,3095.3349609375
i1,2023-04-28 17:00:44.084,3095.3349609375
i1,2023-04-28 17:00:44.193,2532.95947265625
i1,2023-04-28 17:00:44.296,2532.95947265625
i1,2023-04-28 17:00:44.402,2138.3759765625
i1,2023-04-28 17:00:44.494,2138.3759765625
i1,2023-04-28 17:00:44.596,1748.32275390625
i1,2023-04-28 17:00:44.699,1748.32275390625
i1,2023-04-28 17:00:44.799,1658.551025390625
i1,2023-04-28 17:00:44.902,1658.551025390625
i1,2023-04-28 17:00:45.002,1562.3612060546875
i1,2023-04-28 17:00:45.107,1562.3612060546875
i1,2023-04-28 17:00:45.206,1516.080810546875
i1,2023-04-28 17:00:45.325,1516.080810546875
i1,2023-04-28 17:00:45.414,1322.8150634765625
i1,2023-04-28 17:00:45.524,1322.8150634765625
i1,2023-04-28 17:00:45.618,921.8987426757812
i1,2023-04-28 17:00:45.721,921.8987426757812
i1,2023-04-28 17:00:45.823,818.1339721679688
i1,2023-04-28 17:00:45.914,818.1339721679688
i1,2023-04-28 17:00:46.018,1116.2669677734375
i1,2023-04-28 17:00:46.127,1116.2669677734375
i1,2023-04-28 17:00:46.226,1377.842041015625
i1,2023-04-28 17:00:46.331,1377.842041015625
i1,2023-04-28 17:00:46.433,1449.048828125
i1,2023-04-28 17:00:46.537,1449.048828125
i1,2023-04-28 17:00:46.641,1523.0933837890625
i1,2023-04-28 17:00:46.743,1523.0933837890625
i1,2023-04-28 17:00:46.837,1537.452392578125
i1,2023-04-28 17:00:46.946,1537.452392578125
i1,2023-04-28 17:00:47.054,1522.6444091796875
i1,2023-04-28 17:00:47.147,1522.6444091796875
i1,2023-04-28 17:00:47.250,1620.9361572265625
i1,2023-04-28 17:00:47.347,1620.9361572265625
i1,2023-04-28 17:00:47.449,1935.1578369140625
i1,2023-04-28 17:00:47.553,1935.1578369140625
i1,2023-04-28 17:00:47.653,1994.7423095703125
i1,2023-04-28 17:00:47.756,1994.7423095703125
i1,2023-04-28 17:00:47.861,1544.220703125
i1,2023-04-28 17:00:47.962,1544.220703125
i1,2023-04-28 17:00:48.059,1007.3585205078125
i1,2023-04-28 17:00:48.175,1117.8857421875
i1,2023-04-28 17:00:48.264,1117.8857421875
i1,2023-04-28 17:00:48.367,1117.8857421875
i1,2023-04-28 17:00:48.468,1325.236083984375
i1,2023-04-28 17:00:48.568,1325.236083984375
i1,2023-04-28 17:00:48.677,1315.704833984375
i1,2023-04-28 17:00:48.778,1315.704833984375
i1,2023-04-28 17:00:48.879,1313.515869140625
i1,2023-04-28 17:00:48.982,1313.515869140625
i1,2023-04-28 17:00:49.080,1302.78271484375
i1,2023-04-28 17:00:49.191,1305.240234375
i1,2023-04-28 17:00:49.286,1305.240234375
i1,2023-04-28 17:00:49.403,1299.867431640625
i1,2023-04-28 17:00:49.491,1299.867431640625
i1,2023-04-28 17:00:49.598,1444.4969482421875
i1,2023-04-28 17:00:49.692,1444.4969482421875
i1,2023-04-28 17:00:49.803,1697.9771728515625
i1,2023-04-28 17:00:49.905,1697.9771728515625
i1,2023-04-28 17:00:50.005,1502.195068359375
i1,2023-04-28 17:00:50.097,1502.195068359375
i1,2023-04-28 17:00:50.203,1502.195068359375
i1,2023-04-28 17:00:50.315,1204.1458740234375
i1,2023-04-28 17:00:50.411,1179.90283203125
i1,2023-04-28 17:00:50.523,1179.90283203125
i1,2023-04-28 17:00:50.615,1177.3831787109375
i1,2023-04-28 17:00:50.709,1177.3831787109375
i1,2023-04-28 17:00:50.805,1187.1556396484375
i1,2023-04-28 17:00:50.907,1187.1556396484375
i1,2023-04-28 17:00:51.012,1165.2864990234375
i1,2023-04-28 17:00:51.116,1165.2864990234375
i1,2023-04-28 17:00:51.214,1090.6044921875
i1,2023-04-28 17:00:51.335,1090.6044921875
i1,2023-04-28 17:00:51.422,790.1712646484375
i1,2023-04-28 17:00:51.527,790.1712646484375
i1,2023-04-28 17:00:51.628,431.16552734375
i1,2023-04-28 17:00:51.733,431.16552734375
i1,2023-04-28 17:00:51.833,338.25732421875
i1,2023-04-28 17:00:51.935,338.25732421875
i1,2023-04-28 17:00:52.041,453.1796875
i1,2023-04-28 17:00:52.138,453.1796875
i1,2023-04-28 17:00:52.241,453.1796875
i1,2023-04-28 17:00:52.349,869.5142822265625
i1,2023-04-28 17:00:52.451,947.78125
i1,2023-04-28 17:00:52.551,947.78125
i1,2023-04-28 17:00:52.652,1102.6048583984375
i1,2023-04-28 17:00:52.755,1102.6048583984375
i1,2023-04-28 17:00:52.851,1140.7486572265625
i1,2023-04-28 17:00:52.956,1140.7486572265625
i1,2023-04-28 17:00:53.056,1232.2962646484375
i1,2023-04-28 17:00:53.158,1232.2962646484375
i1,2023-04-28 17:00:53.260,1232.2962646484375
i1,2023-04-28 17:00:53.364,1203.39501953125
i1,2023-04-28 17:00:53.464,1431.99267578125
i1,2023-04-28 17:00:53.567,1431.99267578125
i1,2023-04-28 17:00:53.667,1699.90380859375
i1,2023-04-28 17:00:53.776,1699.90380859375
i1,2023-04-28 17:00:53.871,1934.605712890625
i1,2023-04-28 17:00:53.974,1934.605712890625
i1,2023-04-28 17:00:54.083,1883.0830078125
i1,2023-04-28 17:00:54.179,1883.0830078125
i1,2023-04-28 17:00:54.282,1850.4991455078125
i1,2023-04-28 17:00:54.385,1850.4991455078125
i1,2023-04-28 17:00:54.489,1679.5662841796875
i1,2023-04-28 17:00:54.587,1679.5662841796875
i1,2023-04-28 17:00:54.692,1318.7567138671875
i1,2023-04-28 17:00:54.805,1606.0501708984375
i1,2023-04-28 17:00:54.894,1606.0501708984375
i1,2023-04-28 17:00:54.999,1606.0501708984375
i1,2023-04-28 17:00:55.105,2100.80810546875
i1,2023-04-28 17:00:55.207,2100.80810546875
i1,2023-04-28 17:00:55.321,2100.80810546875
i1,2023-04-28 17:00:55.415,1995.9044189453125
i1,2023-04-28 17:00:55.508,1995.9044189453125
i1,2023-04-28 17:00:55.610,1995.9044189453125
i1,2023-04-28 17:00:55.712,1580.5970458984375
i1,2023-04-28 17:00:55.818,1062.2431640625
i1,2023-04-28 17:00:55.913,1062.2431640625
i1,2023-04-28 17:00:56.023,614.2282104492188
i1,2023-04-28 17:00:56.124,614.2282104492188
i1,2023-04-28 17:00:56.226,297.92877197265625
i1,2023-04-28 17:00:56.336,297.92877197265625
i1,2023-04-28 17:00:56.431,210.11758422851562
i1,2023-04-28 17:00:56.529,210.11758422851562
i1,2023-04-28 17:00:56.628,-485.2028503417969
i1,2023-04-28 17:00:56.734,-485.2028503417969
i1,2023-04-28 17:00:56.835,-1089.1263427734375
i1,2023-04-28 17:00:56.939,-1089.1263427734375
i1,2023-04-28 17:00:57.040,-1842.6673583984375
i1,2023-04-28 17:00:57.142,-1842.6673583984375
i1,2023-04-28 17:00:57.240,-1842.6673583984375
i1,2023-04-28 17:00:57.348,-1858.0167236328125
i1,2023-04-28 17:00:57.447,-2079.16796875
i1,2023-04-28 17:00:57.551,-2079.16796875
i1,2023-04-28 17:00:57.650,-1821.6417236328125
i1,2023-04-28 17:00:57.750,-1821.6417236328125
i1,2023-04-28 17:00:57.852,-1539.757080078125
i1,2023-04-28 17:00:57.955,-1539.757080078125
i1,2023-04-28 17:00:58.058,-1169.4766845703125
i1,2023-04-28 17:00:58.159,-1169.4766845703125
i1,2023-04-28 17:00:58.271,-396.44140625
i1,2023-04-28 17:00:58.367,-396.44140625
i1,2023-04-28 17:00:58.467,564.9882202148438
i1,2023-04-28 17:00:58.566,564.9882202148438
i1,2023-04-28 17:00:58.668,1654.1319580078125
i1,2023-04-28 17:00:58.774,1654.1319580078125
i1,2023-04-28 17:00:58.875,2323.2353515625
i1,2023-04-28 17:00:58.978,2323.2353515625
i1,2023-04-28 17:00:59.077,2816.81396484375
i1,2023-04-28 17:00:59.184,2816.81396484375
i1,2023-04-28 17:00:59.285,2728.169921875
i1,2023-04-28 17:00:59.387,2728.169921875
i1,2023-04-28 17:00:59.491,2715.447998046875
i1,2023-04-28 17:00:59.592,2715.447998046875
i1,2023-04-28 17:00:59.690,2741.47314453125
i1,2023-04-28 17:00:59.790,2741.47314453125
i1,2023-04-28 17:00:59.892,2679.097900390625
i1,2023-04-28 17:00:59.996,2679.097900390625
i1,2023-04-28 17:01:00.097,2312.909912109375
i1,2023-04-28 17:01:00.208,2312.909912109375
i1,2023-04-28 17:01:00.303,1734.5899658203125
i1,2023-04-28 17:01:00.407,1734.5899658203125
i1,2023-04-28 17:01:00.507,1111.7437744140625
i1,2023-04-28 17:01:00.608,1111.7437744140625
i1,2023-04-28 17:01:00.712,957.9486083984375
i1,2023-04-28 17:01:00.812,957.9486083984375
i1,2023-04-28 17:01:00.907,959.3018798828125
i1,2023-04-28 17:01:01.006,959.3018798828125
i1,2023-04-28 17:01:01.112,959.3020629882812
i1,2023-04-28 17:01:01.224,960.9916381835938
i1,2023-04-28 17:01:01.318,960.9916381835938
i1,2023-04-28 17:01:01.439,963.2310180664062
i1,2023-04-28 17:01:01.525,963.2310180664062
i1,2023-04-28 17:01:01.635,961.4398803710938
i1,2023-04-28 17:01:01.732,961.4398803710938
i1,2023-04-28 17:01:01.836,963.2310180664062
i1,2023-04-28 17:01:01.932,963.2310180664062
i1,2023-04-28 17:01:02.039,960.5431518554688
i1,2023-04-28 17:01:02.138,960.5431518554688
i1,2023-04-28 17:01:02.237,960.5431518554688
i1,2023-04-28 17:01:02.348,961.5374755859375
i1,2023-04-28 17:01:02.445,961.8864135742188
i1,2023-04-28 17:01:02.553,961.8864135742188
i1,2023-04-28 17:01:02.652,820.7623291015625
i1,2023-04-28 17:01:02.755,820.7623291015625
i1,2023-04-28 17:01:02.852,1133.9251708984375
i1,2023-04-28 17:01:02.957,1133.9251708984375
i1,2023-04-28 17:01:03.060,1290.730224609375
i1,2023-04-28 17:01:03.160,1290.730224609375
i1,2023-04-28 17:01:03.261,1230.2479248046875
i1,2023-04-28 17:01:03.374,1230.2479248046875
i1,2023-04-28 17:01:03.468,1364.760986328125
i1,2023-04-28 17:01:03.566,1364.760986328125
i1,2023-04-28 17:01:03.670,1712.0394287109375
i1,2023-04-28 17:01:03.771,1712.0394287109375
i1,2023-04-28 17:01:03.873,1652.0555419921875
i1,2023-04-28 17:01:03.973,1652.0555419921875
i1,2023-04-28 17:01:04.073,1874.5211181640625
i1,2023-04-28 17:01:04.176,1874.5211181640625
i1,2023-04-28 17:01:04.279,2219.42919921875
i1,2023-04-28 17:01:04.384,2219.42919921875
i1,2023-04-28 17:01:04.489,2206.224365234375
i1,2023-04-28 17:01:04.585,2206.224365234375
i1,2023-04-28 17:01:04.691,2312.462646484375
i1,2023-04-28 17:01:04.792,2312.462646484375
i1,2023-04-28 17:01:04.892,2144.177978515625
i1,2023-04-28 17:01:04.994,2144.177978515625
i1,2023-04-28 17:01:05.090,1896.011474609375
i1,2023-04-28 17:01:05.195,1896.011474609375
i1,2023-04-28 17:01:05.296,1896.011474609375
i1,2023-04-28 17:01:05.400,1213.252685546875
i1,2023-04-28 17:01:05.502,795.2022094726562
i1,2023-04-28 17:01:05.606,795.2022094726562
i1,2023-04-28 17:01:05.706,1048.303466796875
i1,2023-04-28 17:01:05.812,1048.303466796875
i1,2023-04-28 17:01:05.913,1365.5777587890625
i1,2023-04-28 17:01:06.012,1365.5777587890625
i1,2023-04-28 17:01:06.113,1445.455810546875
i1,2023-04-28 17:01:06.217,1445.455810546875
i1,2023-04-28 17:01:06.318,1445.455810546875
i1,2023-04-28 17:01:06.422,1667.5340576171875
i1,2023-04-28 17:01:06.524,1139.2548828125
i1,2023-04-28 17:01:06.622,1139.2548828125
i1,2023-04-28 17:01:06.731,778.4444580078125
i1,2023-04-28 17:01:06.833,778.4444580078125
i1,2023-04-28 17:01:06.933,838.88134765625
i1,2023-04-28 17:01:07.032,838.88134765625
i1,2023-04-28 17:01:07.135,1177.28759765625
i1,2023-04-28 17:01:07.240,1190.327392578125
i1,2023-04-28 17:01:07.349,1190.327392578125
i1,2023-04-28 17:01:07.439,1190.327392578125
i1,2023-04-28 17:01:07.545,1315.3719482421875
i1,2023-04-28 17:01:07.650,561.1659545898438
i1,2023-04-28 17:01:07.747,561.1659545898438
i1,2023-04-28 17:01:07.850,429.6449890136719
i1,2023-04-28 17:01:07.948,429.6449890136719
i1,2023-04-28 17:01:08.056,268.740234375
i1,2023-04-28 17:01:08.152,268.740234375
i1,2023-04-28 17:01:08.260,449.80535888671875
i1,2023-04-28 17:01:08.366,449.80535888671875
i1,2023-04-28 17:01:08.463,816.2820434570312
i1,2023-04-28 17:01:08.564,816.2820434570312
i1,2023-04-28 17:01:08.666,1053.7308349609375
i1,2023-04-28 17:01:08.765,1053.7308349609375
i1,2023-04-28 17:01:08.870,1258.9222412109375
i1,2023-04-28 17:01:08.975,1258.9222412109375
i1,2023-04-28 17:01:09.070,1312.23583984375
i1,2023-04-28 17:01:09.177,1312.23583984375
i1,2023-04-28 17:01:09.275,1312.23583984375
i1,2023-04-28 17:01:09.385,981.8934326171875
i1,2023-04-28 17:01:09.481,1244.65283203125
i1,2023-04-28 17:01:09.582,1244.65283203125
i1,2023-04-28 17:01:09.684,1008.4606323242188
i1,2023-04-28 17:01:09.782,1008.4606323242188
i1,2023-04-28 17:01:09.886,1415.3929443359375
i1,2023-04-28 17:01:09.988,1415.3929443359375
i1,2023-04-28 17:01:10.095,1823.440673828125
i1,2023-04-28 17:01:10.195,1823.440673828125
i1,2023-04-28 17:01:10.306,1823.440673828125
i1,2023-04-28 17:01:10.398,1969.3568115234375
i1,2023-04-28 17:01:10.501,2034.68017578125
i1,2023-04-28 17:01:10.602,2034.68017578125
i1,2023-04-28 17:01:10.705,1748.0889892578125
i1,2023-04-28 17:01:10.801,1748.0889892578125
i1,2023-04-28 17:01:10.909,1373.6541748046875
i1,2023-04-28 17:01:11.006,1373.6541748046875
i1,2023-04-28 17:01:11.106,1027.884765625
i1,2023-04-28 17:01:11.205,1027.884765625
i1,2023-04-28 17:01:11.315,1206.0040283203125
i1,2023-04-28 17:01:11.420,1206.0040283203125
i1,2023-04-28 17:01:11.518,1316.661865234375
i1,2023-04-28 17:01:11.622,1316.661865234375
i1,2023-04-28 17:01:11.720,1307.2391357421875
i1,2023-04-28 17:01:11.822,1307.2391357421875
i1,2023-04-28 17:01:11.921,1314.86767578125
i1,2023-04-28 17:01:12.027,1314.86767578125
i1,2023-04-28 17:01:12.129,1578.946533203125
i1,2023-04-28 17:01:12.237,1578.946533203125
i1,2023-04-28 17:01:12.331,1611.9144287109375
i1,2023-04-28 17:01:12.436,1611.9144287109375
i1,2023-04-28 17:01:12.537,1574.540771484375
i1,2023-04-28 17:01:12.636,1574.540771484375
i1,2023-04-28 17:01:12.742,1641.23095703125
i1,2023-04-28 17:01:12.840,1641.23095703125
i1,2023-04-28 17:01:12.947,1622.6876220703125
i1,2023-04-28 17:01:13.052,1134.7462158203125
i1,2023-04-28 17:01:13.148,1134.7462158203125
i1,2023-04-28 17:01:13.248,1134.7462158203125
i1,2023-04-28 17:01:13.361,1134.7462158203125
i1,2023-04-28 17:01:13.474,919.7178344726562
i1,2023-04-28 17:01:13.559,919.7178344726562
i1,2023-04-28 17:01:13.668,911.2633056640625
i1,2023-04-28 17:01:13.763,911.2633056640625
i1,2023-04-28 17:01:13.866,878.4677734375
i1,2023-04-28 17:01:13.962,878.4677734375
i1,2023-04-28 17:01:14.072,1249.5135498046875
i1,2023-04-28 17:01:14.169,1249.5135498046875
i1,2023-04-28 17:01:14.274,1970.43310546875
i1,2023-04-28 17:01:14.383,1970.43310546875
i1,2023-04-28 17:01:14.481,2334.1572265625
i1,2023-04-28 17:01:14.585,2334.1572265625
i1,2023-04-28 17:01:14.680,2584.6357421875
i1,2023-04-28 17:01:14.782,2584.6357421875
i1,2023-04-28 17:01:14.885,2556.37451171875
i1,2023-04-28 17:01:14.989,2556.37451171875
i1,2023-04-28 17:01:15.089,2017.31591796875
i1,2023-04-28 17:01:15.194,2017.31591796875
i1,2023-04-28 17:01:15.289,1525.9385986328125
i1,2023-04-28 17:01:15.412,1525.9385986328125
i1,2023-04-28 17:01:15.497,758.6011352539062
i1,2023-04-28 17:01:15.599,758.6011352539062
i1,2023-04-28 17:01:15.704,-94.06429290771484
i1,2023-04-28 17:01:15.804,-94.06429290771484
i1,2023-04-28 17:01:15.896,-1058.5283203125
i1,2023-04-28 17:01:16.000,-1058.5283203125
i1,2023-04-28 17:01:16.108,-1846.0343017578125
i1,2023-04-28 17:01:16.207,-1846.0343017578125
i1,2023-04-28 17:01:16.311,-1991.220703125
i1,2023-04-28 17:01:16.415,-1991.220703125
i1,2023-04-28 17:01:16.530,-1875.8226318359375
i1,2023-04-28 17:01:16.616,-1875.8226318359375
i1,2023-04-28 17:01:16.720,-1449.49951171875
i1,2023-04-28 17:01:16.823,-1449.49951171875
i1,2023-04-28 17:01:16.922,-1082.0023193359375
i1,2023-04-28 17:01:17.025,-1082.0023193359375
i1,2023-04-28 17:01:17.128,-605.3807373046875
i1,2023-04-28 17:01:17.227,-605.3807373046875
i1,2023-04-28 17:01:17.327,194.8358154296875
i1,2023-04-28 17:01:17.430,194.8358154296875
i1,2023-04-28 17:01:17.529,1306.7926025390625
i1,2023-04-28 17:01:17.635,1306.7926025390625
i1,2023-04-28 17:01:17.734,2381.126708984375
i1,2023-04-28 17:01:17.836,2381.126708984375
i1,2023-04-28 17:01:17.939,3316.344970703125
i1,2023-04-28 17:01:18.042,3316.344970703125
i1,2023-04-28 17:01:18.142,3765.55517578125
i1,2023-04-28 17:01:18.246,3765.55517578125
i1,2023-04-28 17:01:18.346,3765.55517578125
i1,2023-04-28 17:01:18.447,4235.6396484375
i1,2023-04-28 17:01:18.550,4528.6162109375
i1,2023-04-28 17:01:18.656,4528.6162109375
i1,2023-04-28 17:01:18.760,4744.5888671875
i1,2023-04-28 17:01:18.855,4744.5888671875
i1,2023-04-28 17:01:18.959,4662.5625
i1,2023-04-28 17:01:19.058,4662.5625
i1,2023-04-28 17:01:19.161,4233.25732421875
i1,2023-04-28 17:01:19.263,4233.25732421875
i1,2023-04-28 17:01:19.365,3657.10986328125
i1,2023-04-28 17:01:19.475,3657.10986328125
i1,2023-04-28 17:01:19.570,3099.36572265625
i1,2023-04-28 17:01:19.678,2646.73583984375
i1,2023-04-28 17:01:19.774,2646.73583984375
i1,2023-04-28 17:01:19.882,2263.8193359375
i1,2023-04-28 17:01:19.990,2263.8193359375
i1,2023-04-28 17:01:20.087,1697.2159423828125
i1,2023-04-28 17:01:20.183,1697.2159423828125
i1,2023-04-28 17:01:20.284,1697.2159423828125
i1,2023-04-28 17:01:20.397,1238.86376953125
i1,2023-04-28 17:01:20.496,854.896484375
i1,2023-04-28 17:01:20.591,854.896484375
i1,2023-04-28 17:01:20.699,740.5674438476562
i1,2023-04-28 17:01:20.799,740.5674438476562
i1,2023-04-28 17:01:20.900,645.930419921875
i1,2023-04-28 17:01:21.005,645.930419921875
i1,2023-04-28 17:01:21.101,603.9227905273438
i1,2023-04-28 17:01:21.195,603.9227905273438
i1,2023-04-28 17:01:21.308,576.5783081054688
i1,2023-04-28 17:01:21.420,576.5783081054688
i1,2023-04-28 17:01:21.513,579.97607421875
i1,2023-04-28 17:01:21.608,579.97607421875
i1,2023-04-28 17:01:21.712,560.6068115234375
i1,2023-04-28 17:01:21.815,560.6068115234375
i1,2023-04-28 17:01:21.916,562.1447143554688
i1,2023-04-28 17:01:22.017,562.1447143554688
i1,2023-04-28 17:01:22.118,790.9100341796875
i1,2023-04-28 17:01:22.223,790.9100341796875
i1,2023-04-28 17:01:22.323,790.9100341796875
i1,2023-04-28 17:01:22.430,915.2344360351562
i1,2023-04-28 17:01:22.528,1016.4415283203125
i1,2023-04-28 17:01:22.631,1016.4415283203125
i1,2023-04-28 17:01:22.736,1086.4490966796875
i1,2023-04-28 17:01:22.834,1086.4490966796875
i1,2023-04-28 17:01:22.936,1126.388671875
i1,2023-04-28 17:01:23.035,1126.388671875
i1,2023-04-28 17:01:23.139,1131.7752685546875
i1,2023-04-28 17:01:23.243,1131.7752685546875
i1,2023-04-28 17:01:23.345,1131.7752685546875
i1,2023-04-28 17:01:23.450,1127.5888671875
i1,2023-04-28 17:01:23.548,1123.697509765625
i1,2023-04-28 17:01:23.653,1123.697509765625
i1,2023-04-28 17:01:23.752,1120.140380859375
i1,2023-04-28 17:01:23.850,1120.140380859375
i1,2023-04-28 17:01:23.952,1122.3497314453125
i1,2023-04-28 17:01:24.055,1122.3497314453125
i1,2023-04-28 17:01:24.161,1177.0252685546875
i1,2023-04-28 17:01:24.260,1177.0252685546875
i1,2023-04-28 17:01:24.360,1242.9901123046875
i1,2023-04-28 17:01:24.465,1242.9901123046875
i1,2023-04-28 17:01:24.567,1319.1041259765625
i1,2023-04-28 17:01:24.667,1319.1041259765625
i1,2023-04-28 17:01:24.774,1393.6285400390625
i1,2023-04-28 17:01:24.874,1393.6285400390625
i1,2023-04-28 17:01:24.975,1470.228759765625
i1,2023-04-28 17:01:25.075,1470.228759765625
i1,2023-04-28 17:01:25.186,1579.703125
i1,2023-04-28 17:01:25.285,1579.703125
i1,2023-04-28 17:01:25.395,1579.703125
i1,2023-04-28 17:01:25.486,1643.635009765625
i1,2023-04-28 17:01:25.590,1710.0740966796875
i1,2023-04-28 17:01:25.689,1710.0740966796875
i1,2023-04-28 17:01:25.798,1752.63623046875
i1,2023-04-28 17:01:25.902,1713.42138671875
i1,2023-04-28 17:01:26.000,1713.42138671875
i1,2023-04-28 17:01:26.108,1651.8326416015625
i1,2023-04-28 17:01:26.196,1651.8326416015625
i1,2023-04-28 17:01:26.309,1588.3134765625
i1,2023-04-28 17:01:26.422,1588.3134765625
i1,2023-04-28 17:01:26.515,1526.8370361328125
i1,2023-04-28 17:01:26.614,1526.8370361328125
i1,2023-04-28 17:01:26.715,1458.2213134765625
i1,2023-04-28 17:01:26.814,1458.2213134765625
i1,2023-04-28 17:01:26.919,1393.3275146484375
i1,2023-04-28 17:01:27.021,1393.3275146484375
i1,2023-04-28 17:01:27.117,1286.3973388671875
i1,2023-04-28 17:01:27.221,1286.3973388671875
i1,2023-04-28 17:01:27.325,1257.1307373046875
i1,2023-04-28 17:01:27.451,1257.1307373046875
i1,2023-04-28 17:01:27.529,1217.281494140625
i1,2023-04-28 17:01:27.622,1217.281494140625
i1,2023-04-28 17:01:27.731,1223.70458984375
i1,2023-04-28 17:01:27.832,1223.70458984375
i1,2023-04-28 17:01:27.932,1214.1241455078125
i1,2023-04-28 17:01:28.035,1214.1241455078125
i1,2023-04-28 17:01:28.140,1221.028564453125
i1,2023-04-28 17:01:28.237,1221.028564453125
i1,2023-04-28 17:01:28.344,1210.96630859375
i1,2023-04-28 17:01:28.450,1210.96630859375
i1,2023-04-28 17:01:28.538,1222.870849609375
i1,2023-04-28 17:01:28.651,1222.870849609375
i1,2023-04-28 17:01:28.752,1212.9986572265625
i1,2023-04-28 17:01:28.852,1212.9986572265625
i1,2023-04-28 17:01:28.957,1226.462158203125
i1,2023-04-28 17:01:29.057,1226.462158203125
i1,2023-04-28 17:01:29.164,1213.4482421875
i1,2023-04-28 17:01:29.264,1213.4482421875
i1,2023-04-28 17:01:29.364,1226.301025390625
i1,2023-04-28 17:01:29.468,1226.301025390625
i1,2023-04-28 17:01:29.567,1212.7650146484375
i1,2023-04-28 17:01:29.670,1212.7650146484375
i1,2023-04-28 17:01:29.770,1227.808349609375
i1,2023-04-28 17:01:29.873,1227.808349609375
i1,2023-04-28 17:01:29.975,1211.40185546875
i1,2023-04-28 17:01:30.078,1211.40185546875
i1,2023-04-28 17:01:30.178,1230.5001220703125
i1,2023-04-28 17:01:30.281,1230.5001220703125
i1,2023-04-28 17:01:30.382,1210.9649658203125
i1,2023-04-28 17:01:30.484,1210.9649658203125
i1,2023-04-28 17:01:30.586,1229.00537109375
i1,2023-04-28 17:01:30.690,1229.00537109375
i1,2023-04-28 17:01:30.789,1209.4354248046875
i1,2023-04-28 17:01:30.884,1209.4354248046875
i1,2023-04-28 17:01:30.985,1219.9857177734375
i1,2023-04-28 17:01:31.091,1219.9857177734375
i1,2023-04-28 17:01:31.197,1210.3272705078125
i1,2023-04-28 17:01:31.288,1210.3272705078125
i1,2023-04-28 17:01:31.390,1226.2152099609375
i1,2023-04-28 17:01:31.502,1226.2152099609375
i1,2023-04-28 17:01:31.603,1218.598876953125
i1,2023-04-28 17:01:31.703,1218.598876953125
i1,2023-04-28 17:01:31.812,1230.2462158203125
i1,2023-04-28 17:01:31.910,1230.2462158203125
i1,2023-04-28 17:01:32.012,1218.1510009765625
i1,2023-04-28 17:01:32.117,1227.5589599609375
i1,2023-04-28 17:01:32.217,1227.5589599609375
i1,2023-04-28 17:01:32.317,1227.5589599609375
i1,2023-04-28 17:01:32.433,1216.423095703125
i1,2023-04-28 17:01:32.528,1220.2445068359375
i1,2023-04-28 17:01:32.622,1220.2445068359375
i1,2023-04-28 17:01:32.731,1143.3323974609375
i1,2023-04-28 17:01:32.829,1143.3323974609375
i1,2023-04-28 17:01:32.930,1078.8177490234375
i1,2023-04-28 17:01:33.032,1078.8177490234375
i1,2023-04-28 17:01:33.139,994.5910034179688
i1,2023-04-28 17:01:33.239,994.5910034179688
i1,2023-04-28 17:01:33.337,922.43408203125
i1,2023-04-28 17:01:33.461,922.43408203125
i1,2023-04-28 17:01:33.542,846.546875
i1,2023-04-28 17:01:33.647,846.546875
i1,2023-04-28 17:01:33.747,764.9144287109375
i1,2023-04-28 17:01:33.853,764.9144287109375
i1,2023-04-28 17:01:33.955,693.6539306640625
i1,2023-04-28 17:01:34.052,693.6539306640625
i1,2023-04-28 17:01:34.152,582.5224609375
i1,2023-04-28 17:01:34.257,582.5224609375
i1,2023-04-28 17:01:34.357,582.5224609375
i1,2023-04-28 17:01:34.461,690.4093627929688
i1,2023-04-28 17:01:34.574,756.1594848632812
i1,2023-04-28 17:01:34.667,756.1594848632812
i1,2023-04-28 17:01:34.765,885.8515014648438
i1,2023-04-28 17:01:34.865,885.8515014648438
i1,2023-04-28 17:01:34.968,1042.4686279296875
i1,2023-04-28 17:01:35.071,1042.4686279296875
i1,2023-04-28 17:01:35.176,1184.2769775390625
i1,2023-04-28 17:01:35.273,1184.2769775390625
i1,2023-04-28 17:01:35.377,1184.2769775390625
i1,2023-04-28 17:01:35.482,1247.016845703125
i1,2023-04-28 17:01:35.582,1323.8416748046875
i1,2023-04-28 17:01:35.683,1323.8416748046875
i1,2023-04-28 17:01:35.784,1383.0775146484375
i1,2023-04-28 17:01:35.889,1383.0775146484375
i1,2023-04-28 17:01:35.991,1445.0054931640625
i1,2023-04-28 17:01:36.093,1445.0054931640625
i1,2023-04-28 17:01:36.200,1421.7705078125
i1,2023-04-28 17:01:36.300,1421.7705078125
i1,2023-04-28 17:01:36.399,1366.563720703125
i1,2023-04-28 17:01:36.505,1366.563720703125
i1,2023-04-28 17:01:36.606,1293.048828125
i1,2023-04-28 17:01:36.703,1293.048828125
i1,2023-04-28 17:01:36.808,1204.1993408203125
i1,2023-04-28 17:01:36.909,1204.1993408203125
i1,2023-04-28 17:01:37.014,1119.4090576171875
i1,2023-04-28 17:01:37.114,1119.4090576171875
i1,2023-04-28 17:01:37.221,1111.5692138671875
i1,2023-04-28 17:01:37.323,1111.5692138671875
i1,2023-04-28 17:01:37.418,1111.5692138671875
i1,2023-04-28 17:01:37.525,1114.38525390625
i1,2023-04-28 17:01:37.630,1119.140869140625
i1,2023-04-28 17:01:37.730,1119.140869140625
i1,2023-04-28 17:01:37.830,1184.1044921875
i1,2023-04-28 17:01:37.940,1280.4268798828125
i1,2023-04-28 17:01:38.035,1280.4268798828125
i1,2023-04-28 17:01:38.134,1280.4268798828125
i1,2023-04-28 17:01:38.235,1393.327880859375
i1,2023-04-28 17:01:38.349,1503.091064453125
i1,2023-04-28 17:01:38.459,1503.091064453125
i1,2023-04-28 17:01:38.544,1638.3914794921875
i1,2023-04-28 17:01:38.643,1638.3914794921875
i1,2023-04-28 17:01:38.749,1746.811279296875
i1,2023-04-28 17:01:38.848,1746.811279296875
i1,2023-04-28 17:01:38.955,1755.7703857421875
i1,2023-04-28 17:01:39.053,1755.7703857421875
i1,2023-04-28 17:01:39.152,1810.396240234375
i1,2023-04-28 17:01:39.256,1810.396240234375
i1,2023-04-28 17:01:39.356,1810.396240234375
i1,2023-04-28 17:01:39.472,1734.118408203125
i1,2023-04-28 17:01:39.568,1713.8458251953125
i1,2023-04-28 17:01:39.662,1713.8458251953125
i1,2023-04-28 17:01:39.763,1628.6043701171875
i1,2023-04-28 17:01:39.869,1628.6043701171875
i1,2023-04-28 17:01:39.972,1524.87158203125
i1,2023-04-28 17:01:40.071,1524.87158203125
i1,2023-04-28 17:01:40.174,1419.7864990234375
i1,2023-04-28 17:01:40.274,1419.7864990234375
i1,2023-04-28 17:01:40.375,1293.052001953125
i1,2023-04-28 17:01:40.489,1293.052001953125
i1,2023-04-28 17:01:40.580,1191.0111083984375
i1,2023-04-28 17:01:40.686,1191.0111083984375
i1,2023-04-28 17:01:40.786,1192.8055419921875
i1,2023-04-28 17:01:40.889,1192.8055419921875
i1,2023-04-28 17:01:40.995,1193.2547607421875
i1,2023-04-28 17:01:41.094,1193.2547607421875
i1,2023-04-28 17:01:41.192,1197.625244140625
i1,2023-04-28 17:01:41.300,1197.625244140625
i1,2023-04-28 17:01:41.390,1198.3385009765625
i1,2023-04-28 17:01:41.490,1198.3385009765625
i1,2023-04-28 17:01:41.605,1204.922119140625
i1,2023-04-28 17:01:41.705,1204.922119140625
i1,2023-04-28 17:01:41.807,1077.922119140625
i1,2023-04-28 17:01:41.910,1077.922119140625
i1,2023-04-28 17:01:42.006,967.07861328125
i1,2023-04-28 17:01:42.110,967.07861328125
i1,2023-04-28 17:01:42.213,846.8104248046875
i1,2023-04-28 17:01:42.311,846.8104248046875
i1,2023-04-28 17:01:42.416,747.7775268554688
i1,2023-04-28 17:01:42.521,747.7775268554688
i1,2023-04-28 17:01:42.622,642.6921997070312
i1,2023-04-28 17:01:42.720,642.6921997070312
i1,2023-04-28 17:01:42.827,591.2760009765625
i1,2023-04-28 17:01:42.926,591.2760009765625
i1,2023-04-28 17:01:43.025,569.1768188476562
i1,2023-04-28 17:01:43.132,569.1768188476562
i1,2023-04-28 17:01:43.237,561.0586547851562
i1,2023-04-28 17:01:43.331,561.0586547851562
i1,2023-04-28 17:01:43.435,546.130126953125
i1,2023-04-28 17:01:43.553,655.451416015625
i1,2023-04-28 17:01:43.638,655.451416015625
i1,2023-04-28 17:01:43.740,655.451416015625
i1,2023-04-28 17:01:43.845,760.7294921875
i1,2023-04-28 17:01:43.947,760.7294921875
i1,2023-04-28 17:01:44.046,867.8051147460938
i1,2023-04-28 17:01:44.149,963.6795043945312
i1,2023-04-28 17:01:44.252,963.6795043945312
i1,2023-04-28 17:01:44.354,963.6795043945312
i1,2023-04-28 17:01:44.472,1284.1678466796875
i1,2023-04-28 17:01:44.561,1263.849609375
i1,2023-04-28 17:01:44.663,1263.849609375
i1,2023-04-28 17:01:44.768,960.5425415039062
i1,2023-04-28 17:01:44.868,960.5425415039062
i1,2023-04-28 17:01:44.968,703.3820190429688
i1,2023-04-28 17:01:45.068,703.3820190429688
i1,2023-04-28 17:01:45.177,635.2838745117188
i1,2023-04-28 17:01:45.276,635.2838745117188
i1,2023-04-28 17:01:45.372,1009.8248291015625
i1,2023-04-28 17:01:45.501,1009.8248291015625
i1,2023-04-28 17:01:45.579,1397.2340087890625
i1,2023-04-28 17:01:45.682,1397.2340087890625
i1,2023-04-28 17:01:45.785,1505.025634765625
i1,2023-04-28 17:01:45.876,1505.025634765625
i1,2023-04-28 17:01:45.976,1500.967529296875
i1,2023-04-28 17:01:46.081,1500.967529296875
i1,2023-04-28 17:01:46.190,1060.136962890625
i1,2023-04-28 17:01:46.288,1060.136962890625
i1,2023-04-28 17:01:46.393,1095.055908203125
i1,2023-04-28 17:01:46.494,1095.055908203125
i1,2023-04-28 17:01:46.610,1398.017333984375
i1,2023-04-28 17:01:46.701,1398.017333984375
i1,2023-04-28 17:01:46.806,1656.3743896484375
i1,2023-04-28 17:01:46.907,1656.3743896484375
i1,2023-04-28 17:01:47.008,1725.4840087890625
i1,2023-04-28 17:01:47.112,1725.4840087890625
i1,2023-04-28 17:01:47.215,1355.257080078125
i1,2023-04-28 17:01:47.314,1355.257080078125
i1,2023-04-28 17:01:47.412,1355.257080078125
i1,2023-04-28 17:01:47.518,983.7769165039062
i1,2023-04-28 17:01:47.618,867.2952880859375
i1,2023-04-28 17:01:47.720,867.2952880859375
i1,2023-04-28 17:01:47.823,867.5137329101562
i1,2023-04-28 17:01:47.927,867.5137329101562
i1,2023-04-28 17:01:48.025,1064.3873291015625
i1,2023-04-28 17:01:48.131,1064.3873291015625
i1,2023-04-28 17:01:48.235,1106.0126953125
i1,2023-04-28 17:01:48.332,1106.0126953125
i1,2023-04-28 17:01:48.431,1116.9007568359375
i1,2023-04-28 17:01:48.534,1116.9007568359375
i1,2023-04-28 17:01:48.639,1117.7962646484375
i1,2023-04-28 17:01:48.740,1117.7962646484375
i1,2023-04-28 17:01:48.845,1121.881103515625
i1,2023-04-28 17:01:48.943,1121.881103515625
i1,2023-04-28 17:01:49.046,1120.48388671875
i1,2023-04-28 17:01:49.146,1120.48388671875
i1,2023-04-28 17:01:49.245,1118.8106689453125
i1,2023-04-28 17:01:49.350,1118.8106689453125
i1,2023-04-28 17:01:49.464,1118.8106689453125
i1,2023-04-28 17:01:49.554,1123.275390625
i1,2023-04-28 17:01:49.658,1126.8670654296875
i1,2023-04-28 17:01:49.756,1126.8670654296875
i1,2023-04-28 17:01:49.861,920.22216796875
i1,2023-04-28 17:01:49.966,761.0657958984375
i1,2023-04-28 17:01:50.063,761.0657958984375
i1,2023-04-28 17:01:50.164,761.0657958984375
i1,2023-04-28 17:01:50.268,401.867919921875
i1,2023-04-28 17:01:50.374,28.10197639465332
i1,2023-04-28 17:01:50.484,28.10197639465332
i1,2023-04-28 17:01:50.581,-436.3688049316406
i1,2023-04-28 17:01:50.675,-436.3688049316406
i1,2023-04-28 17:01:50.780,-1013.550048828125
i1,2023-04-28 17:01:50.879,-1013.550048828125
i1,2023-04-28 17:01:50.987,-1364.2103271484375
i1,2023-04-28 17:01:51.082,-1364.2103271484375
i1,2023-04-28 17:01:51.189,-1495.5115966796875
i1,2023-04-28 17:01:51.280,-1495.5115966796875
i1,2023-04-28 17:01:51.388,-1320.3056640625
i1,2023-04-28 17:01:51.514,-1320.3056640625
i1,2023-04-28 17:01:51.589,-1106.7869873046875
i1,2023-04-28 17:01:51.691,-1106.7869873046875
i1,2023-04-28 17:01:51.797,-846.1195068359375
i1,2023-04-28 17:01:51.896,-846.1195068359375
i1,2023-04-28 17:01:51.995,-467.7022705078125
i1,2023-04-28 17:01:52.098,-467.7022705078125
i1,2023-04-28 17:01:52.199,-111.89608764648438
i1,2023-04-28 17:01:52.301,-111.89608764648438
i1,2023-04-28 17:01:52.406,317.0601806640625
i1,2023-04-28 17:01:52.519,317.0601806640625
i1,2023-04-28 17:01:52.609,818.9881591796875
i1,2023-04-28 17:01:52.710,818.9881591796875
i1,2023-04-28 17:01:52.814,1135.3651123046875
i1,2023-04-28 17:01:52.918,1135.3651123046875
i1,2023-04-28 17:01:53.018,1058.3892822265625
i1,2023-04-28 17:01:53.118,1058.3892822265625
i1,2023-04-28 17:01:53.223,994.0045166015625
i1,2023-04-28 17:01:53.321,994.0045166015625
i1,2023-04-28 17:01:53.425,949.38037109375
i1,2023-04-28 17:01:53.528,949.38037109375
i1,2023-04-28 17:01:53.636,825.71923828125
i1,2023-04-28 17:01:53.732,825.71923828125
i1,2023-04-28 17:01:53.835,751.2244873046875
i1,2023-04-28 17:01:53.933,751.2244873046875
i1,2023-04-28 17:01:54.033,721.1582641601562
i1,2023-04-28 17:01:54.138,721.1582641601562
i1,2023-04-28 17:01:54.238,697.3734130859375
i1,2023-04-28 17:01:54.340,697.3734130859375
i1,2023-04-28 17:01:54.446,697.3734130859375
i1,2023-04-28 17:01:54.547,693.6482543945312
i1,2023-04-28 17:01:54.645,701.32421875
i1,2023-04-28 17:01:54.750,701.32421875
i1,2023-04-28 17:01:54.857,699.8968505859375
i1,2023-04-28 17:01:54.952,699.8968505859375
i1,2023-04-28 17:01:55.058,682.3818359375
i1,2023-04-28 17:01:55.157,682.3818359375
i1,2023-04-28 17:01:55.263,651.7516479492188
i1,2023-04-28 17:01:55.363,651.7516479492188
i1,2023-04-28 17:01:55.465,636.4143676757812
i1,2023-04-28 17:01:55.564,636.4143676757812
i1,2023-04-28 17:01:55.670,625.8775024414062
i1,2023-04-28 17:01:55.770,625.8775024414062
i1,2023-04-28 17:01:55.873,617.828857421875
i1,2023-04-28 17:01:55.981,617.828857421875
i1,2023-04-28 17:01:56.079,622.2927856445312
i1,2023-04-28 17:01:56.171,622.2927856445312
i1,2023-04-28 17:01:56.281,619.358154296875
i1,2023-04-28 17:01:56.380,619.358154296875
i1,2023-04-28 17:01:56.502,620.702880859375
i1,2023-04-28 17:01:56.593,621.0018920898438
i1,2023-04-28 17:01:56.691,621.0018920898438
i1,2023-04-28 17:01:56.796,622.7408447265625
i1,2023-04-28 17:01:56.890,622.7408447265625
i1,2023-04-28 17:01:56.996,624.6279296875
i1,2023-04-28 17:01:57.100,624.6279296875
i1,2023-04-28 17:01:57.203,627.221435546875
i1,2023-04-28 17:01:57.298,627.221435546875
i1,2023-04-28 17:01:57.401,628.2548828125
i1,2023-04-28 17:01:57.528,628.2548828125
i1,2023-04-28 17:01:57.609,629.9066772460938
i1,2023-04-28 17:01:57.708,629.9066772460938
i1,2023-04-28 17:01:57.810,684.1863403320312
i1,2023-04-28 17:01:57.909,684.1863403320312
i1,2023-04-28 17:01:58.016,764.5368041992188
i1,2023-04-28 17:01:58.116,764.5368041992188
i1,2023-04-28 17:01:58.220,852.7096557617188
i1,2023-04-28 17:01:58.322,852.7096557617188
i1,2023-04-28 17:01:58.421,852.7096557617188
i1,2023-04-28 17:01:58.531,946.6947021484375
i1,2023-04-28 17:01:58.644,1002.9801635742188
i1,2023-04-28 17:01:58.726,1002.9801635742188
i1,2023-04-28 17:01:58.832,1082.8607177734375
i1,2023-04-28 17:01:58.930,1082.8607177734375
i1,2023-04-28 17:01:59.035,1136.2630615234375
i1,2023-04-28 17:01:59.135,1136.2630615234375
i1,2023-04-28 17:01:59.240,1132.2237548828125
i1,2023-04-28 17:01:59.340,1132.2237548828125
i1,2023-04-28 17:01:59.441,1132.2237548828125
i1,2023-04-28 17:01:59.545,1101.296875
i1,2023-04-28 17:01:59.647,1076.1290283203125
i1,2023-04-28 17:01:59.751,1076.1290283203125
i1,2023-04-28 17:01:59.849,1000.2711181640625
i1,2023-04-28 17:01:59.952,1000.2711181640625
i1,2023-04-28 17:02:00.054,921.3064575195312
i1,2023-04-28 17:02:00.158,921.3064575195312
i1,2023-04-28 17:02:00.267,800.4924926757812
i1,2023-04-28 17:02:00.367,800.4924926757812
i1,2023-04-28 17:02:00.469,753.1891479492188
i1,2023-04-28 17:02:00.573,753.1891479492188
i1,2023-04-28 17:02:00.674,671.81005859375
i1,2023-04-28 17:02:00.774,671.81005859375
i1,2023-04-28 17:02:00.864,617.8853759765625
i1,2023-04-28 17:02:00.968,617.8853759765625
i1,2023-04-28 17:02:01.075,617.8692626953125
i1,2023-04-28 17:02:01.176,617.8692626953125
i1,2023-04-28 17:02:01.278,617.9140014648438
i1,2023-04-28 17:02:01.389,617.9140014648438
i1,2023-04-28 17:02:01.484,617.9140014648438
i1,2023-04-28 17:02:01.588,618.5859985351562
i1,2023-04-28 17:02:01.681,619.156982421875
i1,2023-04-28 17:02:01.781,619.156982421875
i1,2023-04-28 17:02:01.888,620.9487915039062
i1,2023-04-28 17:02:01.986,620.9487915039062
i1,2023-04-28 17:02:02.094,621.9069213867188
i1,2023-04-28 17:02:02.193,621.9069213867188
i1,2023-04-28 17:02:02.295,626.3240966796875
i1,2023-04-28 17:02:02.405,678.11474609375
i1,2023-04-28 17:02:02.513,678.11474609375
i1,2023-04-28 17:02:02.620,872.2843627929688
i1,2023-04-28 17:02:02.707,872.2843627929688
i1,2023-04-28 17:02:02.808,1194.4066162109375
i1,2023-04-28 17:02:02.907,1194.4066162109375
i1,2023-04-28 17:02:03.008,1194.4066162109375
i1,2023-04-28 17:02:03.116,1734.26611328125
i1,2023-04-28 17:02:03.218,2363.29150390625
i1,2023-04-28 17:02:03.313,2363.29150390625
i1,2023-04-28 17:02:03.422,2722.142578125
i1,2023-04-28 17:02:03.549,2722.142578125
i1,2023-04-28 17:02:03.626,3162.04541015625
i1,2023-04-28 17:02:03.729,3162.04541015625
i1,2023-04-28 17:02:03.828,3558.768310546875
i1,2023-04-28 17:02:03.930,3558.768310546875
i1,2023-04-28 17:02:04.030,3986.492431640625
i1,2023-04-28 17:02:04.131,3986.492431640625
i1,2023-04-28 17:02:04.232,4341.5810546875
i1,2023-04-28 17:02:04.338,4341.5810546875
i1,2023-04-28 17:02:04.436,4594.0068359375
i1,2023-04-28 17:02:04.557,4594.0068359375
i1,2023-04-28 17:02:04.643,4676.9833984375
i1,2023-04-28 17:02:04.747,4676.9833984375
i1,2023-04-28 17:02:04.845,4574.21826171875
i1,2023-04-28 17:02:04.945,4574.21826171875
i1,2023-04-28 17:02:05.046,4462.47900390625
i1,2023-04-28 17:02:05.149,4462.47900390625
i1,2023-04-28 17:02:05.250,4416.703125
i1,2023-04-28 17:02:05.351,4416.703125
i1,2023-04-28 17:02:05.454,4401.87841796875
i1,2023-04-28 17:02:05.558,4401.87841796875
i1,2023-04-28 17:02:05.673,4406.0908203125
i1,2023-04-28 17:02:05.760,4406.0908203125
i1,2023-04-28 17:02:05.865,4395.6103515625
i1,2023-04-28 17:02:05.966,4395.6103515625
i1,2023-04-28 17:02:06.067,4161.81591796875
i1,2023-04-28 17:02:06.169,4161.81591796875
i1,2023-04-28 17:02:06.272,3787.5419921875
i1,2023-04-28 17:02:06.373,3787.5419921875
i1,2023-04-28 17:02:06.473,3272.094970703125
i1,2023-04-28 17:02:06.578,3272.094970703125
i1,2023-04-28 17:02:06.677,2745.763671875
i1,2023-04-28 17:02:06.779,2745.763671875
i1,2023-04-28 17:02:06.896,2245.462646484375
i1,2023-04-28 17:02:06.989,2245.462646484375
i1,2023-04-28 17:02:07.089,1749.474609375
i1,2023-04-28 17:02:07.192,1749.474609375
i1,2023-04-28 17:02:07.293,1215.6787109375
i1,2023-04-28 17:02:07.392,1215.6787109375
i1,2023-04-28 17:02:07.495,636.1807250976562
i1,2023-04-28 17:02:07.597,636.1807250976562
i1,2023-04-28 17:02:07.699,8.958558082580566
i1,2023-04-28 17:02:07.798,8.958558082580566
i1,2023-04-28 17:02:07.907,-355.278564453125
i1,2023-04-28 17:02:08.013,-355.278564453125
i1,2023-04-28 17:02:08.108,-659.032958984375
i1,2023-04-28 17:02:08.206,-659.032958984375
i1,2023-04-28 17:02:08.311,-757.5963745117188
i1,2023-04-28 17:02:08.412,-757.5963745117188
i1,2023-04-28 17:02:08.526,-757.5963745117188
i1,2023-04-28 17:02:08.623,-1116.8997802734375
i1,2023-04-28 17:02:08.723,-1116.8997802734375
i1,2023-04-28 17:02:08.820,-1116.8997802734375
i1,2023-04-28 17:02:08.922,-1333.744384765625
i1,2023-04-28 17:02:09.031,-1574.718505859375
i1,2023-04-28 17:02:09.135,-1574.718505859375
i1,2023-04-28 17:02:09.235,-1418.8680419921875
i1,2023-04-28 17:02:09.336,-1418.8680419921875
i1,2023-04-28 17:02:09.436,-1196.678466796875
i1,2023-04-28 17:02:09.568,-1196.678466796875
i1,2023-04-28 17:02:09.641,-950.736572265625
i1,2023-04-28 17:02:09.742,-950.736572265625
i1,2023-04-28 17:02:09.846,-669.3045043945312
i1,2023-04-28 17:02:09.946,-669.3045043945312
i1,2023-04-28 17:02:10.045,-415.83538818359375
i1,2023-04-28 17:02:10.149,-415.83538818359375
i1,2023-04-28 17:02:10.248,-13.894241333007812
i1,2023-04-28 17:02:10.351,-13.894241333007812
i1,2023-04-28 17:02:10.454,-13.894241333007812
i1,2023-04-28 17:02:10.569,248.73155212402344
i1,2023-04-28 17:02:10.667,556.4622802734375
i1,2023-04-28 17:02:10.761,556.4622802734375
i1,2023-04-28 17:02:10.862,966.1810913085938
i1,2023-04-28 17:02:10.967,966.1810913085938
i1,2023-04-28 17:02:11.068,1077.9228515625
i1,2023-04-28 17:02:11.160,1077.9228515625
i1,2023-04-28 17:02:11.265,1091.833984375
i1,2023-04-28 17:02:11.369,1091.833984375
i1,2023-04-28 17:02:11.470,1091.833984375
i1,2023-04-28 17:02:11.578,1098.953857421875
i1,2023-04-28 17:02:11.674,1104.849365234375
i1,2023-04-28 17:02:11.768,1104.849365234375
i1,2023-04-28 17:02:11.873,817.1931762695312
i1,2023-04-28 17:02:11.978,817.1931762695312
i1,2023-04-28 17:02:12.084,767.8298950195312
i1,2023-04-28 17:02:12.186,767.8298950195312
i1,2023-04-28 17:02:12.285,726.652587890625
i1,2023-04-28 17:02:12.389,726.652587890625
i1,2023-04-28 17:02:12.492,700.8738403320312
i1,2023-04-28 17:02:12.594,700.8738403320312
i1,2023-04-28 17:02:12.689,657.5762329101562
i1,2023-04-28 17:02:12.801,657.5762329101562
i1,2023-04-28 17:02:12.896,607.964599609375
i1,2023-04-28 17:02:12.999,607.964599609375
i1,2023-04-28 17:02:13.100,574.138427734375
i1,2023-04-28 17:02:13.205,574.138427734375
i1,2023-04-28 17:02:13.305,494.13751220703125
i1,2023-04-28 17:02:13.417,494.13751220703125
i1,2023-04-28 17:02:13.508,494.13751220703125
i1,2023-04-28 17:02:13.610,384.8688049316406
i1,2023-04-28 17:02:13.715,658.58251953125
i1,2023-04-28 17:02:13.821,658.58251953125
i1,2023-04-28 17:02:13.921,886.1747436523438
i1,2023-04-28 17:02:14.022,886.1747436523438
i1,2023-04-28 17:02:14.124,1237.4207763671875
i1,2023-04-28 17:02:14.223,1237.4207763671875
i1,2023-04-28 17:02:14.326,1778.17724609375
i1,2023-04-28 17:02:14.426,1778.17724609375
i1,2023-04-28 17:02:14.530,2245.45849609375
i1,2023-04-28 17:02:14.648,2505.307861328125
i1,2023-04-28 17:02:14.732,2505.307861328125
i1,2023-04-28 17:02:14.843,2598.49365234375
i1,2023-04-28 17:02:14.937,2598.49365234375
i1,2023-04-28 17:02:15.040,2598.49365234375
i1,2023-04-28 17:02:15.142,2965.864501953125
i1,2023-04-28 17:02:15.247,3779.24951171875
i1,2023-04-28 17:02:15.344,3779.24951171875
i1,2023-04-28 17:02:15.446,3779.24951171875
i1,2023-04-28 17:02:15.580,4124.3916015625
i1,2023-04-28 17:02:15.656,4357.68408203125
i1,2023-04-28 17:02:15.761,4357.68408203125
i1,2023-04-28 17:02:15.851,4457.13037109375
i1,2023-04-28 17:02:15.946,4457.13037109375
i1,2023-04-28 17:02:16.055,4455.32958984375
i1,2023-04-28 17:02:16.156,4455.32958984375
i1,2023-04-28 17:02:16.257,4458.029296875
i1,2023-04-28 17:02:16.360,4458.029296875
i1,2023-04-28 17:02:16.465,4524.2890625
i1,2023-04-28 17:02:16.597,4524.2890625
i1,2023-04-28 17:02:16.670,4489.16064453125
i1,2023-04-28 17:02:16.767,4489.16064453125
i1,2023-04-28 17:02:16.871,4218.255859375
i1,2023-04-28 17:02:16.975,4218.255859375
i1,2023-04-28 17:02:17.073,3593.483154296875
i1,2023-04-28 17:02:17.179,3593.483154296875
i1,2023-04-28 17:02:17.281,2604.97119140625
i1,2023-04-28 17:02:17.381,2604.97119140625
i1,2023-04-28 17:02:17.481,2008.142333984375
i1,2023-04-28 17:02:17.583,2008.142333984375
i1,2023-04-28 17:02:17.696,1205.8739013671875
i1,2023-04-28 17:02:17.787,1205.8739013671875
i1,2023-04-28 17:02:17.892,378.8491516113281
i1,2023-04-28 17:02:17.992,378.8491516113281
i1,2023-04-28 17:02:18.094,-436.4354553222656
i1,2023-04-28 17:02:18.196,-436.4354553222656
i1,2023-04-28 17:02:18.300,-1117.61279296875
i1,2023-04-28 17:02:18.399,-1117.61279296875
i1,2023-04-28 17:02:18.500,-1117.61279296875
i1,2023-04-28 17:02:18.608,-990.0413208007812
i1,2023-04-28 17:02:18.702,-1204.3875732421875
i1,2023-04-28 17:02:18.808,-1204.3875732421875
i1,2023-04-28 17:02:18.915,-800.6080932617188
i1,2023-04-28 17:02:19.012,-800.6080932617188
i1,2023-04-28 17:02:19.112,-54.8496208190918
i1,2023-04-28 17:02:19.218,-54.8496208190918
i1,2023-04-28 17:02:19.316,820.3172607421875
i1,2023-04-28 17:02:19.420,820.3172607421875
i1,2023-04-28 17:02:19.520,1694.3870849609375
i1,2023-04-28 17:02:19.624,1694.3870849609375
i1,2023-04-28 17:02:19.725,2595.80615234375
i1,2023-04-28 17:02:19.824,2595.80615234375
i1,2023-04-28 17:02:19.928,3532.92041015625
i1,2023-04-28 17:02:20.037,3532.92041015625
i1,2023-04-28 17:02:20.138,4368.16162109375
i1,2023-04-28 17:02:20.234,4368.16162109375
i1,2023-04-28 17:02:20.334,5081.0107421875
i1,2023-04-28 17:02:20.437,5081.0107421875
i1,2023-04-28 17:02:20.539,4793.33251953125
i1,2023-04-28 17:02:20.643,4793.33251953125
i1,2023-04-28 17:02:20.748,4693.34033203125
i1,2023-04-28 17:02:20.844,4693.34033203125
i1,2023-04-28 17:02:20.954,4286.18115234375
i1,2023-04-28 17:02:21.052,4286.18115234375
i1,2023-04-28 17:02:21.154,3455.105712890625
i1,2023-04-28 17:02:21.264,2611.939453125
i1,2023-04-28 17:02:21.361,2611.939453125
i1,2023-04-28 17:02:21.460,2611.939453125
i1,2023-04-28 17:02:21.596,1443.7711181640625
i1,2023-04-28 17:02:21.663,1443.7711181640625
i1,2023-04-28 17:02:21.762,793.51416015625
i1,2023-04-28 17:02:21.869,-53.22145462036133
i1,2023-04-28 17:02:21.966,-53.22145462036133
i1,2023-04-28 17:02:22.073,-853.7008666992188
i1,2023-04-28 17:02:22.168,-853.7008666992188
i1,2023-04-28 17:02:22.276,-1276.8218994140625
i1,2023-04-28 17:02:22.379,-1276.8218994140625
i1,2023-04-28 17:02:22.475,-1276.8218994140625
i1,2023-04-28 17:02:22.598,-1842.22509765625
i1,2023-04-28 17:02:22.684,-2287.79248046875
i1,2023-04-28 17:02:22.783,-2287.79248046875
i1,2023-04-28 17:02:22.882,-2346.5390625
i1,2023-04-28 17:02:22.989,-2346.5390625
i1,2023-04-28 17:02:23.093,-2112.328125
i1,2023-04-28 17:02:23.190,-2112.328125
i1,2023-04-28 17:02:23.294,-1797.236328125
i1,2023-04-28 17:02:23.397,-1797.236328125
i1,2023-04-28 17:02:23.497,-1483.8392333984375
i1,2023-04-28 17:02:23.616,-1483.8392333984375
i1,2023-04-28 17:02:23.702,-1183.8382568359375
i1,2023-04-28 17:02:23.804,-1183.8382568359375
i1,2023-04-28 17:02:23.907,-849.95947265625
i1,2023-04-28 17:02:24.007,-849.95947265625
i1,2023-04-28 17:02:24.111,-567.6868286132812
i1,2023-04-28 17:02:24.214,-567.6868286132812
i1,2023-04-28 17:02:24.314,31.615680694580078
i1,2023-04-28 17:02:24.415,31.615680694580078
i1,2023-04-28 17:02:24.517,212.8769073486328
i1,2023-04-28 17:02:24.621,212.8769073486328
i1,2023-04-28 17:02:24.721,448.914306640625
i1,2023-04-28 17:02:24.824,448.914306640625
i1,2023-04-28 17:02:24.924,516.8604125976562
i1,2023-04-28 17:02:25.026,516.8604125976562
